Instrument,800N10666
Date,2023/05/18
Time,11:34:33
Assay #,0005
Application,GeoExploration
Method,Oxide3phase
Assay Duration (set),60s
Assay Duration (total actual),72.76s
Temperature (Detector),-27.0 C
Temperature (Ambient),34.44 C
Phase Count,3
Phases,"Phase 1(20s): 15.0kV, 20.0uA (No Filter)","Phase 2(20s): 50.0kV, 20.0uA (Cu:75um/Ti:25um/Al:200um)","Phase 3(20s): 30.0kV, 25.0uA (Ti:25um/Al:300um)"
 
 
RESULTS:
Z,Compound,Concentration(%),Error(1SD)
12,MgO,0.6875,0.2219
13,Al2O3,12.7751,0.1513
14,SiO2,38.286,0.1687
15,P,0.0141,0.0053
16,S,0.0,0.007
17,Cl,0.0,0.0027
19,K2O,0.3053,0.005
20,Ca,0.1138,0.0035
22,Ti,1.2028,0.0112
23,V,0.0,0.0049
24,Cr,0.0826,0.0028
25,Mn,0.0587,0.0025
26,Fe,19.4832,0.017
27,Co,0.0805,0.0029
28,Ni,0.0529,0.0014
29,Cu,0.0768,0.0009
30,Zn,0.0039,0.0003
31,Ga,0.0016,0.0003
33,As,0.0024,0.0016
34,Se,0.0001,0.0002
37,Rb,0.0032,0.0002
38,Sr,0.0027,0.0002
39,Y,0.0008,0.0002
40,Zr,0.0189,0.0003
41,Nb,0.0009,0.0001
42,Mo,0.0013,0.0006
46,Pd,0.0,0.0004
48,Cd,0.0,0.0001
50,Sn,0.0,0.0019
51,Sb,0.0,0.0008
56,Ba,0.0274,0.0026
57,La,0.0,0.0074
58,Ce,0.0015,0.0051
72,Hf,0.0,0.002
73,Ta,0.0004,0.0025
74,W,0.0019,0.0009
78,Pt,0.0,0.0006
79,Au,0.0,0.0003
80,Hg,0.0001,0.0004
81,Tl,0.0,0.0005
82,Pb,0.0,0.0012
83,Bi,0.0039,0.0005
90,Th,0.0009,0.0004
92,U,0.0011,0.0003
 
 
SPECTRA:
eV Channel Start,0.07789703458547592,0.16610081493854523,0.14501628279685974
eV per Channel,19.995704650878906,19.995704650878906,19.995704650878906
 
Energy (eV),Counts (Phase 1),Counts (Phase 2),Counts (Phase 3)
0.07789703458547592,0,0,0
20.073601685464382,0,0,0
40.06930633634329,0,0,0
60.065010987222195,0,0,0
80.0607156381011,0,0,0
100.05642028898001,0,0,0
120.05212493985891,0,0,0
140.04782959073782,0,0,0
160.04353424161673,0,0,0
180.03923889249563,0,0,0
200.03494354337454,0,0,0
220.03064819425344,0,0,0
240.02635284513235,0,0,0
260.02205749601126,0,0,0
280.01776214689016,0,0,0
300.01346679776907,2,1,0
320.009171448648,34,39,33
340.0048760995269,371,496,427
360.0005807504058,1830,2313,2057
379.9962854012847,4084,5207,4556
399.9919900521636,4025,5025,4575
419.9876947030425,1760,2292,1988
439.9833993539214,426,496,426
459.9791040048003,45,49,41
479.9748086556792,5,3,4
499.97051330655813,1,0,2
519.966217957437,0,2,1
539.961922608316,0,1,0
559.9576272591949,1,1,0
579.9533319100738,20,213,91
599.9490365609527,17,219,86
619.9447412118316,22,213,105
639.9404458627105,25,206,99
659.9361505135894,17,209,87
679.9318551644683,18,194,102
699.9275598153472,19,212,106
719.9232644662261,26,218,81
739.918969117105,23,215,77
759.9146737679839,32,194,78
779.9103784188628,24,205,100
799.9060830697417,20,202,90
819.9017877206206,22,236,102
839.8974923714995,26,208,80
859.8931970223784,30,202,95
879.8889016732574,35,204,104
899.8846063241363,52,206,96
919.8803109750152,78,193,101
939.8760156258941,84,178,92
959.871720276773,73,205,83
979.8674249276519,75,189,83
999.8631295785308,45,208,77
1019.8588342294097,39,180,97
1039.8545388802886,35,200,82
1059.8502435311675,47,188,70
1079.8459481820464,61,182,78
1099.8416528329253,58,211,80
1119.8373574838042,47,191,89
1139.8330621346831,56,188,77
1159.828766785562,56,182,83
1179.824471436441,44,194,74
1199.8201760873199,87,176,76
1219.8158807381988,54,165,82
1239.8115853890777,57,162,81
1259.8072900399566,55,157,83
1279.8029946908355,46,171,86
1299.7986993417144,29,188,85
1319.7944039925933,34,171,79
1339.7901086434722,46,182,81
1359.785813294351,48,167,65
1379.78151794523,75,202,74
1399.777222596109,150,157,70
1419.7729272469878,448,209,78
1439.7686318978667,990,162,106
1459.7643365487456,1566,201,136
1479.7600411996245,1963,196,163
1499.7557458505034,1603,184,166
1519.7514505013824,1155,213,111
1539.7471551522613,601,173,87
1559.7428598031402,290,171,75
1579.738564454019,164,173,78
1599.734269104898,121,164,71
1619.7299737557769,163,161,76
1639.7256784066558,479,166,78
1659.7213830575347,1515,196,81
1679.7170877084136,4167,173,137
1699.7127923592925,8272,190,225
1719.7084970101714,12435,204,320
1739.7042016610503,13700,202,318
1759.6999063119292,11094,222,282
1779.6956109628081,6794,176,188
1799.691315613687,3269,170,140
1819.687020264566,1509,174,95
1839.6827249154449,895,177,74
1859.6784295663238,549,161,65
1879.6741342172027,321,193,72
1899.6698388680816,181,196,76
1919.6655435189605,113,145,74
1939.6612481698394,97,156,61
1959.6569528207183,83,179,83
1979.6526574715972,97,142,72
1999.648362122476,123,191,51
2019.644066773355,96,172,64
2039.639771424234,107,165,60
2059.635476075113,98,198,57
2079.6311807259917,76,179,70
2099.6268853768706,69,150,67
2119.6225900277495,68,163,63
2139.6182946786284,80,180,54
2159.6139993295074,76,159,69
2179.6097039803863,86,159,56
2199.605408631265,88,157,53
2219.601113282144,90,179,60
2239.596817933023,153,154,62
2259.592522583902,215,153,45
2279.588227234781,281,155,49
2299.5839318856597,351,163,52
2319.5796365365386,335,177,48
2339.5753411874175,296,164,54
2359.5710458382964,274,183,59
2379.5667504891753,215,184,43
2399.562455140054,216,151,60
2419.558159790933,159,155,47
2439.553864441812,154,142,37
2459.549569092691,159,173,64
2479.54527374357,169,155,48
2499.5409783944488,163,137,53
2519.5366830453277,200,139,57
2539.5323876962066,203,124,41
2559.5280923470855,264,137,48
2579.5237969979644,384,148,58
2599.5195016488433,558,173,64
2619.515206299722,1072,194,59
2639.510910950601,1756,146,56
2659.50661560148,2827,165,58
2679.502320252359,3580,164,39
2699.498024903238,3816,159,53
2719.4937295541167,3375,141,42
2739.4894342049956,2659,174,62
2759.4851388558745,1870,172,65
2779.4808435067534,1735,150,66
2799.4765481576324,1887,146,47
2819.4722528085113,2223,150,57
2839.46795745939,2388,150,55
2859.463662110269,2227,139,67
2879.459366761148,2071,143,61
2899.455071412027,1939,135,91
2919.450776062906,2036,176,107
2939.4464807137847,2353,155,137
2959.4421853646636,2305,167,158
2979.4378900155425,2157,151,146
2999.4335946664214,1715,149,102
3019.4292993173003,1178,146,80
3039.425003968179,753,138,54
3059.420708619058,499,139,49
3079.416413269937,367,114,41
3099.412117920816,410,119,47
3119.407822571695,416,113,43
3139.4035272225738,480,134,55
3159.3992318734527,512,111,51
3179.3949365243316,551,124,80
3199.3906411752105,510,145,113
3219.3863458260894,571,193,161
3239.3820504769683,668,215,223
3259.377755127847,1002,247,281
3279.373459778726,1275,326,389
3299.369164429605,1519,308,399
3319.364869080484,1461,280,363
3339.360573731363,1268,221,272
3359.3562783822417,930,195,204
3379.3519830331206,614,173,108
3399.3476876839995,419,117,94
3419.3433923348784,333,160,92
3439.3390969857574,306,187,129
3459.3348016366363,334,196,160
3479.330506287515,384,241,194
3499.326210938394,343,200,185
3519.321915589273,387,220,150
3539.317620240152,369,193,158
3559.313324891031,352,164,144
3579.3090295419097,400,144,137
3599.3047341927886,450,146,117
3619.3004388436675,586,160,114
3639.2961434945464,884,141,160
3659.2918481454253,1055,171,180
3679.287552796304,1306,169,242
3699.283257447183,1293,162,236
3719.278962098062,1096,152,202
3739.274666748941,811,147,158
3759.27037139982,597,121,113
3779.2660760506988,409,117,72
3799.2617807015777,280,127,46
3819.2574853524566,199,106,47
3839.2531900033355,210,104,48
3859.2488946542144,193,111,59
3879.2445993050933,204,99,47
3899.240303955972,213,115,33
3919.236008606851,234,95,58
3939.23171325773,260,116,49
3959.227417908609,310,103,59
3979.223122559488,369,89,58
3999.2188272103667,391,112,74
4019.2145318612456,379,92,61
4039.2102365121245,399,84,63
4059.2059411630034,335,91,54
4079.2016458138824,377,91,54
4099.197350464761,353,104,63
4119.19305511564,314,76,58
4139.188759766519,294,77,57
4159.184464417398,288,110,42
4179.180169068277,309,96,39
4199.175873719156,306,81,52
4219.171578370035,331,97,48
4239.167283020914,307,72,37
4259.1629876717925,301,89,53
4279.158692322671,315,77,45
4299.15439697355,291,89,44
4319.150101624429,397,86,45
4339.145806275308,363,102,48
4359.141510926187,511,103,83
4379.137215577066,696,94,132
4399.132920227945,1252,123,260
4419.128624878824,2369,188,484
4439.124329529703,4052,279,909
4459.120034180582,6336,381,1456
4479.1157388314605,8862,532,2019
4499.111443482339,10307,624,2441
4519.107148133218,10535,577,2389
4539.102852784097,9089,516,2139
4559.098557434976,6857,461,1629
4579.094262085855,4587,358,1279
4599.089966736734,3003,269,981
4619.085671387613,2150,260,944
4639.081376038492,1716,258,855
4659.077080689371,1537,270,770
4679.0727853402495,1357,258,723
4699.068489991128,1118,214,555
4719.064194642007,903,171,400
4739.059899292886,748,114,266
4759.055603943765,694,106,151
4779.051308594644,642,82,95
4799.047013245523,681,73,119
4819.042717896402,815,103,134
4839.038422547281,945,91,185
4859.03412719816,1218,103,229
4879.029831849039,1562,134,348
4899.0255364999175,2078,157,428
4919.021241150796,2312,148,475
4939.016945801675,2472,193,549
4959.012650452554,2278,158,500
4979.008355103433,1929,135,419
4999.004059754312,1487,125,312
5018.999764405191,1054,81,218
5038.99546905607,847,79,139
5058.991173706949,691,80,108
5078.986878357828,660,73,85
5098.982583008707,594,56,72
5118.9782876595855,579,61,72
5138.973992310464,575,49,86
5158.969696961343,601,68,77
5178.965401612222,641,64,79
5198.961106263101,601,78,90
5218.95681091398,657,61,88
5238.952515564859,660,62,138
5258.948220215738,752,81,172
5278.943924866617,758,81,159
5298.939629517496,881,96,207
5318.9353341683745,1016,116,261
5338.931038819253,1228,117,325
5358.926743470132,1605,175,405
5378.922448121011,1835,152,492
5398.91815277189,2082,209,547
5418.913857422769,2145,201,610
5438.909562073648,1996,166,539
5458.905266724527,1707,167,448
5478.900971375406,1379,127,364
5498.896676026285,1072,92,240
5518.892380677164,861,83,159
5538.8880853280425,769,67,122
5558.883789978921,693,48,117
5578.8794946298,674,42,102
5598.875199280679,628,58,69
5618.870903931558,680,50,65
5638.866608582437,634,50,78
5658.862313233316,639,40,91
5678.858017884195,597,37,68
5698.853722535074,618,50,79
5718.849427185953,616,48,75
5738.845131836832,646,57,78
5758.8408364877105,652,48,77
5778.836541138589,641,55,98
5798.832245789468,742,65,143
5818.827950440347,911,80,189
5838.823655091226,971,90,243
5858.819359742105,1151,98,321
5878.815064392984,1242,113,383
5898.810769043863,1333,134,459
5918.806473694742,1342,138,429
5938.802178345621,1250,118,384
5958.7978829964995,1153,94,334
5978.793587647378,1083,102,316
5998.789292298257,980,78,270
6018.784996949136,861,77,229
6038.780701600015,814,83,230
6058.776406250894,905,70,250
6078.772110901773,912,76,293
6098.767815552652,852,84,322
6118.763520203531,1000,92,369
6138.75922485441,1089,113,439
6158.754929505289,1247,156,531
6178.7506341561675,1401,163,676
6198.746338807046,1861,272,967
6218.742043457925,2981,464,1832
6238.737748108804,5881,957,4146
6258.733452759683,12011,2188,9005
6278.729157410562,24601,4803,19642
6298.724862061441,47933,9062,37902
6318.72056671232,82472,16049,65680
6338.716271363199,127451,24667,102147
6358.711976014078,176634,34359,141270
6378.707680664957,215173,41549,172318
6398.7033853158355,232996,45687,185715
6418.699089966714,221676,43491,178873
6438.694794617593,189469,37406,152352
6458.690499268472,142598,28002,115111
6478.686203919351,95731,18881,77482
6498.68190857023,57980,11073,46615
6518.677613221109,31010,6034,24841
6538.673317871988,15324,2887,12129
6558.669022522867,7514,1359,5531
6578.664727173746,3683,616,2581
6598.6604318246245,2116,282,1325
6618.656136475503,1422,180,775
6638.651841126382,1081,152,572
6658.647545777261,989,141,490
6678.64325042814,946,144,460
6698.638955079019,877,126,399
6718.634659729898,960,127,361
6738.630364380777,931,132,393
6758.626069031656,978,131,379
6778.621773682535,973,135,460
6798.617478333414,1077,130,537
6818.6131829842925,1184,161,619
6838.608887635171,1318,218,757
6858.60459228605,1496,261,932
6878.600296936929,1929,377,1302
6898.596001587808,2576,484,1897
6918.591706238687,4020,836,3126
6938.587410889566,6321,1299,5074
6958.583115540445,10168,2217,8487
6978.578820191324,15291,3311,13058
6998.574524842203,21585,4802,18388
7018.570229493082,27366,6155,24004
7038.5659341439605,31698,6991,28036
7058.561638794839,33477,7224,29119
7078.557343445718,31748,6999,28014
7098.553048096597,26359,5991,23471
7118.548752747476,20456,4478,17905
7138.544457398355,13939,3048,12050
7158.540162049234,8540,1964,7567
7178.535866700113,4997,1047,4335
7198.531571350992,2678,512,2160
7218.527276001871,1394,260,1074
7238.5229806527495,788,118,480
7258.518685303628,491,48,214
7278.514389954507,356,26,126
7298.510094605386,288,24,79
7318.505799256265,318,24,73
7338.501503907144,275,31,51
7358.497208558023,339,40,97
7378.492913208902,373,44,171
7398.488617859781,408,60,190
7418.48432251066,493,88,276
7438.480027161539,547,97,357
7458.4757318124175,599,108,401
7478.471436463296,605,113,379
7498.467141114175,594,101,385
7518.462845765054,575,103,307
7538.458550415933,434,69,250
7558.454255066812,397,65,188
7578.449959717691,331,46,131
7598.44566436857,291,24,70
7618.441369019449,294,28,54
7638.437073670328,260,27,41
7658.432778321207,256,21,31
7678.4284829720855,224,21,19
7698.424187622964,252,10,25
7718.419892273843,278,13,24
7738.415596924722,265,18,22
7758.411301575601,268,22,13
7778.40700622648,283,19,23
7798.402710877359,274,17,21
7818.398415528238,265,14,19
7838.394120179117,279,22,25
7858.389824829996,298,29,37
7878.3855294808745,306,32,51
7898.381234131753,343,33,87
7918.376938782632,419,48,154
7938.372643433511,446,64,235
7958.36834808439,536,93,383
7978.364052735269,546,159,524
7998.359757386148,736,157,691
8018.355462037027,795,209,839
8038.351166687906,887,208,947
8058.346871338785,943,247,803
8078.342575989664,814,191,740
8098.3382806405425,888,167,608
8118.333985291421,806,129,469
8138.3296899423,729,89,295
8158.325394593179,726,76,223
8178.321099244058,621,53,143
8198.316803894937,561,46,106
8218.312508545816,510,26,92
8238.308213196695,458,35,79
8258.303917847574,337,31,85
8278.299622498453,386,36,77
8298.295327149332,329,31,67
8318.29103180021,320,36,57
8338.28673645109,282,18,52
8358.282441101968,291,23,39
8378.278145752847,281,25,34
8398.273850403726,264,19,26
8418.269555054605,303,23,26
8438.265259705484,258,12,18
8458.260964356363,291,15,23
8478.256669007242,262,22,27
8498.25237365812,285,15,32
8518.248078309,237,18,38
8538.243782959878,284,23,55
8558.239487610757,293,20,66
8578.235192261636,284,32,72
8598.230896912515,284,34,87
8618.226601563394,288,48,106
8638.222306214273,294,30,99
8658.218010865152,315,42,89
8678.21371551603,272,35,92
8698.20942016691,290,36,82
8718.205124817789,307,32,62
8738.200829468668,301,23,45
8758.196534119546,291,16,43
8778.192238770425,346,30,41
8798.187943421304,329,19,74
8818.183648072183,327,39,75
8838.179352723062,402,31,107
8858.175057373941,367,48,123
8878.17076202482,374,39,153
8898.166466675699,334,62,160
8918.162171326578,342,56,160
8938.157875977457,364,50,159
8958.153580628335,337,44,137
8978.149285279214,374,40,105
8998.144989930093,297,30,79
9018.140694580972,280,21,63
9038.136399231851,321,20,48
9058.13210388273,321,15,42
9078.127808533609,377,14,39
9098.123513184488,390,14,37
9118.119217835367,363,17,29
9138.114922486246,319,15,39
9158.110627137125,363,18,52
9178.106331788003,356,20,62
9198.102036438882,350,17,57
9218.097741089761,314,21,76
9238.09344574064,341,22,64
9258.089150391519,309,27,63
9278.084855042398,359,25,78
9298.080559693277,336,24,64
9318.076264344156,328,18,47
9338.071968995035,306,18,54
9358.067673645914,342,15,47
9378.063378296793,317,24,48
9398.059082947671,280,14,51
9418.05478759855,290,20,42
9438.05049224943,325,12,44
9458.046196900308,282,20,40
9478.041901551187,281,11,38
9498.037606202066,264,12,36
9518.033310852945,249,21,33
9538.029015503824,272,18,50
9558.024720154703,292,15,37
9578.020424805582,266,26,54
9598.01612945646,249,24,68
9618.01183410734,269,26,57
9638.007538758218,272,31,50
9658.003243409097,272,21,49
9677.998948059976,285,24,65
9697.994652710855,277,34,72
9717.990357361734,295,29,63
9737.986062012613,262,34,61
9757.981766663492,294,35,64
9777.97747131437,286,31,58
9797.97317596525,266,23,47
9817.968880616128,275,23,61
9837.964585267007,263,15,51
9857.960289917886,266,15,59
9877.955994568765,260,17,57
9897.951699219644,279,16,52
9917.947403870523,262,13,67
9937.943108521402,278,15,46
9957.93881317228,299,15,76
9977.93451782316,277,11,53
9997.930222474039,252,19,57
10017.925927124918,265,10,58
10037.921631775796,257,11,55
10057.917336426675,270,14,52
10077.913041077554,257,8,66
10097.908745728433,285,3,61
10117.904450379312,269,11,55
10137.900155030191,265,18,79
10157.89585968107,249,15,57
10177.891564331949,250,15,78
10197.887268982828,269,18,69
10217.882973633707,272,13,79
10237.878678284585,216,15,74
10257.874382935464,252,14,80
10277.870087586343,222,20,61
10297.865792237222,235,13,87
10317.861496888101,240,16,71
10337.85720153898,222,18,81
10357.852906189859,256,18,67
10377.848610840738,221,20,75
10397.844315491617,227,13,90
10417.840020142496,234,26,96
10437.835724793375,229,31,99
10457.831429444253,236,19,106
10477.827134095132,259,19,102
10497.822838746011,254,23,112
10517.81854339689,241,33,154
10537.814248047769,227,23,148
10557.809952698648,217,28,116
10577.805657349527,205,31,126
10597.801362000406,233,23,119
10617.797066651285,218,24,116
10637.792771302164,236,15,97
10657.788475953043,231,20,101
10677.784180603921,252,19,90
10697.7798852548,224,8,98
10717.77558990568,241,15,94
10737.771294556558,238,9,110
10757.766999207437,262,18,94
10777.762703858316,247,11,104
10797.758408509195,294,11,106
10817.754113160074,287,11,107
10837.749817810953,326,6,135
10857.745522461832,357,19,140
10877.74122711271,407,22,150
10897.73693176359,458,21,140
10917.732636414468,435,17,147
10937.728341065347,473,21,170
10957.724045716226,434,9,149
10977.719750367105,410,18,125
10997.715455017984,373,12,137
11017.711159668863,315,14,132
11037.706864319742,307,15,145
11057.70256897062,310,17,139
11077.6982736215,231,18,133
11097.693978272378,254,12,130
11117.689682923257,235,12,120
11137.685387574136,220,8,140
11157.681092225015,236,12,129
11177.676796875894,217,12,132
11197.672501526773,206,16,143
11217.668206177652,222,17,132
11237.66391082853,242,16,145
11257.65961547941,228,12,128
11277.655320130289,226,24,126
11297.651024781168,251,18,154
11317.646729432046,235,16,148
11337.642434082925,251,18,155
11357.638138733804,253,24,137
11377.633843384683,264,28,136
11397.629548035562,222,29,143
11417.625252686441,252,24,132
11437.62095733732,220,33,152
11457.616661988199,233,24,167
11477.612366639078,215,25,158
11497.608071289957,233,17,140
11517.603775940835,251,32,142
11537.599480591714,220,25,169
11557.595185242593,237,23,150
11577.590889893472,225,16,170
11597.586594544351,235,25,162
11617.58229919523,242,17,146
11637.578003846109,219,12,187
11657.573708496988,226,15,181
11677.569413147867,213,18,155
11697.565117798746,240,17,153
11717.560822449625,244,15,164
11737.556527100503,215,18,178
11757.552231751382,211,12,213
11777.547936402261,202,18,177
11797.54364105314,229,19,167
11817.539345704019,223,14,181
11837.535050354898,257,21,205
11857.530755005777,225,12,187
11877.526459656656,222,23,212
11897.522164307535,194,23,220
11917.517868958414,217,18,209
11937.513573609293,204,18,185
11957.509278260171,198,12,179
11977.50498291105,215,26,211
11997.50068756193,177,21,163
12017.496392212808,158,15,200
12037.492096863687,201,10,181
12057.487801514566,185,12,179
12077.483506165445,182,10,182
12097.479210816324,172,10,217
12117.474915467203,169,23,167
12137.470620118082,181,5,198
12157.46632476896,181,14,201
12177.46202941984,180,11,190
12197.457734070718,166,16,175
12217.453438721597,150,16,209
12237.449143372476,181,18,211
12257.444848023355,166,14,182
12277.440552674234,189,16,207
12297.436257325113,178,13,180
12317.431961975992,201,7,206
12337.42766662687,179,18,187
12357.42337127775,158,12,201
12377.419075928628,165,8,196
12397.414780579507,182,11,209
12417.410485230386,170,15,206
12437.406189881265,180,13,201
12457.401894532144,193,16,210
12477.397599183023,189,8,235
12497.393303833902,176,15,272
12517.38900848478,181,16,224
12537.38471313566,167,23,216
12557.380417786539,188,22,248
12577.376122437418,194,15,258
12597.371827088296,216,11,280
12617.367531739175,293,23,353
12637.363236390054,360,29,357
12657.358941040933,529,45,452
12677.354645691812,715,33,566
12697.350350342691,1044,50,754
12717.34605499357,1420,57,965
12737.341759644449,1794,89,1152
12757.337464295328,2199,82,1354
12777.333168946207,2587,89,1660
12797.328873597085,2845,90,1734
12817.324578247964,2930,99,1781
12837.320282898843,2786,90,1705
12857.315987549722,2420,96,1631
12877.311692200601,2131,65,1362
12897.30739685148,1699,66,1062
12917.303101502359,1260,63,927
12937.298806153238,976,57,742
12957.294510804117,661,32,577
12977.290215454996,482,22,476
12997.285920105875,359,36,370
13017.281624756753,228,28,315
13037.277329407632,179,22,325
13057.273034058511,182,24,288
13077.26873870939,155,17,261
13097.264443360269,129,28,278
13117.260148011148,134,17,256
13137.255852662027,123,17,253
13157.251557312906,133,20,271
13177.247261963785,136,16,256
13197.242966614664,130,14,289
13217.238671265543,151,25,285
13237.234375916421,133,28,335
13257.2300805673,155,24,329
13277.22578521818,175,36,361
13297.221489869058,219,41,398
13317.217194519937,258,50,426
13337.212899170816,341,62,513
13357.208603821695,382,61,543
13377.204308472574,519,52,645
13397.200013123453,651,70,653
13417.195717774332,722,76,791
13437.19142242521,817,72,763
13457.18712707609,910,66,785
13477.182831726968,885,54,758
13497.178536377847,896,49,774
13517.174241028726,741,41,722
13537.169945679605,650,36,680
13557.165650330484,524,30,572
13577.161354981363,395,40,487
13597.157059632242,305,30,432
13617.15276428312,237,12,405
13637.148468934,179,24,390
13657.144173584878,122,19,344
13677.139878235757,118,12,328
13697.135582886636,81,21,322
13717.131287537515,84,12,302
13737.126992188394,78,12,326
13757.122696839273,57,24,293
13777.118401490152,73,15,300
13797.11410614103,70,13,302
13817.10981079191,59,12,346
13837.105515442789,78,7,316
13857.101220093668,70,17,333
13877.096924744546,63,24,307
13897.092629395425,82,16,317
13917.088334046304,75,21,309
13937.084038697183,81,17,326
13957.079743348062,63,19,349
13977.075447998941,55,24,334
13997.07115264982,73,19,386
14017.066857300699,83,31,375
14037.062561951578,81,23,393
14057.058266602457,89,37,413
14077.053971253335,100,37,419
14097.049675904214,100,66,411
14117.045380555093,111,61,450
14137.041085205972,85,56,456
14157.036789856851,98,56,476
14177.03249450773,84,53,431
14197.028199158609,83,58,449
14217.023903809488,61,43,420
14237.019608460367,70,44,406
14257.015313111246,44,32,373
14277.011017762125,46,25,379
14297.006722413003,45,27,364
14317.002427063882,39,17,370
14336.998131714761,36,16,333
14356.99383636564,37,24,340
14376.989541016519,38,25,363
14396.985245667398,35,20,379
14416.980950318277,37,14,347
14436.976654969156,60,17,337
14456.972359620035,41,21,355
14476.968064270914,38,15,342
14496.963768921793,41,20,372
14516.959473572671,38,15,352
14536.95517822355,35,20,357
14556.95088287443,19,28,385
14576.946587525308,29,19,357
14596.942292176187,27,19,367
14616.937996827066,16,14,359
14636.933701477945,23,11,392
14656.929406128824,24,19,386
14676.925110779703,20,16,386
14696.920815430582,21,20,402
14716.91652008146,16,29,375
14736.91222473234,14,15,380
14756.907929383218,15,14,362
14776.903634034097,10,25,389
14796.899338684976,14,18,392
14816.895043335855,11,29,403
14836.890747986734,15,24,444
14856.886452637613,10,44,412
14876.882157288492,14,32,372
14896.87786193937,10,44,422
14916.87356659025,13,52,413
14936.869271241128,10,41,420
14956.864975892007,10,48,413
14976.860680542886,15,52,432
14996.856385193765,11,32,410
15016.852089844644,13,44,403
15036.847794495523,15,35,412
15056.843499146402,10,19,417
15076.83920379728,16,34,404
15096.83490844816,17,22,382
15116.830613099039,8,19,421
15136.826317749918,12,16,434
15156.822022400796,10,24,424
15176.817727051675,12,22,428
15196.813431702554,13,17,423
15216.809136353433,11,21,384
15236.804841004312,17,27,385
15256.800545655191,16,24,443
15276.79625030607,20,16,373
15296.791954956949,12,26,395
15316.787659607828,12,19,424
15336.783364258707,8,21,399
15356.779068909585,14,17,398
15376.774773560464,12,25,435
15396.770478211343,9,34,413
15416.766182862222,14,23,449
15436.761887513101,14,24,379
15456.75759216398,11,21,410
15476.753296814859,10,26,452
15496.749001465738,9,31,437
15516.744706116617,16,49,415
15536.740410767496,9,61,455
15556.736115418375,8,81,504
15576.731820069253,10,94,534
15596.727524720132,5,118,523
15616.723229371011,13,169,617
15636.71893402189,15,220,651
15656.714638672769,13,223,714
15676.710343323648,11,287,789
15696.706047974527,11,355,851
15716.701752625406,8,350,890
15736.697457276285,12,393,914
15756.693161927164,11,380,957
15776.688866578043,11,395,979
15796.684571228921,8,385,898
15816.6802758798,5,304,834
15836.67598053068,15,270,785
15856.671685181558,10,252,693
15876.667389832437,12,177,651
15896.663094483316,10,160,597
15916.658799134195,10,90,578
15936.654503785074,14,86,503
15956.650208435953,12,75,504
15976.645913086832,8,47,488
15996.64161773771,7,43,464
16016.63732238859,9,33,446
16036.633027039468,10,35,435
16056.628731690347,12,29,471
16076.624436341226,10,30,455
16096.620140992105,13,30,424
16116.615845642984,8,36,424
16136.611550293863,8,28,431
16156.607254944742,7,39,427
16176.60295959562,8,42,487
16196.5986642465,6,29,438
16216.594368897378,12,37,420
16236.590073548257,11,31,436
16256.585778199136,10,29,429
16276.581482850015,3,40,402
16296.577187500894,8,35,495
16316.572892151773,6,40,435
16336.568596802652,10,38,420
16356.56430145353,7,38,439
16376.56000610441,9,44,427
16396.55571075529,10,44,470
16416.551415406168,7,43,420
16436.547120057046,12,41,485
16456.542824707925,13,47,496
16476.538529358804,8,54,446
16496.534234009683,9,53,510
16516.529938660562,10,74,442
16536.52564331144,9,64,458
16556.52134796232,13,67,493
16576.5170526132,10,66,480
16596.512757264078,8,52,469
16616.508461914957,9,76,507
16636.504166565835,11,75,496
16656.499871216714,7,48,499
16676.495575867593,8,54,490
16696.491280518472,5,65,454
16716.48698516935,4,61,473
16736.48268982023,8,48,478
16756.47839447111,2,51,489
16776.474099121988,5,50,440
16796.469803772867,11,40,457
16816.465508423746,13,42,447
16836.461213074625,16,44,447
16856.456917725503,6,50,463
16876.452622376382,8,45,502
16896.44832702726,7,37,461
16916.44403167814,5,45,466
16936.43973632902,6,45,474
16956.435440979898,8,41,466
16976.431145630777,8,43,446
16996.426850281656,6,49,493
17016.422554932535,8,55,510
17036.418259583414,8,57,489
17056.413964234293,13,55,474
17076.40966888517,13,48,488
17096.40537353605,8,54,451
17116.40107818693,5,47,501
17136.396782837808,9,60,463
17156.392487488687,8,60,499
17176.388192139566,6,67,497
17196.383896790445,7,55,462
17216.379601441324,5,72,475
17236.375306092203,8,94,465
17256.37101074308,4,92,469
17276.36671539396,9,122,481
17296.36242004484,11,140,523
17316.35812469572,14,190,478
17336.353829346597,5,219,481
17356.349533997476,12,237,511
17376.345238648355,11,284,514
17396.340943299234,8,335,551
17416.336647950113,12,326,527
17436.33235260099,11,348,541
17456.32805725187,11,355,536
17476.32376190275,7,335,531
17496.31946655363,7,350,537
17516.315171204507,14,328,536
17536.310875855386,9,275,543
17556.306580506265,8,266,555
17576.302285157144,11,252,561
17596.297989808023,7,247,629
17616.293694458902,13,179,586
17636.28939910978,2,181,551
17656.28510376066,4,155,608
17676.28080841154,7,155,564
17696.276513062418,8,140,562
17716.272217713296,6,130,608
17736.267922364175,13,124,537
17756.263627015054,4,123,561
17776.259331665933,5,82,540
17796.255036316812,4,103,488
17816.25074096769,8,71,548
17836.24644561857,6,94,500
17856.24215026945,10,83,531
17876.237854920328,8,67,523
17896.233559571207,7,76,524
17916.229264222085,11,91,514
17936.224968872964,7,78,506
17956.220673523843,10,72,487
17976.216378174722,10,73,518
17996.2120828256,5,67,539
18016.20778747648,8,83,509
18036.20349212736,5,88,516
18056.199196778238,6,73,516
18076.194901429117,11,84,501
18096.190606079996,9,84,519
18116.186310730875,3,74,513
18136.182015381753,10,83,539
18156.177720032632,5,83,471
18176.17342468351,6,68,557
18196.16912933439,7,88,574
18216.16483398527,6,97,511
18236.160538636148,6,96,562
18256.156243287027,2,92,530
18276.151947937906,5,102,547
18296.147652588785,5,86,545
18316.143357239664,3,98,557
18336.139061890543,8,105,536
18356.13476654142,8,99,500
18376.1304711923,3,85,553
18396.12617584318,3,113,507
18416.121880494058,7,83,541
18436.117585144937,5,98,549
18456.113289795816,6,104,559
18476.108994446695,3,112,567
18496.104699097574,9,110,579
18516.100403748453,8,134,556
18536.09610839933,4,134,569
18556.09181305021,2,135,611
18576.08751770109,9,130,567
18596.08322235197,5,165,635
18616.078927002847,9,163,617
18636.074631653726,11,151,700
18656.070336304605,6,171,623
18676.066040955484,6,195,655
18696.061745606363,4,161,653
18716.05745025724,5,189,722
18736.05315490812,4,163,701
18756.048859559,4,185,691
18776.04456420988,4,236,727
18796.040268860757,3,205,752
18816.035973511636,2,227,781
18836.031678162515,7,235,702
18856.027382813394,5,234,828
18876.023087464273,3,241,810
18896.018792115152,5,230,835
18916.01449676603,3,269,790
18936.01020141691,4,275,866
18956.00590606779,2,267,909
18976.001610718668,6,293,857
18995.997315369546,4,294,867
19015.993020020425,5,268,839
19035.988724671304,8,293,840
19055.984429322183,9,267,855
19075.980133973062,10,309,908
19095.97583862394,13,352,865
19115.97154327482,24,302,891
19135.9672479257,19,313,942
19155.962952576578,27,293,937
19175.958657227457,20,299,918
19195.954361878335,19,269,912
19215.950066529214,18,319,894
19235.945771180093,19,280,897
19255.941475830972,25,302,840
19275.93718048185,18,272,894
19295.93288513273,23,312,795
19315.92858978361,16,252,778
19335.924294434488,18,245,822
19355.919999085367,11,250,774
19375.915703736246,5,245,747
19395.911408387125,8,231,721
19415.907113038003,9,227,752
19435.902817688882,4,225,713
19455.89852233976,2,243,719
19475.89422699064,8,223,664
19495.88993164152,6,233,656
19515.885636292398,5,237,670
19535.881340943277,3,209,646
19555.877045594156,3,236,698
19575.872750245035,3,241,621
19595.868454895914,6,252,579
19615.864159546793,5,231,616
19635.85986419767,4,216,604
19655.85556884855,4,215,617
19675.85127349943,2,205,599
19695.846978150308,7,217,587
19715.842682801187,4,217,594
19735.838387452066,10,193,590
19755.834092102945,5,186,580
19775.829796753824,9,178,584
19795.825501404703,8,167,530
19815.82120605558,13,165,564
19835.81691070646,9,186,588
19855.81261535734,13,179,568
19875.80832000822,15,198,611
19895.804024659097,12,175,561
19915.799729309976,5,179,603
19935.795433960855,7,209,661
19955.791138611734,10,215,686
19975.786843262613,6,246,705
19995.78254791349,3,253,803
20015.77825256437,4,314,836
20035.77395721525,6,346,888
20055.76966186613,3,360,931
20075.765366517007,3,348,941
20095.761071167886,2,360,970
20115.756775818765,3,455,1094
20135.752480469644,2,425,1106
20155.748185120523,2,456,1161
20175.743889771402,4,466,1091
20195.73959442228,4,462,1152
20215.73529907316,1,455,1089
20235.73100372404,1,452,1097
20255.726708374918,2,423,1028
20275.722413025796,3,386,958
20295.718117676675,2,368,903
20315.713822327554,3,319,773
20335.709526978433,1,327,720
20355.705231629312,2,276,650
20375.70093628019,2,247,584
20395.69664093107,2,222,554
20415.69234558195,1,201,562
20435.688050232828,7,208,520
20455.683754883707,4,182,473
20475.679459534585,3,183,481
20495.675164185464,2,172,473
20515.670868836343,6,176,501
20535.666573487222,2,167,474
20555.6622781381,1,165,458
20575.65798278898,3,200,445
20595.65368743986,2,173,473
20615.649392090738,5,203,458
20635.645096741617,0,207,454
20655.640801392496,2,198,448
20675.636506043375,4,212,444
20695.632210694253,2,201,458
20715.627915345132,1,218,439
20735.62361999601,1,217,486
20755.61932464689,0,207,487
20775.61502929777,0,230,429
20795.610733948648,2,236,467
20815.606438599527,1,229,477
20835.602143250406,2,233,524
20855.597847901285,0,213,482
20875.593552552164,1,225,482
20895.589257203043,1,213,460
20915.58496185392,2,253,473
20935.5806665048,1,215,508
20955.57637115568,0,248,507
20975.572075806558,0,255,547
20995.567780457437,1,216,500
21015.563485108316,0,225,496
21035.559189759195,2,247,505
21055.554894410074,0,263,504
21075.550599060953,1,239,494
21095.54630371183,0,247,498
21115.54200836271,0,251,540
21135.53771301359,0,243,508
21155.53341766447,0,232,479
21175.529122315347,0,244,526
21195.524826966226,0,251,452
21215.520531617105,0,229,526
21235.516236267984,0,251,441
21255.511940918863,1,240,504
21275.50764556974,0,240,506
21295.50335022062,0,257,498
21315.4990548715,1,227,484
21335.49475952238,0,210,515
21355.490464173257,0,267,526
21375.486168824136,1,255,492
21395.481873475015,0,248,520
21415.477578125894,0,234,497
21435.473282776773,1,256,514
21455.468987427652,1,264,520
21475.46469207853,0,260,493
21495.46039672941,0,252,504
21515.45610138029,0,240,520
21535.451806031168,1,252,490
21555.447510682046,1,244,495
21575.443215332925,1,225,462
21595.438919983804,0,218,479
21615.434624634683,0,212,489
21635.430329285562,0,265,488
21655.42603393644,0,239,467
21675.42173858732,2,228,475
21695.4174432382,1,251,457
21715.413147889078,0,230,436
21735.408852539957,1,245,443
21755.404557190835,0,232,472
21775.400261841714,0,215,486
21795.395966492593,0,247,466
21815.391671143472,0,221,414
21835.38737579435,0,222,445
21855.38308044523,1,220,487
21875.37878509611,0,231,426
21895.374489746988,1,243,424
21915.370194397867,0,260,444
21935.365899048746,1,236,425
21955.361603699625,2,224,421
21975.357308350503,1,257,454
21995.353013001382,0,249,424
22015.34871765226,0,270,467
22035.34442230314,0,251,384
22055.34012695402,1,279,430
22075.335831604898,0,260,440
22095.331536255777,0,290,447
22115.327240906656,0,293,454
22135.322945557535,1,250,439
22155.318650208414,0,301,417
22175.314354859293,0,297,403
22195.31005951017,0,284,398
22215.30576416105,1,276,420
22235.30146881193,0,242,419
22255.297173462808,0,218,419
22275.292878113687,0,222,413
22295.288582764566,0,244,437
22315.284287415445,1,219,430
22335.279992066324,0,198,348
22355.275696717203,0,202,411
22375.27140136808,0,222,419
22395.26710601896,0,192,378
22415.26281066984,0,217,388
22435.25851532072,0,200,415
22455.254219971597,0,203,372
22475.249924622476,1,198,372
22495.245629273355,0,189,401
22515.241333924234,0,208,430
22535.237038575113,0,240,410
22555.23274322599,0,220,440
22575.22844787687,0,237,444
22595.22415252775,0,240,439
22615.21985717863,0,261,436
22635.215561829507,1,292,394
22655.211266480386,0,261,504
22675.206971131265,1,336,439
22695.202675782144,0,298,513
22715.198380433023,0,295,500
22735.194085083902,0,286,475
22755.18978973478,0,321,471
22775.18549438566,0,288,455
22795.18119903654,0,272,439
22815.176903687418,0,264,401
22835.172608338296,0,258,389
22855.168312989175,0,252,393
22875.164017640054,0,220,404
22895.159722290933,0,251,404
22915.155426941812,1,226,371
22935.15113159269,0,218,380
22955.14683624357,0,211,323
22975.14254089445,0,213,425
22995.138245545328,0,238,342
23015.133950196207,0,222,339
23035.129654847085,0,202,394
23055.125359497964,0,229,358
23075.121064148843,2,201,366
23095.116768799722,0,224,360
23115.1124734506,0,220,357
23135.10817810148,0,238,342
23155.10388275236,0,233,344
23175.099587403238,0,243,314
23195.095292054117,0,206,350
23215.090996704996,0,236,376
23235.086701355875,2,257,333
23255.082406006753,0,241,355
23275.078110657632,0,241,310
23295.07381530851,0,241,353
23315.06951995939,1,216,310
23335.06522461027,0,220,348
23355.060929261148,0,221,311
23375.056633912027,0,191,346
23395.052338562906,1,218,346
23415.048043213785,0,208,346
23435.043747864664,1,210,305
23455.039452515543,0,215,277
23475.03515716642,0,208,280
23495.0308618173,0,218,323
23515.02656646818,0,204,320
23535.022271119058,0,224,289
23555.017975769937,0,206,305
23575.013680420816,0,228,310
23595.009385071695,0,190,318
23615.005089722574,0,237,332
23635.000794373453,0,210,312
23654.99649902433,0,241,281
23674.99220367521,1,216,308
23694.98790832609,0,225,300
23714.98361297697,0,228,295
23734.979317627847,0,215,317
23754.975022278726,1,232,328
23774.970726929605,0,248,297
23794.966431580484,0,275,299
23814.962136231363,1,273,309
23834.95784088224,0,316,286
23854.95354553312,0,358,289
23874.949250184,0,348,298
23894.94495483488,0,417,302
23914.940659485757,0,441,305
23934.936364136636,0,489,296
23954.932068787515,1,519,306
23974.927773438394,0,534,284
23994.923478089273,0,567,296
24014.919182740152,1,654,287
24034.91488739103,0,676,278
24054.91059204191,0,697,266
24074.90629669279,0,695,283
24094.902001343668,0,694,313
24114.897705994546,0,729,299
24134.893410645425,0,808,258
24154.889115296304,0,781,281
24174.884819947183,0,789,295
24194.880524598062,0,844,276
24214.87622924894,0,815,304
24234.87193389982,0,772,289
24254.8676385507,0,710,274
24274.863343201578,1,681,243
24294.859047852457,0,669,284
24314.854752503335,0,599,264
24334.850457154214,0,528,269
24354.846161805093,0,469,241
24374.841866455972,0,393,263
24394.83757110685,0,327,255
24414.83327575773,0,311,252
24434.82898040861,0,312,268
24454.824685059488,0,257,266
24474.820389710367,0,242,282
24494.816094361246,0,222,238
24514.811799012125,0,253,246
24534.807503663003,0,255,260
24554.803208313882,0,232,269
24574.79891296476,0,230,222
24594.79461761564,0,271,266
24614.79032226652,1,228,280
24634.786026917398,0,212,242
24654.781731568277,0,229,221
24674.777436219156,1,231,252
24694.773140870035,0,264,239
24714.768845520914,0,232,262
24734.764550171793,0,279,272
24754.76025482267,1,214,214
24774.75595947355,0,252,223
24794.75166412443,0,241,249
24814.747368775308,0,235,251
24834.743073426187,0,236,221
24854.738778077066,1,272,257
24874.734482727945,0,284,243
24894.730187378824,0,273,203
24914.725892029703,0,277,249
24934.72159668058,0,261,233
24954.71730133146,0,310,232
24974.71300598234,0,302,231
24994.70871063322,0,311,230
25014.704415284097,0,305,216
25034.700119934976,0,337,236
25054.695824585855,0,287,204
25074.691529236734,0,308,236
25094.687233887613,0,332,209
25114.68293853849,0,297,208
25134.67864318937,0,309,208
25154.67434784025,0,288,232
25174.67005249113,0,353,223
25194.665757142007,0,325,206
25214.661461792886,0,338,200
25234.657166443765,0,307,191
25254.652871094644,0,338,211
25274.648575745523,0,343,215
25294.644280396402,0,332,201
25314.63998504728,0,326,205
25334.63568969816,0,313,212
25354.63139434904,0,324,222
25374.627098999918,0,292,207
25394.622803650796,0,295,235
25414.618508301675,0,276,184
25434.614212952554,0,299,180
25454.609917603433,0,248,188
25474.605622254312,0,291,227
25494.60132690519,0,255,196
25514.59703155607,0,225,177
25534.59273620695,0,227,213
25554.588440857828,0,256,207
25574.584145508707,1,263,193
25594.579850159585,0,245,201
25614.575554810464,0,235,188
25634.571259461343,0,252,189
25654.566964112222,0,232,170
25674.5626687631,1,250,161
25694.55837341398,0,249,194
25714.55407806486,0,241,148
25734.549782715738,0,229,157
25754.545487366617,0,243,179
25774.541192017496,1,240,161
25794.536896668375,1,245,173
25814.532601319253,0,289,163
25834.528305970132,0,237,165
25854.52401062101,0,257,150
25874.51971527189,0,248,151
25894.51541992277,0,247,174
25914.511124573648,0,246,163
25934.506829224527,0,236,153
25954.502533875406,0,258,145
25974.498238526285,0,270,154
25994.493943177164,0,213,157
26014.489647828043,0,292,162
26034.48535247892,0,232,144
26054.4810571298,0,261,141
26074.47676178068,0,269,129
26094.472466431558,0,287,159
26114.468171082437,0,244,145
26134.463875733316,0,276,152
26154.459580384195,0,261,123
26174.455285035074,0,251,150
26194.450989685953,0,249,132
26214.44669433683,0,269,125
26234.44239898771,0,263,132
26254.43810363859,3,277,150
26274.43380828947,0,258,132
26294.429512940347,1,248,129
26314.425217591226,0,271,136
26334.420922242105,0,269,119
26354.416626892984,0,276,125
26374.412331543863,0,261,108
26394.40803619474,0,255,110
26414.40374084562,0,260,115
26434.3994454965,0,265,127
26454.39515014738,0,269,132
26474.390854798257,0,230,132
26494.386559449136,0,267,125
26514.382264100015,0,246,124
26534.377968750894,0,245,118
26554.373673401773,0,249,121
26574.369378052652,0,265,116
26594.36508270353,0,287,110
26614.36078735441,0,259,100
26634.35649200529,0,248,120
26654.352196656168,0,237,109
26674.347901307046,0,245,120
26694.343605957925,0,286,107
26714.339310608804,0,287,95
26734.335015259683,0,250,101
26754.330719910562,0,270,105
26774.32642456144,0,284,111
26794.32212921232,0,257,90
26814.3178338632,0,255,104
26834.313538514078,0,247,100
26854.309243164957,0,257,86
26874.304947815835,0,255,109
26894.300652466714,0,264,103
26914.296357117593,0,249,91
26934.292061768472,0,267,83
26954.28776641935,0,263,84
26974.28347107023,0,287,89
26994.27917572111,0,259,77
27014.274880371988,0,281,82
27034.270585022867,0,287,79
27054.266289673746,0,268,84
27074.261994324625,0,276,74
27094.257698975503,0,292,72
27114.253403626382,0,304,88
27134.24910827726,0,328,72
27154.24481292814,0,330,74
27174.24051757902,0,344,89
27194.236222229898,0,395,67
27214.231926880777,0,361,61
27234.227631531656,0,384,76
27254.223336182535,0,392,76
27274.219040833414,0,397,65
27294.214745484293,0,396,77
27314.21045013517,0,393,70
27334.20615478605,0,373,77
27354.20185943693,0,386,54
27374.197564087808,0,365,78
27394.193268738687,0,337,55
27414.188973389566,0,321,62
27434.184678040445,0,336,50
27454.180382691324,0,319,67
27474.176087342203,0,323,55
27494.17179199308,0,305,53
27514.16749664396,0,283,47
27534.16320129484,1,265,51
27554.15890594572,0,272,59
27574.154610596597,0,266,36
27594.150315247476,0,289,65
27614.146019898355,0,281,58
27634.141724549234,0,301,45
27654.137429200113,0,249,54
27674.13313385099,0,281,52
27694.12883850187,0,273,53
27714.12454315275,0,265,50
27734.12024780363,0,263,35
27754.115952454507,0,248,38
27774.111657105386,0,301,51
27794.107361756265,0,260,45
27814.103066407144,0,281,46
27834.098771058023,0,271,38
27854.094475708902,0,304,54
27874.09018035978,0,291,33
27894.08588501066,0,292,47
27914.08158966154,0,305,33
27934.077294312418,0,274,43
27954.072998963296,0,294,44
27974.068703614175,0,272,38
27994.064408265054,0,247,38
28014.060112915933,0,266,32
28034.055817566812,0,232,39
28054.05152221769,0,242,39
28074.04722686857,0,261,30
28094.04293151945,0,249,44
28114.038636170328,0,228,43
28134.034340821207,0,257,27
28154.030045472085,0,226,42
28174.025750122964,0,251,37
28194.021454773843,0,263,33
28214.017159424722,0,239,31
28234.0128640756,0,260,21
28254.00856872648,0,228,42
28274.00427337736,0,260,24
28293.999978028238,0,230,35
28313.995682679117,0,250,36
28333.991387329996,0,250,30
28353.987091980875,0,247,36
28373.982796631753,1,273,35
28393.978501282632,0,246,31
28413.97420593351,0,261,15
28433.96991058439,1,265,32
28453.96561523527,0,269,25
28473.961319886148,0,260,25
28493.957024537027,0,244,26
28513.952729187906,0,274,22
28533.948433838785,0,245,26
28553.944138489664,0,273,29
28573.939843140543,0,239,25
28593.93554779142,1,276,29
28613.9312524423,0,264,21
28633.92695709318,0,241,12
28653.922661744058,0,262,23
28673.918366394937,0,239,23
28693.914071045816,0,249,18
28713.909775696695,0,255,20
28733.905480347574,0,255,22
28753.901184998453,0,251,17
28773.89688964933,0,217,25
28793.89259430021,0,231,27
28813.88829895109,0,246,14
28833.88400360197,0,251,16
28853.879708252847,0,222,20
28873.875412903726,0,270,17
28893.871117554605,0,245,24
28913.866822205484,0,253,16
28933.862526856363,0,226,21
28953.85823150724,0,230,17
28973.85393615812,0,238,18
28993.849640809,0,231,19
29013.84534545988,0,228,19
29033.841050110757,0,273,17
29053.836754761636,0,237,17
29073.832459412515,0,236,20
29093.828164063394,0,259,12
29113.823868714273,0,248,20
29133.819573365152,0,211,13
29153.81527801603,0,297,19
29173.81098266691,0,218,12
29193.80668731779,0,255,12
29213.802391968668,0,252,17
29233.798096619546,0,238,13
29253.793801270425,0,243,11
29273.789505921304,0,267,4
29293.785210572183,0,244,11
29313.780915223062,0,225,12
29333.77661987394,0,223,12
29353.77232452482,0,244,11
29373.7680291757,0,270,16
29393.763733826578,0,264,15
29413.759438477457,0,238,18
29433.755143128335,0,245,4
29453.750847779214,0,226,9
29473.746552430093,0,261,9
29493.742257080972,0,240,15
29513.73796173185,0,296,7
29533.73366638273,0,261,8
29553.72937103361,0,233,15
29573.725075684488,0,269,11
29593.720780335367,0,234,8
29613.716484986246,0,266,7
29633.712189637125,0,242,9
29653.707894288003,0,239,10
29673.703598938882,0,283,9
29693.69930358976,0,266,7
29713.69500824064,0,247,14
29733.69071289152,0,248,3
29753.686417542398,0,264,11
29773.682122193277,0,243,4
29793.677826844156,0,261,5
29813.673531495035,0,262,7
29833.669236145914,0,260,10
29853.664940796793,0,254,10
29873.66064544767,0,294,9
29893.65635009855,0,247,9
29913.65205474943,0,249,14
29933.647759400308,0,229,8
29953.643464051187,0,263,10
29973.639168702066,0,237,5
29993.634873352945,0,276,8
30013.630578003824,0,234,7
30033.626282654703,0,238,12
30053.62198730558,0,262,8
30073.61769195646,0,239,4
30093.61339660734,0,241,6
30113.60910125822,0,234,7
30133.604805909097,0,196,11
30153.600510559976,0,247,8
30173.596215210855,0,240,9
30193.591919861734,0,214,8
30213.587624512613,0,242,10
30233.58332916349,0,223,1
30253.57903381437,0,257,7
30273.57473846525,0,267,4
30293.57044311613,0,281,4
30313.566147767007,0,250,6
30333.561852417886,0,259,7
30353.557557068765,0,228,7
30373.553261719644,0,245,5
30393.548966370523,0,255,5
30413.544671021402,0,253,5
30433.54037567228,0,226,7
30453.53608032316,0,236,6
30473.53178497404,0,231,6
30493.527489624918,0,215,8
30513.523194275796,0,241,10
30533.518898926675,0,223,4
30553.514603577554,0,219,7
30573.510308228433,0,227,10
30593.506012879312,0,288,6
30613.50171753019,0,248,11
30633.49742218107,0,244,5
30653.49312683195,0,253,8
30673.488831482828,0,248,16
30693.484536133707,0,219,10
30713.480240784585,0,247,3
30733.475945435464,0,261,7
30753.471650086343,0,255,9
30773.467354737222,0,263,8
30793.4630593881,0,267,8
30813.45876403898,0,248,6
30833.45446868986,0,245,9
30853.450173340738,0,252,5
30873.445877991617,0,287,6
30893.441582642496,0,287,5
30913.437287293375,0,244,4
30933.432991944253,0,225,10
30953.428696595132,0,250,11
30973.42440124601,0,230,6
30993.42010589689,0,211,5
31013.41581054777,0,281,5
31033.411515198648,0,243,3
31053.407219849527,0,234,6
31073.402924500406,0,238,8
31093.398629151285,0,234,14
31113.394333802164,0,228,7
31133.390038453043,0,279,8
31153.38574310392,0,233,4
31173.3814477548,0,261,7
31193.37715240568,0,241,6
31213.372857056558,0,247,6
31233.368561707437,0,265,8
31253.364266358316,0,249,6
31273.359971009195,0,235,8
31293.355675660074,0,231,4
31313.351380310953,0,253,1
31333.34708496183,0,254,9
31353.34278961271,0,285,7
31373.33849426359,0,261,3
31393.33419891447,0,259,6
31413.329903565347,0,249,10
31433.325608216226,0,222,2
31453.321312867105,0,238,9
31473.317017517984,0,260,4
31493.312722168863,0,239,6
31513.30842681974,0,233,7
31533.30413147062,0,228,5
31553.2998361215,0,221,2
31573.29554077238,0,237,5
31593.291245423257,0,229,4
31613.286950074136,0,268,7
31633.282654725015,0,246,8
31653.278359375894,0,235,3
31673.274064026773,0,275,5
31693.269768677652,0,229,2
31713.26547332853,0,282,4
31733.26117797941,0,238,8
31753.25688263029,0,266,6
31773.252587281168,0,295,6
31793.248291932046,0,281,7
31813.243996582925,0,291,2
31833.239701233804,0,294,6
31853.235405884683,0,289,5
31873.231110535562,0,262,6
31893.22681518644,0,273,5
31913.22251983732,0,274,6
31933.2182244882,0,291,5
31953.213929139078,0,273,5
31973.209633789957,0,270,4
31993.205338440835,0,258,4
32013.201043091714,0,284,6
32033.196747742593,0,282,2
32053.192452393472,0,273,8
32073.18815704435,0,266,5
32093.18386169523,0,305,3
32113.17956634611,0,314,7
32133.175270996988,0,311,4
32153.170975647867,0,303,5
32173.166680298746,0,332,6
32193.162384949625,0,290,4
32213.158089600503,0,331,3
32233.153794251382,0,296,6
32253.14949890226,0,312,3
32273.14520355314,0,288,3
32293.14090820402,0,308,5
32313.136612854898,0,294,3
32333.132317505777,0,276,2
32353.128022156656,0,234,3
32373.123726807535,0,226,4
32393.119431458414,0,247,3
32413.115136109293,0,262,3
32433.11084076017,0,256,4
32453.10654541105,0,240,1
32473.10225006193,0,252,4
32493.097954712808,0,239,5
32513.093659363687,0,226,5
32533.089364014566,0,232,4
32553.085068665445,0,236,5
32573.080773316324,0,213,7
32593.076477967203,0,231,4
32613.07218261808,0,243,3
32633.06788726896,0,243,4
32653.06359191984,0,227,6
32673.05929657072,0,248,7
32693.055001221597,0,238,5
32713.050705872476,0,242,3
32733.046410523355,0,239,4
32753.042115174234,0,235,3
32773.03781982511,0,233,5
32793.03352447599,0,221,6
32813.02922912687,0,224,4
32833.02493377775,0,241,5
32853.02063842863,0,228,1
32873.01634307951,0,218,3
32893.012047730386,0,222,2
32913.007752381265,0,238,4
32933.003457032144,0,220,5
32952.99916168302,0,208,6
32972.9948663339,0,222,2
32992.99057098478,0,220,3
33012.98627563566,0,220,2
33032.98198028654,0,210,7
33052.97768493742,0,232,5
33072.9733895883,0,237,2
33092.969094239175,0,261,3
33112.964798890054,0,216,4
33132.96050354093,0,219,3
33152.95620819181,0,271,6
33172.95191284269,0,211,3
33192.94761749357,0,211,3
33212.94332214445,0,224,2
33232.93902679533,0,227,4
33252.93473144621,0,220,2
33272.930436097085,0,202,0
33292.926140747964,0,206,2
33312.92184539884,0,212,3
33332.91755004972,0,239,3
33352.9132547006,0,245,1
33372.90895935148,0,230,0
33392.90466400236,0,188,4
33412.90036865324,0,214,1
33432.89607330412,0,218,3
33452.891777954996,0,238,4
33472.887482605875,0,221,4
33492.88318725675,0,217,2
33512.87889190763,0,212,4
33532.87459655851,0,246,1
33552.87030120939,0,251,0
33572.86600586027,0,198,3
33592.86171051115,0,237,1
33612.85741516203,0,227,1
33632.853119812906,0,235,1
33652.848824463785,0,227,3
33672.84452911466,0,258,4
33692.84023376554,0,223,0
33712.83593841642,0,206,2
33732.8316430673,0,260,4
33752.82734771818,0,204,1
33772.82305236906,0,216,2
33792.81875701994,0,199,0
33812.814461670816,0,207,1
33832.810166321695,0,226,2
33852.805870972574,0,225,1
33872.80157562345,0,219,3
33892.79728027433,0,246,2
33912.79298492521,0,232,4
33932.78868957609,0,233,2
33952.78439422697,0,192,3
33972.78009887785,0,232,0
33992.775803528726,0,236,1
34012.771508179605,0,229,2
34032.767212830484,0,227,0
34052.76291748136,0,231,0
34072.75862213224,0,225,3
34092.75432678312,0,222,3
34112.750031434,0,210,2
34132.74573608488,0,218,1
34152.74144073576,0,206,0
34172.737145386636,0,225,3
34192.732850037515,0,211,2
34212.728554688394,0,234,0
34232.72425933927,0,226,4
34252.71996399015,0,194,3
34272.71566864103,0,215,1
34292.71137329191,0,201,1
34312.70707794279,0,224,1
34332.70278259367,0,218,4
34352.69848724455,0,242,1
34372.694191895425,0,209,0
34392.689896546304,0,216,0
34412.68560119718,0,231,0
34432.68130584806,0,200,1
34452.67701049894,0,219,1
34472.67271514982,0,218,3
34492.6684198007,0,237,4
34512.66412445158,0,198,1
34532.65982910246,0,242,0
34552.655533753335,0,214,0
34572.651238404214,0,230,0
34592.64694305509,0,186,4
34612.64264770597,0,231,2
34632.63835235685,0,220,1
34652.63405700773,0,227,3
34672.62976165861,0,211,1
34692.62546630949,0,229,0
34712.62117096037,0,205,1
34732.616875611246,0,229,0
34752.612580262125,0,217,1
34772.608284913,0,222,2
34792.60398956388,0,216,3
34812.59969421476,0,221,0
34832.59539886564,0,173,2
34852.59110351652,0,181,4
34872.5868081674,0,211,0
34892.58251281828,0,211,3
34912.578217469156,0,205,1
34932.573922120035,0,212,1
34952.56962677091,0,218,2
34972.56533142179,0,209,1
34992.56103607267,0,184,2
35012.55674072355,0,219,2
35032.55244537443,0,205,1
35052.54815002531,0,218,1
35072.54385467619,0,196,1
35092.539559327066,0,195,4
35112.535263977945,0,212,1
35132.530968628824,0,199,1
35152.5266732797,0,230,2
35172.52237793058,0,196,0
35192.51808258146,0,188,0
35212.51378723234,0,224,0
35232.50949188322,0,213,0
35252.5051965341,0,197,1
35272.500901184976,0,207,3
35292.496605835855,0,204,0
35312.492310486734,0,189,3
35332.48801513761,0,179,1
35352.48371978849,0,190,2
35372.47942443937,0,187,1
35392.47512909025,0,209,2
35412.47083374113,0,203,1
35432.46653839201,0,196,1
35452.462243042886,0,225,2
35472.457947693765,0,196,4
35492.453652344644,0,196,1
35512.44935699552,0,203,1
35532.4450616464,0,221,1
35552.44076629728,0,202,0
35572.43647094816,0,188,0
35592.43217559904,0,202,2
35612.42788024992,0,205,1
35632.4235849008,0,183,1
35652.419289551675,0,189,1
35672.414994202554,0,178,2
35692.41069885343,0,191,1
35712.40640350431,0,217,2
35732.40210815519,0,190,0
35752.39781280607,0,193,2
35772.39351745695,0,201,2
35792.38922210783,0,226,0
35812.38492675871,0,216,1
35832.380631409585,0,211,1
35852.376336060464,0,196,0
35872.37204071134,0,193,0
35892.36774536222,0,213,0
35912.3634500131,0,182,0
35932.35915466398,0,195,0
35952.35485931486,0,194,2
35972.35056396574,0,193,1
35992.34626861662,0,190,1
36012.341973267496,0,196,0
36032.337677918375,0,182,1
36052.33338256925,0,186,2
36072.32908722013,0,194,1
36092.32479187101,0,188,3
36112.32049652189,0,197,2
36132.31620117277,0,200,0
36152.31190582365,0,175,3
36172.30761047453,0,185,1
36192.303315125406,0,212,3
36212.299019776285,0,175,1
36232.29472442716,0,213,0
36252.29042907804,0,182,0
36272.28613372892,0,201,0
36292.2818383798,0,217,1
36312.27754303068,0,181,0
36332.27324768156,0,200,0
36352.26895233244,0,185,0
36372.264656983316,0,186,0
36392.260361634195,0,203,0
36412.256066285074,0,177,2
36432.25177093595,0,195,1
36452.24747558683,0,188,1
36472.24318023771,0,184,1
36492.23888488859,0,181,1
36512.23458953947,0,187,0
36532.23029419035,0,170,2
36552.225998841226,0,175,3
36572.221703492105,0,207,3
36592.217408142984,0,197,0
36612.21311279386,0,170,0
36632.20881744474,0,169,1
36652.20452209562,0,194,0
36672.2002267465,0,175,1
36692.19593139738,0,152,1
36712.19163604826,0,167,2
36732.187340699136,0,194,0
36752.183045350015,0,177,1
36772.178750000894,0,154,2
36792.17445465177,0,159,0
36812.17015930265,0,178,0
36832.16586395353,0,149,1
36852.16156860441,0,150,0
36872.15727325529,0,180,1
36892.15297790617,0,155,0
36912.14868255705,0,185,0
36932.144387207925,0,161,1
36952.140091858804,0,184,2
36972.13579650968,0,167,0
36992.13150116056,0,155,2
37012.12720581144,0,162,2
37032.12291046232,0,176,3
37052.1186151132,0,151,0
37072.11431976408,0,172,1
37092.11002441496,0,165,1
37112.105729065835,0,166,1
37132.101433716714,0,188,0
37152.09713836759,0,183,0
37172.09284301847,0,175,1
37192.08854766935,0,157,1
37212.08425232023,0,189,1
37232.07995697111,0,155,0
37252.07566162199,0,166,2
37272.07136627287,0,179,2
37292.067070923746,0,165,1
37312.062775574625,0,150,0
37332.0584802255,0,163,1
37352.05418487638,0,171,0
37372.04988952726,0,162,1
37392.04559417814,0,150,3
37412.04129882902,0,138,2
37432.0370034799,0,157,0
37452.03270813078,0,159,0
37472.028412781656,0,155,1
37492.024117432535,0,160,0
37512.01982208341,0,161,0
37532.01552673429,0,149,1
37552.01123138517,0,169,0
37572.00693603605,0,169,2
37592.00264068693,0,155,0
37611.99834533781,0,162,0
37631.99404998869,0,153,1
37651.989754639566,0,148,0
37671.985459290445,0,168,0
37691.981163941324,0,148,1
37711.9768685922,0,148,0
37731.97257324308,0,150,0
37751.96827789396,0,130,0
37771.96398254484,0,132,0
37791.95968719572,0,126,0
37811.9553918466,0,150,0
37831.951096497476,0,130,0
37851.946801148355,0,146,3
37871.942505799234,0,144,0
37891.93821045011,0,161,1
37911.93391510099,0,147,3
37931.92961975187,0,138,0
37951.92532440275,0,158,0
37971.92102905363,0,158,1
37991.91673370451,0,151,0
38011.912438355386,0,146,0
38031.908143006265,0,169,2
38051.903847657144,0,156,1
38071.89955230802,0,138,0
38091.8952569589,0,150,2
38111.89096160978,0,157,2
38131.88666626066,0,128,3
38151.88237091154,0,165,1
38171.87807556242,0,141,0
38191.8737802133,0,156,1
38211.869484864175,0,125,1
38231.865189515054,0,163,1
38251.86089416593,0,125,0
38271.85659881681,0,144,1
38291.85230346769,0,143,3
38311.84800811857,0,123,2
38331.84371276945,0,130,0
38351.83941742033,0,170,1
38371.83512207121,0,138,0
38391.830826722085,0,121,0
38411.826531372964,0,153,0
38431.82223602384,0,153,0
38451.81794067472,0,123,1
38471.8136453256,0,141,3
38491.80934997648,0,125,0
38511.80505462736,0,142,1
38531.80075927824,0,141,1
38551.79646392912,0,132,2
38571.792168579996,0,122,0
38591.787873230875,0,141,1
38611.78357788175,0,137,1
38631.77928253263,0,120,1
38651.77498718351,0,149,0
38671.77069183439,0,153,0
38691.76639648527,0,118,0
38711.76210113615,0,136,1
38731.75780578703,0,120,0
38751.753510437906,0,128,0
38771.749215088785,0,134,0
38791.74491973966,0,117,2
38811.74062439054,0,115,1
38831.73632904142,0,123,1
38851.7320336923,0,105,3
38871.72773834318,0,129,0
38891.72344299406,0,137,1
38911.71914764494,0,108,2
38931.714852295816,0,121,0
38951.710556946695,0,110,0
38971.706261597574,0,134,0
38991.70196624845,0,126,1
39011.69767089933,0,113,1
39031.69337555021,0,115,0
39051.68908020109,0,126,1
39071.68478485197,0,131,2
39091.68048950285,0,120,0
39111.676194153726,0,123,3
39131.671898804605,0,105,1
39151.667603455484,0,113,0
39171.66330810636,0,94,0
39191.65901275724,0,112,0
39211.65471740812,0,105,0
39231.650422059,0,99,1
39251.64612670988,0,119,0
39271.64183136076,0,121,0
39291.637536011636,0,110,0
39311.633240662515,0,128,1
39331.628945313394,0,105,3
39351.62464996427,0,123,0
39371.62035461515,0,118,1
39391.61605926603,0,108,0
39411.61176391691,0,97,2
39431.60746856779,0,97,3
39451.60317321867,0,94,3
39471.59887786955,0,105,1
39491.594582520425,0,95,3
39511.590287171304,0,113,0
39531.58599182218,0,103,1
39551.58169647306,0,107,2
39571.57740112394,0,106,1
39591.57310577482,0,129,0
39611.5688104257,0,91,0
39631.56451507658,0,102,0
39651.56021972746,0,86,0
39671.555924378335,0,89,3
39691.551629029214,0,102,0
39711.54733368009,0,93,0
39731.54303833097,0,93,2
39751.53874298185,0,91,0
39771.53444763273,0,95,2
39791.53015228361,0,104,1
39811.52585693449,0,96,2
39831.52156158537,0,102,0
39851.517266236246,0,92,0
39871.512970887125,0,90,0
39891.508675538,0,100,0
39911.50438018888,0,82,1
39931.50008483976,0,94,1
39951.49578949064,0,97,0
39971.49149414152,0,83,1
39991.4871987924,0,78,0
40011.48290344328,0,108,1
40031.478608094156,0,88,0
40051.474312745035,0,90,0
40071.47001739591,0,83,2
40091.46572204679,0,79,1
40111.46142669767,0,79,0
40131.45713134855,0,75,1
40151.45283599943,0,88,2
40171.44854065031,0,71,0
40191.44424530119,0,77,1
40211.439949952066,0,92,1
40231.435654602945,0,98,0
40251.431359253824,0,77,1
40271.4270639047,0,90,0
40291.42276855558,0,73,1
40311.41847320646,0,87,0
40331.41417785734,0,71,2
40351.40988250822,0,78,2
40371.4055871591,0,83,1
40391.401291809976,0,81,0
40411.396996460855,0,86,1
40431.392701111734,0,84,0
40451.38840576261,0,74,0
40471.38411041349,0,80,0
40491.37981506437,0,70,0
40511.37551971525,0,68,2
40531.37122436613,0,72,0
40551.36692901701,0,81,0
40571.362633667886,0,72,1
40591.358338318765,0,81,0
40611.354042969644,0,63,0
40631.34974762052,0,63,0
40651.3454522714,0,67,0
40671.34115692228,0,71,1
40691.33686157316,0,86,2
40711.33256622404,0,60,0
40731.32827087492,0,79,4
40751.3239755258,0,68,1
40771.319680176675,0,66,0
40791.315384827554,0,78,0
40811.31108947843,0,70,1
40831.30679412931,0,59,0
40851.30249878019,0,73,0
40871.29820343107,0,68,3
40891.29390808195,0,62,0
40911.28961273283,0,62,0
40931.28531738371,0,64,0
