Instrument,800N8573,,RESULTS:,Z,Compound,Concentration(%),Error(1SD)
Date,2023/02/24,,,12,MgO,0.557,0.2238
Time,15:34:29,,,13,Al2O3,13.5226,0.1826
Assay #,1,,,14,SiO2,38.7517,0.1917
Application,Geo,,,15,P,0.0055,0.006
Method,Geo,,,16,S,0.0496,0.0033
Assay Duration (set),30s,,,17,Cl,0,0.0026
Assay Duration (total actual),40.36s,,,19,K2O,0.2797,0.0057
Temperature (Detector),-27.5 C,,,20,Ca,0.1723,0.0039
Temperature (Ambient),32.83 C,,,22,Ti,0.6653,0.1385
Phase Count,3,,,23,V,0.0202,0.0059
Phases,,,,24,Cr,0.0692,0.0037
"Phase 1(10s): 30.0kV, 40.0uA (Ti:25um/Al:300um)",,,,25,Mn,0.0714,0.0039
"Phase 2(10s): 50.0kV, 25.0uA (Cu:75um/Ti:25um/Al:200um)",,,,26,Fe,23.9717,0.025
"Phase 3(10s): 15.0kV, 32.5uA (No Filter)",,,,27,Co,0,0.0042
,,,,28,Ni,0.0579,0.0019
,,,,29,Cu,0.0795,0.0013
,,,,30,Zn,0.0043,0.0005
,,,,31,Ga,0.0009,0.0004
,,,,33,As,0,0.0015
,,,,34,Se,0.0001,0.0001
,,,,37,Rb,0.002,0.0002
,,,,38,Sr,0.0033,0.0003
,,,,39,Y,0.0011,0.0002
,,,,40,Zr,0.0127,0.0003
,,,,41,Nb,0.0005,0.0001
,,,,42,Mo,0.0119,0.0004
,,,,45,Rh,0,0.0004
,,,,48,Cd,0,0.0007
,,,,50,Sn,0,0.0026
,,,,51,Sb,0,0.0008
,,,,52,Te,0.0042,0.0014
,,,,56,Ba,0.0273,0.0036
,,,,57,La,0,0.0101
,,,,58,Ce,0.0063,0.0058
,,,,72,Hf,0,0.0027
,,,,73,Ta,0.0003,0.0034
,,,,74,W,0.001,0.001
,,,,80,Hg,0,0.0006
,,,,81,Tl,0,0.0004
,,,,82,Pb,0,0.0009
,,,,83,Bi,0.0051,0.0003
,,,,90,Th,0,0.0003
,,,,92,U,0.0003,0.0003
,,,,,,,
,,,,,,,
,,,,,,,
,,,,,,,
,,,,,,,
,,,,,,,
,,,,,,,
,,,,,,,
,,,,,,,
,,,,,,,
,,,,,,,
,,,,,,,
,,,,,,,
,,,,,,,
,,,,,,,
 ,,,,,,,
 ,,,,,,,
SPECTRA:,,,,,,,
eV Channel Start,-0.134937555,0.009864243,0.504370809,,,,
eV per Channel,19.98322487,19.98322487,19.98322487,,,,
 ,,,,,,,
Energy (eV),Counts (Phase 1),Counts (Phase 2),Counts (Phase 3),,,,
-0.134937555,0,0,0,,,,
19.84828731,0,0,0,,,,
39.83151218,0,0,0,,,,
59.81473705,0,0,0,,,,
79.79796192,0,0,0,,,,
99.78118679,0,0,0,,,,
119.7644117,0,0,0,,,,
139.7476365,0,0,0,,,,
159.7308614,0,0,0,,,,
179.7140863,0,0,0,,,,
199.6973111,0,0,0,,,,
219.680536,0,0,0,,,,
239.6637609,0,0,0,,,,
259.6469857,0,0,0,,,,
279.6302106,1,0,0,,,,
299.6134355,1,3,4,,,,
319.5966603,28,34,29,,,,
339.5798852,223,304,187,,,,
359.5631101,828,1168,750,,,,
379.546335,1540,2300,1306,,,,
399.5295598,1594,2285,1278,,,,
419.5127847,840,1171,676,,,,
439.4960096,213,303,208,,,,
459.4792344,43,61,36,,,,
479.4624593,7,2,8,,,,
499.4456842,0,0,0,,,,
519.428909,0,0,0,,,,
539.4121339,2,0,0,,,,
559.3953588,0,0,0,,,,
579.3785836,53,101,20,,,,
599.3618085,51,94,20,,,,
619.3450334,58,107,24,,,,
639.3282582,60,140,17,,,,
659.3114831,57,106,21,,,,
679.294708,52,95,14,,,,
699.2779329,57,93,18,,,,
719.2611577,62,98,17,,,,
739.2443826,55,88,19,,,,
759.2276075,56,98,21,,,,
779.2108323,62,105,30,,,,
799.1940572,61,106,28,,,,
819.1772821,56,104,27,,,,
839.1605069,50,105,31,,,,
859.1437318,44,100,29,,,,
879.1269567,39,99,29,,,,
899.1101815,46,98,29,,,,
919.0934064,46,93,66,,,,
939.0766313,57,104,80,,,,
959.0598561,48,86,79,,,,
979.043081,55,97,65,,,,
999.0263059,55,90,47,,,,
1019.009531,41,107,45,,,,
1038.992756,55,82,50,,,,
1058.97598,50,75,42,,,,
1078.959205,46,92,50,,,,
1098.94243,53,109,55,,,,
1118.925655,43,105,43,,,,
1138.90888,57,106,29,,,,
1158.892105,39,117,44,,,,
1178.87533,52,102,34,,,,
1198.858555,52,86,52,,,,
1218.841779,57,82,57,,,,
1238.825004,38,76,65,,,,
1258.808229,40,101,37,,,,
1278.791454,45,83,57,,,,
1298.774679,50,84,29,,,,
1318.757904,34,84,41,,,,
1338.741129,46,84,32,,,,
1358.724354,41,82,40,,,,
1378.707578,51,92,58,,,,
1398.690803,50,78,172,,,,
1418.674028,45,89,378,,,,
1438.657253,55,67,821,,,,
1458.640478,75,88,1244,,,,
1478.623703,85,88,1614,,,,
1498.606928,80,95,1387,,,,
1518.590152,78,79,941,,,,
1538.573377,31,86,553,,,,
1558.556602,44,64,292,,,,
1578.539827,40,72,176,,,,
1598.523052,27,75,140,,,,
1618.506277,30,98,204,,,,
1638.489502,39,82,459,,,,
1658.472727,41,63,1492,,,,
1678.455951,84,72,3564,,,,
1698.439176,125,98,6875,,,,
1718.422401,129,110,10156,,,,
1738.405626,140,118,11320,,,,
1758.388851,154,92,9396,,,,
1778.372076,102,90,6091,,,,
1798.355301,68,78,3274,,,,
1818.338526,44,81,1693,,,,
1838.32175,55,87,924,,,,
1858.304975,45,76,564,,,,
1878.2882,53,73,292,,,,
1898.271425,43,74,214,,,,
1918.25465,36,63,128,,,,
1938.237875,40,85,109,,,,
1958.2211,34,78,76,,,,
1978.204324,39,75,81,,,,
1998.187549,30,104,91,,,,
2018.170774,37,76,80,,,,
2038.153999,36,89,84,,,,
2058.137224,33,76,67,,,,
2078.120449,37,89,75,,,,
2098.103674,43,77,63,,,,
2118.086899,46,80,64,,,,
2138.070123,27,67,73,,,,
2158.053348,40,79,78,,,,
2178.036573,33,77,76,,,,
2198.019798,35,74,80,,,,
2218.003023,37,87,119,,,,
2237.986248,31,76,130,,,,
2257.969473,37,89,148,,,,
2277.952697,29,63,211,,,,
2297.935922,25,85,212,,,,
2317.919147,28,79,235,,,,
2337.902372,32,63,254,,,,
2357.885597,25,78,244,,,,
2377.868822,27,73,203,,,,
2397.852047,27,70,192,,,,
2417.835272,32,65,166,,,,
2437.818496,30,88,169,,,,
2457.801721,26,76,137,,,,
2477.784946,32,74,152,,,,
2497.768171,29,72,149,,,,
2517.751396,26,58,177,,,,
2537.734621,30,82,189,,,,
2557.717846,37,70,237,,,,
2577.701071,29,78,354,,,,
2597.684295,37,80,562,,,,
2617.66752,28,67,905,,,,
2637.650745,26,69,1429,,,,
2657.63397,29,69,2270,,,,
2677.617195,23,62,2896,,,,
2697.60042,28,85,3005,,,,
2717.583645,33,66,2861,,,,
2737.566869,29,68,2173,,,,
2757.550094,35,71,1670,,,,
2777.533319,28,83,1507,,,,
2797.516544,35,79,1561,,,,
2817.499769,33,68,1850,,,,
2837.482994,23,67,1956,,,,
2857.466219,24,71,1831,,,,
2877.449444,38,69,1621,,,,
2897.432668,46,67,1569,,,,
2917.415893,57,74,1638,,,,
2937.399118,60,79,1771,,,,
2957.382343,75,80,1852,,,,
2977.365568,66,81,1613,,,,
2997.348793,47,60,1398,,,,
3017.332018,45,64,956,,,,
3037.315242,34,56,645,,,,
3057.298467,25,67,460,,,,
3077.281692,27,69,366,,,,
3097.264917,23,82,335,,,,
3117.248142,19,70,330,,,,
3137.231367,21,82,357,,,,
3157.214592,23,68,409,,,,
3177.197817,48,75,408,,,,
3197.181041,50,85,412,,,,
3217.164266,71,82,490,,,,
3237.147491,107,106,604,,,,
3257.130716,141,134,785,,,,
3277.113941,184,132,999,,,,
3297.097166,196,126,1181,,,,
3317.080391,171,124,1164,,,,
3337.063616,111,103,1022,,,,
3357.04684,102,93,795,,,,
3377.030065,71,84,568,,,,
3397.01329,48,81,415,,,,
3416.996515,42,87,291,,,,
3436.97974,62,87,272,,,,
3456.962965,88,98,326,,,,
3476.94619,79,75,292,,,,
3496.929414,82,83,338,,,,
3516.912639,101,104,348,,,,
3536.895864,65,79,333,,,,
3556.879089,66,77,323,,,,
3576.862314,55,78,383,,,,
3596.845539,58,64,450,,,,
3616.828764,50,66,480,,,,
3636.811989,70,63,651,,,,
3656.795213,102,85,817,,,,
3676.778438,98,92,961,,,,
3696.761663,112,96,994,,,,
3716.744888,95,71,901,,,,
3736.728113,84,72,694,,,,
3756.711338,67,57,521,,,,
3776.694563,47,66,360,,,,
3796.677788,32,61,250,,,,
3816.661012,30,56,230,,,,
3836.644237,22,62,178,,,,
3856.627462,23,53,201,,,,
3876.610687,19,55,213,,,,
3896.593912,26,49,211,,,,
3916.577137,19,56,224,,,,
3936.560362,24,62,217,,,,
3956.543586,31,51,270,,,,
3976.526811,36,55,319,,,,
3996.510036,35,49,327,,,,
4016.493261,43,65,328,,,,
4036.476486,32,51,315,,,,
4056.459711,28,45,347,,,,
4076.442936,35,53,332,,,,
4096.426161,25,40,292,,,,
4116.409385,24,53,320,,,,
4136.39261,22,48,272,,,,
4156.375835,21,51,288,,,,
4176.35906,25,49,269,,,,
4196.342285,25,32,275,,,,
4216.32551,22,54,274,,,,
4236.308735,30,47,291,,,,
4256.291959,19,33,289,,,,
4276.275184,19,37,311,,,,
4296.258409,21,38,311,,,,
4316.241634,34,33,330,,,,
4336.224859,40,54,334,,,,
4356.208084,39,45,442,,,,
4376.191309,53,45,605,,,,
4396.174534,125,59,1017,,,,
4416.157758,222,88,1625,,,,
4436.140983,388,108,2847,,,,
4456.124208,627,180,4531,,,,
4476.107433,873,217,6219,,,,
4496.090658,1073,266,7446,,,,
4516.073883,1099,252,7883,,,,
4536.057108,957,258,7158,,,,
4556.040333,851,228,5701,,,,
4576.023557,603,153,4061,,,,
4596.006782,439,149,2683,,,,
4615.990007,415,135,1807,,,,
4635.973232,373,123,1463,,,,
4655.956457,358,122,1194,,,,
4675.939682,336,99,1068,,,,
4695.922907,260,81,884,,,,
4715.906131,176,75,727,,,,
4735.889356,149,77,582,,,,
4755.872581,107,52,546,,,,
4775.855806,69,41,551,,,,
4795.839031,51,39,547,,,,
4815.822256,64,32,631,,,,
4835.805481,71,57,728,,,,
4855.788706,98,52,914,,,,
4875.77193,175,51,1168,,,,
4895.755155,184,77,1526,,,,
4915.73838,214,87,1676,,,,
4935.721605,288,88,1837,,,,
4955.70483,227,72,1690,,,,
4975.688055,195,80,1452,,,,
4995.67128,163,65,1256,,,,
5015.654505,125,39,924,,,,
5035.637729,63,34,723,,,,
5055.620954,57,36,595,,,,
5075.604179,34,28,494,,,,
5095.587404,25,25,475,,,,
5115.570629,27,24,485,,,,
5135.553854,31,33,453,,,,
5155.537079,42,45,484,,,,
5175.520303,44,31,494,,,,
5195.503528,44,24,493,,,,
5215.486753,47,32,521,,,,
5235.469978,57,37,502,,,,
5255.453203,74,50,549,,,,
5275.436428,86,43,586,,,,
5295.419653,122,38,629,,,,
5315.402878,117,50,793,,,,
5335.386102,166,54,942,,,,
5355.369327,203,89,1162,,,,
5375.352552,278,76,1397,,,,
5395.335777,297,119,1611,,,,
5415.319002,312,74,1649,,,,
5435.302227,268,100,1569,,,,
5455.285452,236,67,1368,,,,
5475.268676,155,64,1144,,,,
5495.251901,143,52,919,,,,
5515.235126,91,36,782,,,,
5535.218351,82,34,615,,,,
5555.201576,55,27,547,,,,
5575.184801,46,27,493,,,,
5595.168026,52,32,521,,,,
5615.151251,50,26,488,,,,
5635.134475,47,25,479,,,,
5655.1177,41,27,442,,,,
5675.100925,50,22,482,,,,
5695.08415,41,25,532,,,,
5715.067375,38,31,539,,,,
5735.0506,38,30,499,,,,
5755.033825,48,29,516,,,,
5775.01705,48,24,492,,,,
5795.000274,74,37,581,,,,
5814.983499,91,32,644,,,,
5834.966724,108,34,715,,,,
5854.949949,145,44,788,,,,
5874.933174,157,64,877,,,,
5894.916399,210,55,923,,,,
5914.899624,212,62,1003,,,,
5934.882848,176,65,933,,,,
5954.866073,164,64,906,,,,
5974.849298,127,48,772,,,,
5994.832523,124,43,738,,,,
6014.815748,111,40,671,,,,
6034.798973,107,48,633,,,,
6054.782198,139,50,691,,,,
6074.765423,127,55,679,,,,
6094.748647,156,52,738,,,,
6114.731872,183,52,740,,,,
6134.715097,234,54,848,,,,
6154.698322,257,75,961,,,,
6174.681547,350,96,1088,,,,
6194.664772,566,135,1361,,,,
6214.647997,994,191,2259,,,,
6234.631222,1927,421,3794,,,,
6254.614446,4089,849,7438,,,,
6274.597671,8568,1846,15153,,,,
6294.580896,16216,3507,28521,,,,
6314.564121,28095,6246,49668,,,,
6334.547346,43845,9836,78828,,,,
6354.530571,61364,14094,111021,,,,
6374.513796,75972,17435,139852,,,,
6394.49702,83897,19511,156758,,,,
6414.480245,82213,19587,155742,,,,
6434.46347,72360,17014,138600,,,,
6454.446695,56397,13511,110314,,,,
6474.42992,38634,9461,77606,,,,
6494.413145,24276,5883,49947,,,,
6514.39637,13363,3270,28863,,,,
6534.379595,6622,1668,15479,,,,
6554.362819,3340,776,7857,,,,
6574.346044,1520,352,3948,,,,
6594.329269,774,152,2260,,,,
6614.312494,454,109,1480,,,,
6634.295719,280,82,1046,,,,
6654.278944,243,62,867,,,,
6674.262169,221,49,745,,,,
6694.245393,178,51,675,,,,
6714.228618,181,53,697,,,,
6734.211843,206,45,653,,,,
6754.195068,225,67,662,,,,
6774.178293,224,70,709,,,,
6794.161518,238,72,782,,,,
6814.144743,291,82,800,,,,
6834.127968,347,99,855,,,,
6854.111192,416,103,1045,,,,
6874.094417,570,147,1259,,,,
6894.077642,862,211,1670,,,,
6914.060867,1340,326,2497,,,,
6934.044092,2216,519,3950,,,,
6954.027317,3584,833,6103,,,,
6974.010542,5712,1326,9449,,,,
6993.993767,8248,1875,13568,,,,
7013.976991,10387,2485,17785,,,,
7033.960216,12472,2996,20822,,,,
7053.943441,13281,3207,23091,,,,
7073.926666,12666,3145,22127,,,,
7093.909891,11151,2833,19905,,,,
7113.893116,8786,2262,15992,,,,
7133.876341,6348,1604,11479,,,,
7153.859565,4083,997,7554,,,,
7173.84279,2321,584,4510,,,,
7193.826015,1242,297,2632,,,,
7213.80924,628,162,1431,,,,
7233.792465,298,90,774,,,,
7253.77569,159,35,467,,,,
7273.758915,63,27,335,,,,
7293.74214,45,15,271,,,,
7313.725364,40,11,224,,,,
7333.708589,25,11,221,,,,
7353.691814,49,21,249,,,,
7373.675039,49,22,272,,,,
7393.658264,88,25,292,,,,
7413.641489,106,36,354,,,,
7433.624714,149,38,403,,,,
7453.607938,179,56,414,,,,
7473.591163,168,42,394,,,,
7493.574388,185,48,437,,,,
7513.557613,161,39,400,,,,
7533.540838,134,45,349,,,,
7553.524063,88,23,290,,,,
7573.507288,68,25,266,,,,
7593.490513,45,22,225,,,,
7613.473737,28,12,201,,,,
7633.456962,25,10,184,,,,
7653.440187,20,8,198,,,,
7673.423412,11,10,194,,,,
7693.406637,7,11,186,,,,
7713.389862,16,10,213,,,,
7733.373087,10,8,179,,,,
7753.356312,9,8,183,,,,
7773.339536,9,6,185,,,,
7793.322761,10,3,204,,,,
7813.305986,7,8,211,,,,
7833.289211,18,8,222,,,,
7853.272436,19,9,257,,,,
7873.255661,25,7,268,,,,
7893.238886,31,19,282,,,,
7913.22211,53,12,283,,,,
7933.205335,93,26,319,,,,
7953.18856,145,39,341,,,,
7973.171785,222,58,405,,,,
7993.15501,289,73,476,,,,
8013.138235,347,87,565,,,,
8033.12146,364,108,642,,,,
8053.104685,385,108,652,,,,
8073.087909,380,91,747,,,,
8093.071134,324,109,765,,,,
8113.054359,229,62,805,,,,
8133.037584,164,48,797,,,,
8153.020809,110,29,817,,,,
8173.004034,60,12,709,,,,
8192.987259,65,17,604,,,,
8212.970484,46,15,539,,,,
8232.953708,30,16,489,,,,
8252.936933,34,16,428,,,,
8272.920158,47,18,338,,,,
8292.903383,41,10,306,,,,
8312.886608,31,12,227,,,,
8332.869833,32,10,233,,,,
8352.853058,19,5,227,,,,
8372.836282,9,10,209,,,,
8392.819507,15,12,178,,,,
8412.802732,17,7,192,,,,
8432.785957,10,3,196,,,,
8452.769182,12,14,184,,,,
8472.752407,7,6,195,,,,
8492.735632,10,5,195,,,,
8512.718857,11,8,204,,,,
8532.702081,18,11,185,,,,
8552.685306,27,14,200,,,,
8572.668531,29,10,218,,,,
8592.651756,35,16,205,,,,
8612.634981,54,22,198,,,,
8632.618206,43,22,230,,,,
8652.601431,45,20,205,,,,
8672.584655,40,19,196,,,,
8692.56788,28,19,243,,,,
8712.551105,29,13,222,,,,
8732.53433,24,9,263,,,,
8752.517555,16,8,260,,,,
8772.50078,25,13,260,,,,
8792.484005,20,12,256,,,,
8812.46723,36,21,309,,,,
8832.450454,40,9,278,,,,
8852.433679,55,19,258,,,,
8872.416904,69,20,284,,,,
8892.400129,67,30,289,,,,
8912.383354,87,32,269,,,,
8932.366579,64,21,246,,,,
8952.349804,62,22,252,,,,
8972.333029,53,16,258,,,,
8992.316253,50,14,246,,,,
9012.299478,27,18,261,,,,
9032.282703,29,14,286,,,,
9052.265928,20,11,262,,,,
9072.249153,13,10,315,,,,
9092.232378,18,7,330,,,,
9112.215603,22,6,333,,,,
9132.198827,18,7,333,,,,
9152.182052,18,9,323,,,,
9172.165277,17,12,314,,,,
9192.148502,31,13,334,,,,
9212.131727,26,7,323,,,,
9232.114952,30,8,317,,,,
9252.098177,27,11,298,,,,
9272.081402,21,12,274,,,,
9292.064626,22,7,298,,,,
9312.047851,25,9,287,,,,
9332.031076,20,10,295,,,,
9352.014301,21,7,296,,,,
9371.997526,17,7,246,,,,
9391.980751,16,10,284,,,,
9411.963976,20,5,258,,,,
9431.947201,16,7,239,,,,
9451.930425,16,9,237,,,,
9471.91365,14,6,206,,,,
9491.896875,15,8,214,,,,
9511.8801,20,5,204,,,,
9531.863325,18,5,197,,,,
9551.84655,20,8,180,,,,
9571.829775,20,5,205,,,,
9591.812999,26,17,190,,,,
9611.796224,23,11,221,,,,
9631.779449,23,11,217,,,,
9651.762674,32,13,199,,,,
9671.745899,36,17,202,,,,
9691.729124,17,28,222,,,,
9711.712349,37,26,196,,,,
9731.695574,44,29,250,,,,
9751.678798,34,17,226,,,,
9771.662023,26,13,238,,,,
9791.645248,26,20,226,,,,
9811.628473,25,17,241,,,,
9831.611698,25,7,202,,,,
9851.594923,25,10,234,,,,
9871.578148,21,11,220,,,,
9891.561372,26,4,205,,,,
9911.544597,21,8,207,,,,
9931.527822,16,6,210,,,,
9951.511047,23,2,189,,,,
9971.494272,16,8,193,,,,
9991.477497,23,6,215,,,,
10011.46072,25,2,220,,,,
10031.44395,28,2,217,,,,
10051.42717,19,9,228,,,,
10071.4104,23,8,178,,,,
10091.39362,17,9,237,,,,
10111.37685,29,7,235,,,,
10131.36007,20,4,195,,,,
10151.3433,23,6,196,,,,
10171.32652,25,11,189,,,,
10191.30975,23,6,206,,,,
10211.29297,34,7,191,,,,
10231.2762,33,7,149,,,,
10251.25942,32,8,153,,,,
10271.24264,33,10,179,,,,
10291.22587,34,7,186,,,,
10311.20909,32,10,191,,,,
10331.19232,32,5,176,,,,
10351.17554,28,5,172,,,,
10371.15877,23,4,174,,,,
10391.14199,33,4,191,,,,
10411.12522,38,3,197,,,,
10431.10844,41,5,156,,,,
10451.09167,35,10,184,,,,
10471.07489,57,10,177,,,,
10491.05812,46,9,205,,,,
10511.04134,51,19,172,,,,
10531.02457,51,16,196,,,,
10551.00779,65,18,157,,,,
10570.99102,66,12,183,,,,
10590.97424,50,14,176,,,,
10610.95747,56,18,176,,,,
10630.94069,50,10,182,,,,
10650.92392,51,7,179,,,,
10670.90714,37,5,164,,,,
10690.89037,39,12,193,,,,
10710.87359,33,4,176,,,,
10730.85682,31,13,177,,,,
10750.84004,33,6,199,,,,
10770.82327,38,5,207,,,,
10790.80649,47,8,235,,,,
10810.78972,42,11,260,,,,
10830.77294,51,9,315,,,,
10850.75617,46,8,385,,,,
10870.73939,70,12,405,,,,
10890.72262,68,9,487,,,,
10910.70584,68,9,493,,,,
10930.68907,62,5,501,,,,
10950.67229,59,3,537,,,,
10970.65552,65,6,477,,,,
10990.63874,57,11,408,,,,
11010.62197,68,8,392,,,,
11030.60519,56,5,300,,,,
11050.58841,50,7,246,,,,
11070.57164,45,4,262,,,,
11090.55486,69,10,234,,,,
11110.53809,49,6,244,,,,
11130.52131,57,9,192,,,,
11150.50454,50,3,182,,,,
11170.48776,54,8,181,,,,
11190.47099,46,11,200,,,,
11210.45421,65,9,154,,,,
11230.43744,64,7,198,,,,
11250.42066,49,5,199,,,,
11270.40389,59,5,229,,,,
11290.38711,61,6,223,,,,
11310.37034,53,8,234,,,,
11330.35356,57,7,243,,,,
11350.33679,65,6,201,,,,
11370.32001,59,10,241,,,,
11390.30324,62,17,223,,,,
11410.28646,66,14,231,,,,
11430.26969,59,17,214,,,,
11450.25291,64,15,201,,,,
11470.23614,80,17,187,,,,
11490.21936,62,24,177,,,,
11510.20259,67,15,196,,,,
11530.18581,77,14,201,,,,
11550.16904,60,17,191,,,,
11570.15226,76,22,207,,,,
11590.13549,88,16,207,,,,
11610.11871,61,14,206,,,,
11630.10194,48,15,199,,,,
11650.08516,72,14,197,,,,
11670.06839,76,6,181,,,,
11690.05161,79,14,200,,,,
11710.03484,76,11,184,,,,
11730.01806,72,8,179,,,,
11750.00129,78,6,201,,,,
11769.98451,85,7,218,,,,
11789.96774,70,13,204,,,,
11809.95096,76,6,214,,,,
11829.93418,80,4,234,,,,
11849.91741,78,13,211,,,,
11869.90063,81,4,197,,,,
11889.88386,81,7,209,,,,
11909.86708,85,6,194,,,,
11929.85031,75,8,176,,,,
11949.83353,76,10,175,,,,
11969.81676,80,8,168,,,,
11989.79998,71,10,170,,,,
12009.78321,78,8,157,,,,
12029.76643,78,8,148,,,,
12049.74966,75,5,156,,,,
12069.73288,71,2,161,,,,
12089.71611,77,4,143,,,,
12109.69933,75,5,150,,,,
12129.68256,81,6,147,,,,
12149.66578,84,6,143,,,,
12169.64901,71,6,145,,,,
12189.63223,77,8,130,,,,
12209.61546,85,7,134,,,,
12229.59868,76,6,160,,,,
12249.58191,87,4,151,,,,
12269.56513,68,9,132,,,,
12289.54836,96,7,156,,,,
12309.53158,83,5,143,,,,
12329.51481,101,3,166,,,,
12349.49803,80,7,174,,,,
12369.48126,75,5,164,,,,
12389.46448,99,5,162,,,,
12409.44771,106,5,130,,,,
12429.43093,79,6,164,,,,
12449.41416,112,5,146,,,,
12469.39738,113,9,166,,,,
12489.38061,102,7,148,,,,
12509.36383,111,2,151,,,,
12529.34706,102,11,144,,,,
12549.33028,105,4,181,,,,
12569.3135,100,5,201,,,,
12589.29673,118,3,193,,,,
12609.27995,136,13,243,,,,
12629.26318,159,12,338,,,,
12649.2464,209,8,492,,,,
12669.22963,273,13,716,,,,
12689.21285,345,18,1076,,,,
12709.19608,447,22,1560,,,,
12729.1793,568,23,2098,,,,
12749.16253,736,33,2677,,,,
12769.14575,780,33,3196,,,,
12789.12898,869,29,3598,,,,
12809.1122,954,43,3951,,,,
12829.09543,925,28,3846,,,,
12849.07865,912,38,3682,,,,
12869.06188,833,35,3323,,,,
12889.0451,674,32,2725,,,,
12909.02833,507,20,2115,,,,
12929.01155,384,11,1619,,,,
12948.99478,288,19,1149,,,,
12968.978,274,12,822,,,,
12988.96123,209,12,560,,,,
13008.94445,146,8,325,,,,
13028.92768,144,11,258,,,,
13048.9109,121,8,160,,,,
13068.89413,128,4,148,,,,
13088.87735,122,10,121,,,,
13108.86058,106,2,112,,,,
13128.8438,131,6,127,,,,
13148.82703,122,11,123,,,,
13168.81025,116,4,119,,,,
13188.79348,114,9,113,,,,
13208.7767,127,8,113,,,,
13228.75993,149,7,131,,,,
13248.74315,154,11,156,,,,
13268.72638,153,17,168,,,,
13288.7096,165,17,202,,,,
13308.69283,201,19,275,,,,
13328.67605,218,20,337,,,,
13348.65927,242,29,442,,,,
13368.6425,260,26,544,,,,
13388.62572,330,40,759,,,,
13408.60895,355,35,906,,,,
13428.59217,368,23,978,,,,
13448.5754,405,17,1138,,,,
13468.55862,416,26,1133,,,,
13488.54185,403,34,1121,,,,
13508.52507,354,19,1072,,,,
13528.5083,323,17,1009,,,,
13548.49152,315,11,860,,,,
13568.47475,282,14,666,,,,
13588.45797,255,4,502,,,,
13608.4412,209,5,377,,,,
13628.42442,182,7,234,,,,
13648.40765,154,10,180,,,,
13668.39087,136,7,159,,,,
13688.3741,126,11,104,,,,
13708.35732,137,12,97,,,,
13728.34055,155,1,68,,,,
13748.32377,104,4,66,,,,
13768.307,122,6,71,,,,
13788.29022,126,7,72,,,,
13808.27345,135,11,60,,,,
13828.25667,123,8,62,,,,
13848.2399,123,8,54,,,,
13868.22312,148,5,57,,,,
13888.20635,130,6,59,,,,
13908.18957,158,8,63,,,,
13928.1728,153,10,75,,,,
13948.15602,133,10,74,,,,
13968.13925,148,16,76,,,,
13988.12247,154,8,80,,,,
14008.1057,175,11,75,,,,
14028.08892,170,17,67,,,,
14048.07215,161,17,91,,,,
14068.05537,164,21,95,,,,
14088.03859,221,30,112,,,,
14108.02182,202,23,111,,,,
14128.00504,210,23,118,,,,
14147.98827,171,37,115,,,,
14167.97149,190,36,97,,,,
14187.95472,192,24,104,,,,
14207.93794,180,24,84,,,,
14227.92117,167,21,70,,,,
14247.90439,179,15,78,,,,
14267.88762,180,15,51,,,,
14287.87084,185,15,37,,,,
14307.85407,158,8,44,,,,
14327.83729,153,9,41,,,,
14347.82052,180,8,46,,,,
14367.80374,153,7,51,,,,
14387.78697,159,7,44,,,,
14407.77019,132,10,42,,,,
14427.75342,160,8,54,,,,
14447.73664,157,2,42,,,,
14467.71987,180,9,46,,,,
14487.70309,164,7,48,,,,
14507.68632,157,7,44,,,,
14527.66954,164,2,51,,,,
14547.65277,156,6,46,,,,
14567.63599,170,4,48,,,,
14587.61922,135,8,40,,,,
14607.60244,167,12,33,,,,
14627.58567,168,7,33,,,,
14647.56889,185,6,31,,,,
14667.55212,156,9,32,,,,
14687.53534,168,14,24,,,,
14707.51857,170,3,27,,,,
14727.50179,184,6,22,,,,
14747.48502,179,10,22,,,,
14767.46824,188,15,19,,,,
14787.45147,193,13,10,,,,
14807.43469,194,14,20,,,,
14827.41792,192,16,24,,,,
14847.40114,190,16,15,,,,
14867.38436,171,16,33,,,,
14887.36759,196,18,12,,,,
14907.35081,209,24,16,,,,
14927.33404,183,20,23,,,,
14947.31726,192,23,23,,,,
14967.30049,209,16,19,,,,
14987.28371,206,17,23,,,,
15007.26694,167,22,20,,,,
15027.25016,191,14,19,,,,
15047.23339,205,16,20,,,,
15067.21661,171,11,29,,,,
15087.19984,201,13,29,,,,
15107.18306,150,16,35,,,,
15127.16629,187,14,15,,,,
15147.14951,166,5,28,,,,
15167.13274,196,12,24,,,,
15187.11596,194,11,29,,,,
15207.09919,193,11,27,,,,
15227.08241,164,14,23,,,,
15247.06564,181,10,24,,,,
15267.04886,169,7,32,,,,
15287.03209,175,9,20,,,,
15307.01531,185,18,32,,,,
15326.99854,171,13,20,,,,
15346.98176,165,10,25,,,,
15366.96499,170,13,16,,,,
15386.94821,187,9,16,,,,
15406.93144,171,11,21,,,,
15426.91466,167,8,29,,,,
15446.89789,167,8,21,,,,
15466.88111,208,11,26,,,,
15486.86434,226,9,22,,,,
15506.84756,227,20,20,,,,
15526.83079,175,32,33,,,,
15546.81401,221,21,14,,,,
15566.79724,245,34,18,,,,
15586.78046,252,49,16,,,,
15606.76368,296,51,25,,,,
15626.74691,312,63,27,,,,
15646.73013,352,100,26,,,,
15666.71336,385,121,29,,,,
15686.69658,421,128,31,,,,
15706.67981,431,165,32,,,,
15726.66303,445,167,26,,,,
15746.64626,472,203,41,,,,
15766.62948,483,181,29,,,,
15786.61271,502,168,18,,,,
15806.59593,464,160,22,,,,
15826.57916,395,146,36,,,,
15846.56238,356,130,31,,,,
15866.54561,335,68,35,,,,
15886.52883,278,71,18,,,,
15906.51206,282,53,13,,,,
15926.49528,229,56,29,,,,
15946.47851,238,29,24,,,,
15966.46173,244,31,18,,,,
15986.44496,217,23,19,,,,
16006.42818,241,15,23,,,,
16026.41141,194,17,16,,,,
16046.39463,199,22,28,,,,
16066.37786,212,10,15,,,,
16086.36108,201,18,21,,,,
16106.34431,194,17,23,,,,
16126.32753,232,11,14,,,,
16146.31076,220,19,25,,,,
16166.29398,208,20,24,,,,
16186.27721,231,20,22,,,,
16206.26043,231,10,27,,,,
16226.24366,238,21,17,,,,
16246.22688,227,18,29,,,,
16266.21011,214,17,20,,,,
16286.19333,211,20,12,,,,
16306.17656,212,17,26,,,,
16326.15978,203,17,16,,,,
16346.14301,218,18,12,,,,
16366.12623,200,24,24,,,,
16386.10945,234,26,17,,,,
16406.09268,214,13,23,,,,
16426.0759,209,25,20,,,,
16446.05913,188,24,13,,,,
16466.04235,220,22,14,,,,
16486.02558,231,17,30,,,,
16506.0088,266,24,20,,,,
16525.99203,256,36,19,,,,
16545.97525,221,26,13,,,,
16565.95848,242,32,12,,,,
16585.9417,254,32,11,,,,
16605.92493,214,32,18,,,,
16625.90815,267,26,14,,,,
16645.89138,226,37,21,,,,
16665.8746,219,43,20,,,,
16685.85783,247,33,22,,,,
16705.84105,214,23,14,,,,
16725.82428,230,23,19,,,,
16745.8075,211,15,12,,,,
16765.79073,223,21,24,,,,
16785.77395,233,22,22,,,,
16805.75718,175,12,23,,,,
16825.7404,215,17,20,,,,
16845.72363,214,25,16,,,,
16865.70685,225,24,20,,,,
16885.69008,226,17,16,,,,
16905.6733,233,16,22,,,,
16925.65653,215,18,22,,,,
16945.63975,236,23,18,,,,
16965.62298,234,25,11,,,,
16985.6062,204,17,14,,,,
17005.58943,225,23,22,,,,
17025.57265,229,22,11,,,,
17045.55588,220,24,16,,,,
17065.5391,226,26,14,,,,
17085.52233,249,19,16,,,,
17105.50555,219,23,15,,,,
17125.48877,221,24,25,,,,
17145.472,227,23,17,,,,
17165.45522,211,19,12,,,,
17185.43845,241,20,23,,,,
17205.42167,250,34,27,,,,
17225.4049,235,33,15,,,,
17245.38812,208,43,26,,,,
17265.37135,231,53,31,,,,
17285.35457,250,66,22,,,,
17305.3378,269,73,21,,,,
17325.32102,245,97,31,,,,
17345.30425,235,103,25,,,,
17365.28747,250,121,31,,,,
17385.2707,279,143,28,,,,
17405.25392,270,135,26,,,,
17425.23715,267,151,20,,,,
17445.22037,255,180,26,,,,
17465.2036,263,167,11,,,,
17485.18682,230,171,31,,,,
17505.17005,270,158,26,,,,
17525.15327,243,165,26,,,,
17545.1365,277,120,12,,,,
17565.11972,288,124,19,,,,
17585.10295,259,116,26,,,,
17605.08617,264,88,16,,,,
17625.0694,273,87,22,,,,
17645.05262,261,67,29,,,,
17665.03585,306,74,19,,,,
17685.01907,250,72,22,,,,
17705.0023,266,63,18,,,,
17724.98552,263,53,15,,,,
17744.96875,235,46,19,,,,
17764.95197,253,41,18,,,,
17784.9352,269,37,17,,,,
17804.91842,258,41,26,,,,
17824.90165,263,47,14,,,,
17844.88487,245,35,16,,,,
17864.8681,242,33,14,,,,
17884.85132,230,37,13,,,,
17904.83454,247,43,14,,,,
17924.81777,289,40,21,,,,
17944.80099,218,45,17,,,,
17964.78422,275,44,15,,,,
17984.76744,279,42,17,,,,
18004.75067,238,31,11,,,,
18024.73389,245,42,12,,,,
18044.71712,254,38,15,,,,
18064.70034,250,50,21,,,,
18084.68357,233,47,12,,,,
18104.66679,240,31,21,,,,
18124.65002,250,42,16,,,,
18144.63324,273,40,20,,,,
18164.61647,222,34,15,,,,
18184.59969,231,38,11,,,,
18204.58292,256,34,20,,,,
18224.56614,253,34,18,,,,
18244.54937,292,33,14,,,,
18264.53259,261,31,21,,,,
18284.51582,286,37,15,,,,
18304.49904,231,46,22,,,,
18324.48227,270,39,25,,,,
18344.46549,258,37,12,,,,
18364.44872,265,49,28,,,,
18384.43194,264,43,16,,,,
18404.41517,259,43,12,,,,
18424.39839,276,51,22,,,,
18444.38162,289,57,19,,,,
18464.36484,277,52,14,,,,
18484.34807,275,54,14,,,,
18504.33129,319,53,13,,,,
18524.31452,285,51,12,,,,
18544.29774,304,61,13,,,,
18564.28097,298,64,19,,,,
18584.26419,326,58,14,,,,
18604.24742,294,65,20,,,,
18624.23064,343,62,17,,,,
18644.21387,376,89,19,,,,
18664.19709,339,78,25,,,,
18684.18031,365,72,17,,,,
18704.16354,378,80,25,,,,
18724.14676,357,81,20,,,,
18744.12999,389,91,30,,,,
18764.11321,396,106,24,,,,
18784.09644,368,98,23,,,,
18804.07966,373,102,21,,,,
18824.06289,389,112,24,,,,
18844.04611,382,112,19,,,,
18864.02934,414,100,29,,,,
18884.01256,452,110,20,,,,
18903.99579,413,123,27,,,,
18923.97901,427,136,17,,,,
18943.96224,451,128,29,,,,
18963.94546,463,124,23,,,,
18983.92869,467,135,25,,,,
19003.91191,444,125,32,,,,
19023.89514,447,154,30,,,,
19043.87836,483,138,30,,,,
19063.86159,492,139,44,,,,
19083.84481,481,144,41,,,,
19103.82804,491,126,34,,,,
19123.81126,517,125,58,,,,
19143.79449,468,144,60,,,,
19163.77771,466,120,61,,,,
19183.76094,489,135,67,,,,
19203.74416,471,153,81,,,,
19223.72739,484,144,81,,,,
19243.71061,465,138,72,,,,
19263.69384,440,133,86,,,,
19283.67706,435,126,80,,,,
19303.66029,419,137,58,,,,
19323.64351,434,133,71,,,,
19343.62674,421,123,40,,,,
19363.60996,429,135,59,,,,
19383.59319,368,111,32,,,,
19403.57641,374,121,35,,,,
19423.55963,361,108,32,,,,
19443.54286,388,111,32,,,,
19463.52608,359,121,20,,,,
19483.50931,356,112,13,,,,
19503.49253,350,108,18,,,,
19523.47576,360,108,13,,,,
19543.45898,329,99,18,,,,
19563.44221,359,120,20,,,,
19583.42543,350,104,14,,,,
19603.40866,361,111,13,,,,
19623.39188,342,112,15,,,,
19643.37511,343,97,19,,,,
19663.35833,326,105,15,,,,
19683.34156,302,113,12,,,,
19703.32478,280,84,23,,,,
19723.30801,282,90,21,,,,
19743.29123,318,80,26,,,,
19763.27446,328,78,29,,,,
19783.25768,305,89,25,,,,
19803.24091,300,83,39,,,,
19823.22413,294,87,34,,,,
19843.20736,301,75,29,,,,
19863.19058,309,90,32,,,,
19883.17381,370,88,33,,,,
19903.15703,375,92,35,,,,
19923.14026,352,108,36,,,,
19943.12348,383,85,37,,,,
19963.10671,404,128,39,,,,
19983.08993,458,121,33,,,,
20003.07316,437,149,32,,,,
20023.05638,487,147,37,,,,
20043.03961,532,135,33,,,,
20063.02283,559,168,23,,,,
20083.00606,575,197,31,,,,
20102.98928,603,192,34,,,,
20122.97251,663,210,34,,,,
20142.95573,628,195,37,,,,
20162.93896,653,232,23,,,,
20182.92218,703,227,40,,,,
20202.9054,670,204,24,,,,
20222.88863,621,237,27,,,,
20242.87185,599,216,29,,,,
20262.85508,571,182,24,,,,
20282.8383,521,177,26,,,,
20302.82153,478,165,27,,,,
20322.80475,424,168,18,,,,
20342.78798,376,134,19,,,,
20362.7712,361,111,18,,,,
20382.75443,337,98,18,,,,
20402.73765,301,88,11,,,,
20422.72088,253,65,19,,,,
20442.7041,236,71,9,,,,
20462.68733,258,69,13,,,,
20482.67055,249,61,17,,,,
20502.65378,239,54,21,,,,
20522.637,250,59,7,,,,
20542.62023,236,70,4,,,,
20562.60345,238,62,9,,,,
20582.58668,221,44,8,,,,
20602.5699,259,65,11,,,,
20622.55313,232,72,8,,,,
20642.53635,225,64,8,,,,
20662.51958,267,79,9,,,,
20682.5028,231,59,6,,,,
20702.48603,244,84,14,,,,
20722.46925,224,74,3,,,,
20742.45248,238,62,12,,,,
20762.4357,209,65,6,,,,
20782.41893,229,71,4,,,,
20802.40215,265,80,4,,,,
20822.38538,275,72,10,,,,
20842.3686,250,74,10,,,,
20862.35183,239,76,8,,,,
20882.33505,254,61,8,,,,
20902.31828,244,70,5,,,,
20922.3015,230,62,13,,,,
20942.28472,257,102,4,,,,
20962.26795,249,68,5,,,,
20982.25117,241,68,13,,,,
21002.2344,270,104,13,,,,
21022.21762,253,72,10,,,,
21042.20085,245,92,6,,,,
21062.18407,258,99,6,,,,
21082.1673,263,89,4,,,,
21102.15052,250,102,8,,,,
21122.13375,270,95,9,,,,
21142.11697,274,89,8,,,,
21162.1002,259,94,9,,,,
21182.08342,241,95,11,,,,
21202.06665,238,98,4,,,,
21222.04987,236,97,4,,,,
21242.0331,234,92,13,,,,
21262.01632,269,99,5,,,,
21281.99955,273,109,9,,,,
21301.98277,270,97,9,,,,
21321.966,241,94,12,,,,
21341.94922,269,108,9,,,,
21361.93245,255,111,8,,,,
21381.91567,261,111,12,,,,
21401.8989,264,102,12,,,,
21421.88212,276,123,10,,,,
21441.86535,247,86,7,,,,
21461.84857,266,101,12,,,,
21481.8318,267,89,12,,,,
21501.81502,279,115,9,,,,
21521.79825,249,103,5,,,,
21541.78147,250,95,8,,,,
21561.7647,216,111,10,,,,
21581.74792,268,96,6,,,,
21601.73115,290,101,11,,,,
21621.71437,279,107,11,,,,
21641.6976,267,105,9,,,,
21661.68082,265,104,6,,,,
21681.66405,257,108,7,,,,
21701.64727,259,86,9,,,,
21721.63049,247,89,6,,,,
21741.61372,233,99,5,,,,
21761.59694,249,91,4,,,,
21781.58017,262,99,6,,,,
21801.56339,238,85,10,,,,
21821.54662,265,120,12,,,,
21841.52984,243,82,7,,,,
21861.51307,223,88,3,,,,
21881.49629,234,97,9,,,,
21901.47952,243,76,9,,,,
21921.46274,209,83,5,,,,
21941.44597,243,83,6,,,,
21961.42919,221,101,6,,,,
21981.41242,235,96,13,,,,
22001.39564,244,88,3,,,,
22021.37887,209,94,9,,,,
22041.36209,232,82,13,,,,
22061.34532,234,95,10,,,,
22081.32854,227,76,4,,,,
22101.31177,235,75,6,,,,
22121.29499,228,72,13,,,,
22141.27822,218,88,6,,,,
22161.26144,217,85,11,,,,
22181.24467,222,81,5,,,,
22201.22789,221,81,7,,,,
22221.21112,201,78,7,,,,
22241.19434,196,97,6,,,,
22261.17757,225,70,6,,,,
22281.16079,221,93,5,,,,
22301.14402,225,80,6,,,,
22321.12724,238,93,7,,,,
22341.11047,218,85,6,,,,
22361.09369,230,88,8,,,,
22381.07692,215,74,6,,,,
22401.06014,188,83,6,,,,
22421.04337,230,85,8,,,,
22441.02659,224,94,5,,,,
22461.00981,203,103,3,,,,
22480.99304,221,84,9,,,,
22500.97626,221,87,9,,,,
22520.95949,220,83,4,,,,
22540.94271,215,93,5,,,,
22560.92594,227,109,10,,,,
22580.90916,253,106,5,,,,
22600.89239,288,113,10,,,,
22620.87561,256,118,10,,,,
22640.85884,282,106,11,,,,
22660.84206,287,147,7,,,,
22680.82529,263,154,11,,,,
22700.80851,293,150,4,,,,
22720.79174,288,157,13,,,,
22740.77496,299,126,13,,,,
22760.75819,283,155,9,,,,
22780.74141,290,126,7,,,,
22800.72464,262,156,13,,,,
22820.70786,251,121,5,,,,
22840.69109,267,117,9,,,,
22860.67431,229,108,5,,,,
22880.65754,229,107,6,,,,
22900.64076,217,108,9,,,,
22920.62399,235,93,4,,,,
22940.60721,204,85,6,,,,
22960.59044,204,90,7,,,,
22980.57366,186,84,6,,,,
23000.55689,194,101,5,,,,
23020.54011,190,103,6,,,,
23040.52334,196,86,4,,,,
23060.50656,175,93,11,,,,
23080.48979,222,86,5,,,,
23100.47301,205,89,11,,,,
23120.45624,197,98,8,,,,
23140.43946,163,102,7,,,,
23160.42269,190,93,4,,,,
23180.40591,193,99,4,,,,
23200.38914,188,95,4,,,,
23220.37236,194,83,5,,,,
23240.35558,196,92,6,,,,
23260.33881,176,76,4,,,,
23280.32203,199,95,5,,,,
23300.30526,194,108,8,,,,
23320.28848,192,86,6,,,,
23340.27171,181,96,8,,,,
23360.25493,192,92,8,,,,
23380.23816,171,82,5,,,,
23400.22138,176,94,10,,,,
23420.20461,177,72,3,,,,
23440.18783,163,83,3,,,,
23460.17106,157,78,4,,,,
23480.15428,164,92,7,,,,
23500.13751,171,81,7,,,,
23520.12073,168,77,4,,,,
23540.10396,172,82,9,,,,
23560.08718,169,84,6,,,,
23580.07041,173,86,6,,,,
23600.05363,181,76,4,,,,
23620.03686,153,85,4,,,,
23640.02008,184,89,6,,,,
23660.00331,187,82,12,,,,
23679.98653,179,90,3,,,,
23699.96976,202,95,5,,,,
23719.95298,187,88,8,,,,
23739.93621,163,100,3,,,,
23759.91943,180,108,8,,,,
23779.90266,181,102,8,,,,
23799.88588,176,120,8,,,,
23819.86911,174,121,7,,,,
23839.85233,192,109,6,,,,
23859.83556,179,125,7,,,,
23879.81878,144,166,6,,,,
23899.80201,156,179,7,,,,
23919.78523,190,175,3,,,,
23939.76846,171,209,13,,,,
23959.75168,164,245,9,,,,
23979.7349,198,235,8,,,,
23999.71813,169,258,7,,,,
24019.70135,177,254,11,,,,
24039.68458,165,276,7,,,,
24059.6678,167,293,7,,,,
24079.65103,183,310,13,,,,
24099.63425,184,313,13,,,,
24119.61748,183,348,13,,,,
24139.6007,160,347,9,,,,
24159.58393,155,347,16,,,,
24179.56715,181,370,14,,,,
24199.55038,172,352,12,,,,
24219.5336,180,399,6,,,,
24239.51683,157,360,15,,,,
24259.50005,164,349,13,,,,
24279.48328,162,295,7,,,,
24299.4665,154,291,8,,,,
24319.44973,169,295,10,,,,
24339.43295,135,212,12,,,,
24359.41618,143,181,7,,,,
24379.3994,152,163,7,,,,
24399.38263,163,140,5,,,,
24419.36585,160,137,5,,,,
24439.34908,140,135,4,,,,
24459.3323,147,140,5,,,,
24479.31553,165,119,12,,,,
24499.29875,163,107,5,,,,
24519.28198,127,116,2,,,,
24539.2652,141,82,5,,,,
24559.24843,135,86,5,,,,
24579.23165,134,96,10,,,,
24599.21488,158,102,6,,,,
24619.1981,125,92,5,,,,
24639.18133,129,87,2,,,,
24659.16455,131,102,3,,,,
24679.14778,155,99,4,,,,
24699.131,137,83,3,,,,
24719.11423,138,93,4,,,,
24739.09745,145,96,5,,,,
24759.08067,152,101,6,,,,
24779.0639,144,105,2,,,,
24799.04712,142,118,4,,,,
24819.03035,118,99,4,,,,
24839.01357,109,103,9,,,,
24858.9968,139,116,5,,,,
24878.98002,136,98,8,,,,
24898.96325,153,110,2,,,,
24918.94647,134,108,6,,,,
24938.9297,144,114,7,,,,
24958.91292,134,111,9,,,,
24978.89615,130,116,0,,,,
24998.87937,138,106,10,,,,
25018.8626,133,128,5,,,,
25038.84582,110,140,9,,,,
25058.82905,149,147,3,,,,
25078.81227,132,130,1,,,,
25098.7955,139,165,4,,,,
25118.77872,128,145,3,,,,
25138.76195,102,161,4,,,,
25158.74517,154,161,11,,,,
25178.7284,141,153,5,,,,
25198.71162,148,147,7,,,,
25218.69485,128,167,5,,,,
25238.67807,149,148,9,,,,
25258.6613,122,158,10,,,,
25278.64452,126,167,13,,,,
25298.62775,127,140,4,,,,
25318.61097,114,163,12,,,,
25338.5942,109,138,7,,,,
25358.57742,114,127,6,,,,
25378.56065,119,142,10,,,,
25398.54387,124,120,6,,,,
25418.5271,110,112,4,,,,
25438.51032,116,133,9,,,,
25458.49355,149,124,4,,,,
25478.47677,129,130,8,,,,
25498.46,98,123,4,,,,
25518.44322,119,121,4,,,,
25538.42644,135,115,3,,,,
25558.40967,103,106,7,,,,
25578.39289,113,119,9,,,,
25598.37612,127,90,11,,,,
25618.35934,104,103,5,,,,
25638.34257,119,127,10,,,,
25658.32579,127,93,5,,,,
25678.30902,106,100,6,,,,
25698.29224,118,95,7,,,,
25718.27547,100,93,3,,,,
25738.25869,107,112,10,,,,
25758.24192,110,97,12,,,,
25778.22514,126,104,7,,,,
25798.20837,110,131,7,,,,
25818.19159,95,96,5,,,,
25838.17482,111,109,6,,,,
25858.15804,101,95,3,,,,
25878.14127,105,122,2,,,,
25898.12449,84,109,5,,,,
25918.10772,110,110,6,,,,
25938.09094,96,111,5,,,,
25958.07417,102,110,7,,,,
25978.05739,101,112,4,,,,
25998.04062,106,90,4,,,,
26018.02384,92,107,5,,,,
26038.00707,96,113,6,,,,
26057.99029,86,110,4,,,,
26077.97352,81,98,5,,,,
26097.95674,89,104,6,,,,
26117.93997,99,101,14,,,,
26137.92319,95,115,6,,,,
26157.90642,107,103,5,,,,
26177.88964,103,93,3,,,,
26197.87287,76,107,2,,,,
26217.85609,96,114,4,,,,
26237.83932,89,103,6,,,,
26257.82254,84,121,4,,,,
26277.80576,100,101,4,,,,
26297.78899,75,124,4,,,,
26317.77221,83,111,2,,,,
26337.75544,82,120,8,,,,
26357.73866,69,94,7,,,,
26377.72189,84,120,7,,,,
26397.70511,87,114,9,,,,
26417.68834,74,104,8,,,,
26437.67156,83,113,5,,,,
26457.65479,79,114,4,,,,
26477.63801,74,111,8,,,,
26497.62124,75,104,12,,,,
26517.60446,76,105,5,,,,
26537.58769,80,88,7,,,,
26557.57091,70,109,6,,,,
26577.55414,78,118,8,,,,
26597.53736,79,104,9,,,,
26617.52059,79,111,9,,,,
26637.50381,84,103,9,,,,
26657.48704,68,103,5,,,,
26677.47026,69,97,9,,,,
26697.45349,69,113,7,,,,
26717.43671,75,102,8,,,,
26737.41994,64,114,3,,,,
26757.40316,82,117,3,,,,
26777.38639,73,114,5,,,,
26797.36961,76,112,5,,,,
26817.35284,63,100,7,,,,
26837.33606,52,97,6,,,,
26857.31929,49,95,4,,,,
26877.30251,50,112,6,,,,
26897.28574,55,116,6,,,,
26917.26896,28,105,4,,,,
26937.25219,53,113,8,,,,
26957.23541,57,113,5,,,,
26977.21864,55,130,4,,,,
26997.20186,43,104,2,,,,
27017.18509,65,119,5,,,,
27037.16831,50,117,3,,,,
27057.15153,54,116,6,,,,
27077.13476,41,127,8,,,,
27097.11798,46,124,5,,,,
27117.10121,52,123,4,,,,
27137.08443,46,155,6,,,,
27157.06766,46,153,3,,,,
27177.05088,51,154,3,,,,
27197.03411,43,153,6,,,,
27217.01733,53,161,4,,,,
27237.00056,53,181,5,,,,
27256.98378,48,188,5,,,,
27276.96701,43,184,3,,,,
27296.95023,42,174,9,,,,
27316.93346,47,199,4,,,,
27336.91668,37,172,1,,,,
27356.89991,43,172,6,,,,
27376.88313,45,180,6,,,,
27396.86636,45,144,4,,,,
27416.84958,44,152,2,,,,
27436.83281,40,175,5,,,,
27456.81603,46,127,5,,,,
27476.79926,40,140,3,,,,
27496.78248,36,144,1,,,,
27516.76571,31,127,4,,,,
27536.74893,15,139,1,,,,
27556.73216,27,121,6,,,,
27576.71538,38,127,5,,,,
27596.69861,24,114,1,,,,
27616.68183,28,124,5,,,,
27636.66506,41,114,3,,,,
27656.64828,37,109,3,,,,
27676.63151,33,111,5,,,,
27696.61473,29,141,3,,,,
27716.59796,28,124,6,,,,
27736.58118,27,134,5,,,,
27756.56441,24,118,8,,,,
27776.54763,32,115,2,,,,
27796.53085,29,101,6,,,,
27816.51408,30,129,3,,,,
27836.4973,38,142,3,,,,
27856.48053,32,135,6,,,,
27876.46375,30,121,2,,,,
27896.44698,27,130,9,,,,
27916.4302,23,118,3,,,,
27936.41343,28,115,2,,,,
27956.39665,23,107,3,,,,
27976.37988,31,94,6,,,,
27996.3631,26,98,2,,,,
28016.34633,24,113,2,,,,
28036.32955,27,128,3,,,,
28056.31278,24,108,6,,,,
28076.296,25,124,3,,,,
28096.27923,21,104,5,,,,
28116.26245,23,107,1,,,,
28136.24568,28,93,4,,,,
28156.2289,19,113,7,,,,
28176.21213,27,94,1,,,,
28196.19535,14,92,2,,,,
28216.17858,21,109,1,,,,
28236.1618,23,91,5,,,,
28256.14503,13,115,4,,,,
28276.12825,19,100,3,,,,
28296.11148,26,106,1,,,,
28316.0947,19,106,5,,,,
28336.07793,23,118,4,,,,
28356.06115,26,122,4,,,,
28376.04438,17,108,5,,,,
28396.0276,22,115,1,,,,
28416.01083,20,120,3,,,,
28435.99405,18,109,6,,,,
28455.97728,24,130,6,,,,
28475.9605,20,118,2,,,,
28495.94373,15,130,1,,,,
28515.92695,22,124,3,,,,
28535.91018,12,105,6,,,,
28555.8934,17,129,2,,,,
28575.87662,16,97,4,,,,
28595.85985,21,128,4,,,,
28615.84307,21,120,3,,,,
28635.8263,14,107,2,,,,
28655.80952,18,87,1,,,,
28675.79275,12,99,0,,,,
28695.77597,16,137,4,,,,
28715.7592,13,110,5,,,,
28735.74242,13,99,3,,,,
28755.72565,11,107,6,,,,
28775.70887,12,100,4,,,,
28795.6921,13,108,3,,,,
28815.67532,14,84,2,,,,
28835.65855,20,118,4,,,,
28855.64177,17,83,4,,,,
28875.625,17,112,4,,,,
28895.60822,13,110,5,,,,
28915.59145,6,93,5,,,,
28935.57467,10,102,5,,,,
28955.5579,15,102,2,,,,
28975.54112,13,134,4,,,,
28995.52435,14,106,3,,,,
29015.50757,12,102,0,,,,
29035.4908,14,124,3,,,,
29055.47402,11,112,3,,,,
29075.45725,11,110,2,,,,
29095.44047,9,132,3,,,,
29115.4237,10,113,4,,,,
29135.40692,10,87,1,,,,
29155.39015,8,112,5,,,,
29175.37337,11,106,2,,,,
29195.3566,11,110,1,,,,
29215.33982,13,124,4,,,,
29235.32305,8,98,2,,,,
29255.30627,12,126,1,,,,
29275.2895,9,114,4,,,,
29295.27272,13,102,1,,,,
29315.25594,10,88,3,,,,
29335.23917,5,101,1,,,,
29355.22239,10,113,2,,,,
29375.20562,7,96,1,,,,
29395.18884,10,105,4,,,,
29415.17207,7,98,2,,,,
29435.15529,10,93,2,,,,
29455.13852,2,97,5,,,,
29475.12174,5,117,0,,,,
29495.10497,4,107,0,,,,
29515.08819,7,121,2,,,,
29535.07142,6,87,4,,,,
29555.05464,7,109,3,,,,
29575.03787,2,100,3,,,,
29595.02109,2,106,3,,,,
29615.00432,5,109,2,,,,
29634.98754,8,89,4,,,,
29654.97077,5,119,2,,,,
29674.95399,4,103,2,,,,
29694.93722,1,107,2,,,,
29714.92044,2,113,1,,,,
29734.90367,2,124,3,,,,
29754.88689,7,118,2,,,,
29774.87012,3,102,4,,,,
29794.85334,6,107,1,,,,
29814.83657,6,112,1,,,,
29834.81979,12,100,2,,,,
29854.80302,4,110,2,,,,
29874.78624,4,120,6,,,,
29894.76947,5,125,1,,,,
29914.75269,6,92,1,,,,
29934.73592,0,108,3,,,,
29954.71914,4,110,2,,,,
29974.70237,5,90,2,,,,
29994.68559,8,119,4,,,,
30014.66882,4,98,2,,,,
30034.65204,6,96,5,,,,
30054.63527,6,89,1,,,,
30074.61849,3,118,6,,,,
30094.60171,5,91,6,,,,
30114.58494,6,100,2,,,,
30134.56816,2,100,2,,,,
30154.55139,6,118,6,,,,
30174.53461,4,94,3,,,,
30194.51784,4,104,1,,,,
30214.50106,6,111,3,,,,
30234.48429,3,114,2,,,,
30254.46751,3,130,5,,,,
30274.45074,5,106,3,,,,
30294.43396,8,99,4,,,,
30314.41719,3,96,2,,,,
30334.40041,5,103,2,,,,
30354.38364,2,110,4,,,,
30374.36686,1,115,4,,,,
30394.35009,0,95,2,,,,
30414.33331,3,107,1,,,,
30434.31654,4,113,2,,,,
30454.29976,4,132,6,,,,
30474.28299,4,77,5,,,,
30494.26621,5,100,7,,,,
30514.24944,7,103,7,,,,
30534.23266,3,102,6,,,,
30554.21589,6,102,4,,,,
30574.19911,4,120,1,,,,
30594.18234,1,107,4,,,,
30614.16556,1,107,5,,,,
30634.14879,3,89,2,,,,
30654.13201,9,101,2,,,,
30674.11524,0,104,3,,,,
30694.09846,4,125,3,,,,
30714.08169,4,105,3,,,,
30734.06491,5,96,3,,,,
30754.04814,6,105,1,,,,
30774.03136,7,108,2,,,,
30794.01459,4,116,3,,,,
30813.99781,7,133,2,,,,
30833.98103,2,110,1,,,,
30853.96426,5,92,0,,,,
30873.94748,8,97,7,,,,
30893.93071,2,89,3,,,,
30913.91393,3,119,0,,,,
30933.89716,1,106,3,,,,
30953.88038,5,102,2,,,,
30973.86361,2,112,3,,,,
30993.84683,3,102,2,,,,
31013.83006,6,109,4,,,,
31033.81328,4,98,3,,,,
31053.79651,4,106,3,,,,
31073.77973,5,112,2,,,,
31093.76296,1,118,1,,,,
31113.74618,3,104,2,,,,
31133.72941,3,87,5,,,,
31153.71263,5,98,2,,,,
31173.69586,4,107,6,,,,
31193.67908,5,96,6,,,,
31213.66231,6,96,5,,,,
31233.64553,6,96,2,,,,
31253.62876,4,93,0,,,,
31273.61198,7,123,3,,,,
31293.59521,5,112,4,,,,
31313.57843,5,118,4,,,,
31333.56166,3,124,4,,,,
31353.54488,4,97,2,,,,
31373.52811,5,88,0,,,,
31393.51133,5,93,4,,,,
31413.49456,5,124,0,,,,
31433.47778,5,99,2,,,,
31453.46101,2,106,4,,,,
31473.44423,3,125,3,,,,
31493.42746,6,108,1,,,,
31513.41068,5,103,2,,,,
31533.39391,1,112,1,,,,
31553.37713,3,98,3,,,,
31573.36036,1,116,4,,,,
31593.34358,4,112,1,,,,
31613.3268,3,135,2,,,,
31633.31003,2,94,2,,,,
31653.29325,3,117,0,,,,
31673.27648,4,118,1,,,,
31693.2597,7,111,3,,,,
31713.24293,4,112,4,,,,
31733.22615,2,123,2,,,,
31753.20938,1,118,2,,,,
31773.1926,3,129,1,,,,
31793.17583,1,119,1,,,,
31813.15905,4,118,4,,,,
31833.14228,2,124,1,,,,
31853.1255,6,126,2,,,,
31873.10873,1,139,1,,,,
31893.09195,2,105,4,,,,
31913.07518,2,115,2,,,,
31933.0584,4,110,1,,,,
31953.04163,3,100,3,,,,
31973.02485,1,112,5,,,,
31993.00808,3,125,0,,,,
32012.9913,5,117,3,,,,
32032.97453,5,132,2,,,,
32052.95775,3,117,1,,,,
32072.94098,4,118,0,,,,
32092.9242,3,126,1,,,,
32112.90743,3,132,4,,,,
32132.89065,1,121,2,,,,
32152.87388,8,126,4,,,,
32172.8571,7,141,3,,,,
32192.84033,1,150,5,,,,
32212.82355,4,129,3,,,,
32232.80678,4,139,4,,,,
32252.79,4,124,2,,,,
32272.77323,4,127,2,,,,
32292.75645,3,142,3,,,,
32312.73968,3,123,3,,,,
32332.7229,0,140,3,,,,
32352.70612,1,112,4,,,,
32372.68935,0,120,6,,,,
32392.67257,3,120,2,,,,
32412.6558,3,125,1,,,,
32432.63902,4,105,3,,,,
32452.62225,3,97,3,,,,
32472.60547,0,100,3,,,,
32492.5887,1,101,1,,,,
32512.57192,4,99,2,,,,
32532.55515,2,91,5,,,,
32552.53837,3,112,2,,,,
32572.5216,3,100,4,,,,
32592.50482,5,110,5,,,,
32612.48805,7,108,2,,,,
32632.47127,2,89,3,,,,
32652.4545,3,103,2,,,,
32672.43772,1,78,0,,,,
32692.42095,3,109,5,,,,
32712.40417,2,89,1,,,,
32732.3874,3,108,4,,,,
32752.37062,2,115,3,,,,
32772.35385,0,119,2,,,,
32792.33707,4,97,4,,,,
32812.3203,3,106,2,,,,
32832.30352,5,116,4,,,,
32852.28675,1,104,1,,,,
32872.26997,1,99,2,,,,
32892.2532,1,105,3,,,,
32912.23642,3,98,2,,,,
32932.21965,2,98,1,,,,
32952.20287,3,97,2,,,,
32972.1861,4,96,5,,,,
32992.16932,3,89,4,,,,
33012.15255,2,84,3,,,,
33032.13577,4,113,5,,,,
33052.119,3,103,1,,,,
33072.10222,2,89,2,,,,
33092.08545,2,109,4,,,,
33112.06867,0,92,4,,,,
33132.05189,3,118,2,,,,
33152.03512,3,92,2,,,,
33172.01834,1,93,2,,,,
33192.00157,2,112,2,,,,
33211.98479,4,84,5,,,,
33231.96802,3,101,2,,,,
33251.95124,1,107,2,,,,
33271.93447,3,96,3,,,,
33291.91769,4,96,3,,,,
33311.90092,1,107,1,,,,
33331.88414,0,89,2,,,,
33351.86737,1,102,3,,,,
33371.85059,4,96,0,,,,
33391.83382,2,93,4,,,,
33411.81704,1,100,0,,,,
33431.80027,6,116,3,,,,
33451.78349,3,101,1,,,,
33471.76672,1,109,4,,,,
33491.74994,0,85,3,,,,
33511.73317,2,77,1,,,,
33531.71639,2,106,1,,,,
33551.69962,2,105,3,,,,
33571.68284,2,95,1,,,,
33591.66607,1,96,5,,,,
33611.64929,3,105,3,,,,
33631.63252,1,92,3,,,,
33651.61574,1,91,1,,,,
33671.59897,0,92,1,,,,
33691.58219,1,95,1,,,,
33711.56542,1,93,4,,,,
33731.54864,1,84,7,,,,
33751.53187,3,92,2,,,,
33771.51509,1,96,3,,,,
33791.49832,5,93,4,,,,
33811.48154,1,96,3,,,,
33831.46477,1,113,2,,,,
33851.44799,1,88,3,,,,
33871.43122,1,95,1,,,,
33891.41444,1,84,1,,,,
33911.39766,3,79,3,,,,
33931.38089,2,110,2,,,,
33951.36411,0,94,2,,,,
33971.34734,2,116,2,,,,
33991.33056,2,119,1,,,,
34011.31379,1,105,3,,,,
34031.29701,4,85,1,,,,
34051.28024,2,103,4,,,,
34071.26346,1,119,3,,,,
34091.24669,1,93,2,,,,
34111.22991,0,102,1,,,,
34131.21314,1,100,3,,,,
34151.19636,1,101,1,,,,
34171.17959,0,101,0,,,,
34191.16281,0,89,2,,,,
34211.14604,1,84,3,,,,
34231.12926,0,74,4,,,,
34251.11249,2,95,3,,,,
34271.09571,1,89,4,,,,
34291.07894,1,91,1,,,,
34311.06216,1,103,2,,,,
34331.04539,3,78,1,,,,
34351.02861,2,92,1,,,,
34371.01184,2,98,0,,,,
34390.99506,0,98,3,,,,
34410.97829,1,84,1,,,,
34430.96151,2,87,2,,,,
34450.94474,3,108,1,,,,
34470.92796,0,91,0,,,,
34490.91119,1,98,2,,,,
34510.89441,5,107,1,,,,
34530.87764,1,86,3,,,,
34550.86086,1,84,0,,,,
34570.84409,1,89,3,,,,
34590.82731,0,85,4,,,,
34610.81054,4,99,3,,,,
34630.79376,0,94,2,,,,
34650.77698,1,97,2,,,,
34670.76021,1,93,5,,,,
34690.74343,2,106,3,,,,
34710.72666,1,84,1,,,,
34730.70988,1,93,2,,,,
34750.69311,0,98,4,,,,
34770.67633,0,110,1,,,,
34790.65956,2,98,0,,,,
34810.64278,1,98,2,,,,
34830.62601,2,112,2,,,,
34850.60923,1,96,1,,,,
34870.59246,4,91,3,,,,
34890.57568,0,104,3,,,,
34910.55891,1,97,0,,,,
34930.54213,2,87,0,,,,
34950.52536,0,82,3,,,,
34970.50858,0,91,0,,,,
34990.49181,0,81,2,,,,
35010.47503,0,106,2,,,,
35030.45826,0,84,5,,,,
35050.44148,2,97,2,,,,
35070.42471,1,77,3,,,,
35090.40793,1,101,1,,,,
35110.39116,0,93,2,,,,
35130.37438,0,100,2,,,,
35150.35761,0,80,1,,,,
35170.34083,0,86,0,,,,
35190.32406,0,97,2,,,,
35210.30728,1,95,2,,,,
35230.29051,1,89,0,,,,
35250.27373,1,88,1,,,,
35270.25696,1,79,2,,,,
35290.24018,1,78,3,,,,
35310.22341,0,90,2,,,,
35330.20663,0,90,3,,,,
35350.18986,0,120,1,,,,
35370.17308,1,95,3,,,,
35390.15631,0,86,0,,,,
35410.13953,1,93,3,,,,
35430.12275,1,99,2,,,,
35450.10598,1,85,0,,,,
35470.0892,1,91,2,,,,
35490.07243,0,81,1,,,,
35510.05565,0,99,3,,,,
35530.03888,1,93,1,,,,
35550.0221,0,72,0,,,,
35570.00533,0,78,3,,,,
35589.98855,0,92,0,,,,
35609.97178,1,107,1,,,,
35629.955,0,93,4,,,,
35649.93823,0,85,0,,,,
35669.92145,0,92,1,,,,
35689.90468,0,76,2,,,,
35709.8879,0,88,2,,,,
35729.87113,0,86,2,,,,
35749.85435,0,76,0,,,,
35769.83758,0,80,2,,,,
35789.8208,1,82,3,,,,
35809.80403,1,98,2,,,,
35829.78725,2,74,1,,,,
35849.77048,0,98,1,,,,
35869.7537,0,95,0,,,,
35889.73693,2,95,2,,,,
35909.72015,2,90,0,,,,
35929.70338,3,85,1,,,,
35949.6866,3,88,0,,,,
35969.66983,1,75,2,,,,
35989.65305,1,97,0,,,,
36009.63628,1,69,1,,,,
36029.6195,0,79,0,,,,
36049.60273,0,85,2,,,,
36069.58595,0,92,2,,,,
36089.56918,2,75,2,,,,
36109.5524,2,86,1,,,,
36129.53563,0,82,1,,,,
36149.51885,0,92,1,,,,
36169.50207,0,100,2,,,,
36189.4853,1,90,1,,,,
36209.46852,1,82,1,,,,
36229.45175,1,102,4,,,,
36249.43497,1,81,1,,,,
36269.4182,1,78,1,,,,
36289.40142,0,101,3,,,,
36309.38465,0,92,1,,,,
36329.36787,0,90,2,,,,
36349.3511,1,102,0,,,,
36369.33432,1,76,1,,,,
36389.31755,1,89,1,,,,
36409.30077,0,87,2,,,,
36429.284,3,104,2,,,,
36449.26722,1,85,1,,,,
36469.25045,0,102,2,,,,
36489.23367,2,103,2,,,,
36509.2169,1,95,1,,,,
36529.20012,0,100,0,,,,
36549.18335,1,88,1,,,,
36569.16657,0,102,3,,,,
36589.1498,0,91,1,,,,
36609.13302,0,88,3,,,,
36629.11625,4,68,1,,,,
36649.09947,0,77,1,,,,
36669.0827,1,89,0,,,,
36689.06592,1,81,0,,,,
36709.04915,0,83,1,,,,
36729.03237,1,68,0,,,,
36749.0156,1,94,4,,,,
36768.99882,0,91,2,,,,
36788.98205,4,81,1,,,,
36808.96527,1,79,2,,,,
36828.9485,0,71,2,,,,
36848.93172,1,93,2,,,,
36868.91495,2,62,2,,,,
36888.89817,0,90,3,,,,
36908.8814,0,83,1,,,,
36928.86462,0,80,2,,,,
36948.84784,2,78,2,,,,
36968.83107,0,77,0,,,,
36988.81429,0,78,3,,,,
37008.79752,0,75,3,,,,
37028.78074,0,80,3,,,,
37048.76397,0,76,4,,,,
37068.74719,1,84,2,,,,
37088.73042,1,85,4,,,,
37108.71364,1,83,1,,,,
37128.69687,0,81,0,,,,
37148.68009,2,74,1,,,,
37168.66332,1,80,0,,,,
37188.64654,0,86,0,,,,
37208.62977,1,75,1,,,,
37228.61299,0,76,3,,,,
37248.59622,2,78,0,,,,
37268.57944,0,62,2,,,,
37288.56267,1,70,2,,,,
37308.54589,0,76,4,,,,
37328.52912,0,79,1,,,,
37348.51234,0,63,0,,,,
37368.49557,1,73,2,,,,
37388.47879,0,72,4,,,,
37408.46202,0,81,2,,,,
37428.44524,1,79,4,,,,
37448.42847,0,80,1,,,,
37468.41169,0,64,2,,,,
37488.39492,0,67,2,,,,
37508.37814,1,77,3,,,,
37528.36137,1,86,2,,,,
37548.34459,1,64,3,,,,
37568.32782,0,91,1,,,,
37588.31104,1,81,0,,,,
37608.29427,1,76,0,,,,
37628.27749,1,73,1,,,,
37648.26072,1,70,1,,,,
37668.24394,0,75,5,,,,
37688.22716,1,81,2,,,,
37708.21039,2,76,1,,,,
37728.19361,0,70,0,,,,
37748.17684,0,67,3,,,,
37768.16006,0,76,1,,,,
37788.14329,1,79,4,,,,
37808.12651,0,77,1,,,,
37828.10974,2,78,1,,,,
37848.09296,1,79,2,,,,
37868.07619,0,70,1,,,,
37888.05941,1,66,2,,,,
37908.04264,3,61,2,,,,
37928.02586,0,86,1,,,,
37948.00909,0,67,4,,,,
37967.99231,0,66,1,,,,
37987.97554,1,78,2,,,,
38007.95876,0,84,0,,,,
38027.94199,1,75,2,,,,
38047.92521,0,69,1,,,,
38067.90844,1,73,1,,,,
38087.89166,2,58,1,,,,
38107.87489,1,77,5,,,,
38127.85811,0,81,2,,,,
38147.84134,0,76,2,,,,
38167.82456,0,70,2,,,,
38187.80779,0,71,0,,,,
38207.79101,2,67,1,,,,
38227.77424,1,63,3,,,,
38247.75746,0,67,2,,,,
38267.74069,1,74,0,,,,
38287.72391,2,72,0,,,,
38307.70714,1,59,1,,,,
38327.69036,0,61,0,,,,
38347.67359,3,73,2,,,,
38367.65681,1,82,1,,,,
38387.64004,0,76,0,,,,
38407.62326,0,70,1,,,,
38427.60649,3,69,0,,,,
38447.58971,0,48,1,,,,
38467.57293,0,71,1,,,,
38487.55616,0,76,1,,,,
38507.53938,0,57,1,,,,
38527.52261,0,74,2,,,,
38547.50583,1,65,2,,,,
38567.48906,2,57,1,,,,
38587.47228,1,74,0,,,,
38607.45551,0,64,1,,,,
38627.43873,1,72,1,,,,
38647.42196,0,80,3,,,,
38667.40518,1,58,1,,,,
38687.38841,0,62,1,,,,
38707.37163,0,72,1,,,,
38727.35486,1,63,3,,,,
38747.33808,0,71,0,,,,
38767.32131,0,67,1,,,,
38787.30453,1,70,2,,,,
38807.28776,1,75,2,,,,
38827.27098,1,65,2,,,,
38847.25421,0,81,0,,,,
38867.23743,2,88,2,,,,
38887.22066,0,67,1,,,,
38907.20388,0,63,1,,,,
38927.18711,1,62,1,,,,
38947.17033,0,64,2,,,,
38967.15356,1,70,1,,,,
38987.13678,2,58,1,,,,
39007.12001,1,62,0,,,,
39027.10323,2,68,0,,,,
39047.08646,0,52,2,,,,
39067.06968,1,63,2,,,,
39087.05291,2,64,0,,,,
39107.03613,1,60,2,,,,
39127.01936,0,61,1,,,,
39147.00258,0,58,1,,,,
39166.98581,2,69,1,,,,
39186.96903,0,61,0,,,,
39206.95225,0,64,1,,,,
39226.93548,1,61,1,,,,
39246.9187,0,61,0,,,,
39266.90193,0,59,1,,,,
39286.88515,3,64,1,,,,
39306.86838,1,46,0,,,,
39326.8516,3,69,2,,,,
39346.83483,1,74,1,,,,
39366.81805,1,53,3,,,,
39386.80128,0,65,5,,,,
39406.7845,0,72,1,,,,
39426.76773,0,58,1,,,,
39446.75095,0,65,0,,,,
39466.73418,0,68,3,,,,
39486.7174,0,70,2,,,,
39506.70063,1,67,1,,,,
39526.68385,0,46,1,,,,
39546.66708,1,50,1,,,,
39566.6503,1,52,2,,,,
39586.63353,0,56,2,,,,
39606.61675,0,71,0,,,,
39626.59998,2,53,1,,,,
39646.5832,0,54,1,,,,
39666.56643,2,60,2,,,,
39686.54965,1,64,0,,,,
39706.53288,0,58,2,,,,
39726.5161,0,54,2,,,,
39746.49933,1,61,1,,,,
39766.48255,1,47,1,,,,
39786.46578,0,68,0,,,,
39806.449,0,53,1,,,,
39826.43223,0,66,0,,,,
39846.41545,0,54,1,,,,
39866.39868,0,61,0,,,,
39886.3819,1,63,3,,,,
39906.36513,0,57,1,,,,
39926.34835,1,55,1,,,,
39946.33158,0,56,1,,,,
39966.3148,1,53,2,,,,
39986.29802,2,61,1,,,,
40006.28125,0,49,1,,,,
40026.26447,0,46,2,,,,
40046.2477,0,52,0,,,,
40066.23092,0,50,1,,,,
40086.21415,1,50,2,,,,
40106.19737,0,45,0,,,,
40126.1806,1,49,2,,,,
40146.16382,1,48,0,,,,
40166.14705,0,45,0,,,,
40186.13027,1,54,0,,,,
40206.1135,0,62,1,,,,
40226.09672,0,51,1,,,,
40246.07995,0,58,0,,,,
40266.06317,1,60,0,,,,
40286.0464,1,65,0,,,,
40306.02962,0,51,0,,,,
40326.01285,0,53,0,,,,
40345.99607,0,46,0,,,,
40365.9793,1,47,0,,,,
40385.96252,1,37,1,,,,
40405.94575,0,61,3,,,,
40425.92897,0,58,2,,,,
40445.9122,0,41,0,,,,
40465.89542,1,52,0,,,,
40485.87865,1,59,0,,,,
40505.86187,0,58,1,,,,
40525.8451,1,71,1,,,,
40545.82832,1,48,2,,,,
40565.81155,0,53,1,,,,
40585.79477,0,53,0,,,,
40605.778,1,49,4,,,,
40625.76122,1,38,1,,,,
40645.74445,0,47,0,,,,
40665.72767,0,35,1,,,,
40685.7109,0,49,0,,,,
40705.69412,0,60,2,,,,
40725.67735,0,54,0,,,,
40745.66057,0,60,0,,,,
40765.64379,0,51,1,,,,
40785.62702,0,44,1,,,,
40805.61024,2,43,1,,,,
40825.59347,1,43,1,,,,
40845.57669,0,50,0,,,,
40865.55992,0,39,0,,,,
40885.54314,1,56,1,,,,
40905.52637,2,59,0,,,,
