Instrument,800N8573
Date,2023/02/23
Time,15:12:27
Assay #,0001
Application,Geo
Method,Geo
Assay Duration (set),30s
Assay Duration (total actual),18.79s
Temperature (Detector),-27.0 C
Temperature (Ambient),41.72 C
Phase Count,2
Phases,"Phase 1(10s): 30.0kV, 40.0uA (Ti:25um/Al:300um)","Phase 2(10s): 50.0kV, 25.0uA (Cu:75um/Ti:25um/Al:200um)",
 
 
RESULTS:
Z,Compound,Concentration(%),Error(1SD)
22,Ti,0.0,0.0077
23,V,0.0,0.0005
24,Cr,0.0,0.0003
25,Mn,0.0289,0.0002
26,Fe,0.0035,0.0003
27,Co,0.0,0.0001
28,Ni,0.0009,0.0034
29,Cu,0.1137,0.0016
30,Zn,0.0014,0.0009
31,Ga,0.0,0.0005
33,As,0.0,0.0126
37,Rb,0.0,0.0017
38,Sr,0.0006,0.0003
39,Y,0.0007,0.0003
40,Zr,0.0,0.0029
41,Nb,0.0081,0.0028
42,Mo,0.0194,0.0039
45,Rh,0.0,0.0004
46,Pd,0.0015,0.0004
47,Ag,0.0169,0.0037
48,Cd,0.0157,0.0045
50,Sn,0.0,0.0021
51,Sb,0.0096,0.0023
52,Te,0.0044,0.0014
56,Ba,0.0019,0.0013
57,La,0.0,0.0035
58,Ce,0.0146,0.0052
72,Hf,0.0,0.0007
73,Ta,0.0,0.0035
74,W,0.0003,0.0032
92,U,0.0,0.0011
 
 
SPECTRA:
eV Channel Start,0.2500309646129608,-1.174769639968872,
eV per Channel,19.983224868774414,19.983224868774414,
 
Energy (eV),Counts (Phase 1),Counts (Phase 2),Counts (Phase 3)
0.2500309646129608,0,0,
20.233255833387375,0,0,
40.21648070216179,0,0,
60.1997055709362,0,0,
80.18293043971062,0,0,
100.16615530848503,0,0,
120.14938017725945,0,0,
140.13260504603386,0,0,
160.11582991480827,0,0,
180.0990547835827,0,0,
200.0822796523571,0,0,
220.06550452113152,0,0,
240.04872938990593,0,0,
260.03195425868034,0,0,
280.01517912745476,0,0,
299.9984039962292,5,0,
319.9816288650036,48,4,
339.964853733778,328,32,
359.9480786025524,1272,117,
379.9313034713268,2563,299,
399.91452834010124,2467,286,
419.89775320887566,1258,139,
439.88097807765007,316,45,
459.8642029464245,43,7,
479.8474278151989,4,0,
499.8306526839733,1,0,
519.8138775527477,0,0,
539.7971024215221,0,0,
559.7803272902966,0,0,
579.763552159071,17,0,
599.7467770278454,18,0,
619.7300018966198,24,1,
639.7132267653942,9,2,
659.6964516341686,9,0,
679.679676502943,19,1,
699.6629013717175,22,0,
719.6461262404919,24,0,
739.6293511092663,20,1,
759.6125759780407,15,1,
779.5958008468151,13,1,
799.5790257155895,16,0,
819.5622505843639,15,0,
839.5454754531384,17,0,
859.5287003219128,23,1,
879.5119251906872,16,0,
899.4951500594616,15,0,
919.478374928236,16,3,
939.4615997970104,15,0,
959.4448246657848,13,0,
979.4280495345592,14,1,
999.4112744033337,21,0,
1019.3944992721081,23,2,
1039.3777241408825,13,1,
1059.360949009657,11,1,
1079.3441738784313,27,0,
1099.3273987472057,13,1,
1119.3106236159801,16,0,
1139.2938484847546,13,1,
1159.277073353529,12,0,
1179.2602982223034,17,2,
1199.2435230910778,17,3,
1219.2267479598522,21,0,
1239.2099728286266,17,1,
1259.193197697401,16,0,
1279.1764225661755,20,1,
1299.1596474349499,17,2,
1319.1428723037243,13,0,
1339.1260971724987,12,2,
1359.1093220412731,12,3,
1379.0925469100475,20,1,
1399.075771778822,8,2,
1419.0589966475964,16,0,
1439.0422215163708,22,1,
1459.0254463851452,22,3,
1479.0086712539196,18,2,
1498.991896122694,13,0,
1518.9751209914684,19,2,
1538.9583458602428,12,1,
1558.9415707290173,12,0,
1578.9247955977917,9,0,
1598.908020466566,21,1,
1618.8912453353405,11,1,
1638.874470204115,17,0,
1658.8576950728893,8,1,
1678.8409199416637,19,1,
1698.8241448104382,16,1,
1718.8073696792126,13,1,
1738.790594547987,9,0,
1758.7738194167614,15,1,
1778.7570442855358,9,0,
1798.7402691543102,14,0,
1818.7234940230846,10,0,
1838.706718891859,18,1,
1858.6899437606335,13,1,
1878.6731686294079,13,0,
1898.6563934981823,12,0,
1918.6396183669567,13,0,
1938.6228432357311,8,0,
1958.6060681045055,16,1,
1978.58929297328,11,1,
1998.5725178420544,8,0,
2018.5557427108288,7,0,
2038.5389675796032,5,0,
2058.5221924483776,12,0,
2078.505417317152,7,0,
2098.4886421859264,15,1,
2118.471867054701,4,1,
2138.4550919234753,13,0,
2158.4383167922497,7,0,
2178.421541661024,8,0,
2198.4047665297985,10,2,
2218.387991398573,7,0,
2238.3712162673473,8,0,
2258.3544411361217,8,1,
2278.337666004896,8,0,
2298.3208908736706,8,1,
2318.304115742445,4,1,
2338.2873406112194,9,1,
2358.270565479994,13,0,
2378.2537903487682,10,0,
2398.2370152175426,8,0,
2418.220240086317,9,2,
2438.2034649550915,7,0,
2458.186689823866,9,1,
2478.1699146926403,11,0,
2498.1531395614147,3,0,
2518.136364430189,8,0,
2538.1195892989635,8,0,
2558.102814167738,9,0,
2578.0860390365124,10,1,
2598.069263905287,6,0,
2618.052488774061,11,1,
2638.0357136428356,11,1,
2658.01893851161,9,0,
2678.0021633803844,9,0,
2697.985388249159,9,0,
2717.9686131179333,9,0,
2737.9518379867077,1,1,
2757.935062855482,5,1,
2777.9182877242565,3,0,
2797.901512593031,9,0,
2817.8847374618053,12,0,
2837.8679623305798,7,0,
2857.851187199354,21,0,
2877.8344120681286,30,0,
2897.817636936903,45,0,
2917.8008618056774,80,4,
2937.784086674452,91,0,
2957.7673115432262,82,0,
2977.7505364120007,98,0,
2997.733761280775,60,1,
3017.7169861495495,41,1,
3037.700211018324,27,0,
3057.6834358870983,15,1,
3077.6666607558727,11,0,
3097.649885624647,7,0,
3117.6331104934216,6,1,
3137.616335362196,15,1,
3157.5995602309704,11,0,
3177.582785099745,10,1,
3197.566009968519,8,0,
3217.5492348372936,12,0,
3237.532459706068,15,1,
3257.5156845748425,13,1,
3277.498909443617,14,0,
3297.4821343123913,12,0,
3317.4653591811657,12,2,
3337.44858404994,4,0,
3357.4318089187145,8,1,
3377.415033787489,6,1,
3397.3982586562634,6,0,
3417.3814835250378,4,0,
3437.364708393812,5,1,
3457.3479332625866,11,1,
3477.331158131361,6,0,
3497.3143830001354,8,0,
3517.29760786891,5,0,
3537.2808327376842,9,0,
3557.2640576064587,6,0,
3577.247282475233,6,0,
3597.2305073440075,5,3,
3617.213732212782,4,0,
3637.1969570815563,5,0,
3657.1801819503307,8,0,
3677.163406819105,4,0,
3697.1466316878796,12,1,
3717.129856556654,8,0,
3737.1130814254284,3,0,
3757.096306294203,5,0,
3777.079531162977,2,1,
3797.0627560317516,4,1,
3817.045980900526,0,0,
3837.0292057693005,2,1,
3857.012430638075,1,0,
3876.9956555068493,5,0,
3896.9788803756237,1,0,
3916.962105244398,5,0,
3936.9453301131725,2,0,
3956.928554981947,3,0,
3976.9117798507214,2,0,
3996.895004719496,1,0,
4016.87822958827,5,0,
4036.8614544570446,2,1,
4056.844679325819,1,0,
4076.8279041945934,8,0,
4096.811129063368,1,1,
4116.794353932142,2,0,
4136.777578800917,2,0,
4156.760803669691,2,0,
4176.7440285384655,2,0,
4196.72725340724,4,0,
4216.710478276014,4,0,
4236.693703144789,2,0,
4256.676928013563,2,0,
4276.660152882338,4,0,
4296.643377751112,1,0,
4316.626602619886,2,0,
4336.609827488661,2,0,
4356.593052357435,3,0,
4376.57627722621,3,1,
4396.559502094984,2,0,
4416.5427269637585,4,0,
4436.525951832533,0,0,
4456.509176701307,2,0,
4476.492401570082,0,0,
4496.475626438856,3,0,
4516.4588513076305,5,1,
4536.442076176405,1,0,
4556.425301045179,3,0,
4576.408525913954,3,0,
4596.391750782728,2,0,
4616.374975651503,4,1,
4636.358200520277,4,0,
4656.341425389051,0,0,
4676.324650257826,3,0,
4696.3078751266,1,0,
4716.291099995375,2,0,
4736.274324864149,0,0,
4756.2575497329235,1,0,
4776.240774601698,1,0,
4796.223999470472,6,0,
4816.207224339247,2,0,
4836.190449208021,2,0,
4856.173674076796,1,0,
4876.15689894557,0,0,
4896.140123814344,0,0,
4916.123348683119,4,0,
4936.106573551893,7,0,
4956.089798420668,2,1,
4976.073023289442,2,0,
4996.0562481582165,3,0,
5016.039473026991,2,0,
5036.022697895765,0,0,
5056.00592276454,0,0,
5075.989147633314,1,0,
5095.972372502089,5,1,
5115.955597370863,1,0,
5135.938822239637,3,0,
5155.922047108412,2,0,
5175.905271977186,2,0,
5195.888496845961,4,0,
5215.871721714735,4,0,
5235.854946583509,1,0,
5255.838171452284,1,0,
5275.821396321058,0,0,
5295.804621189833,0,0,
5315.787846058607,4,0,
5335.7710709273815,3,0,
5355.754295796156,2,0,
5375.73752066493,2,0,
5395.720745533705,5,0,
5415.703970402479,5,0,
5435.687195271254,5,0,
5455.670420140028,8,0,
5475.653645008802,1,0,
5495.636869877577,1,0,
5515.620094746351,2,0,
5535.603319615126,7,0,
5555.5865444839,5,0,
5575.5697693526745,6,0,
5595.552994221449,1,0,
5615.536219090223,4,0,
5635.519443958998,0,0,
5655.502668827772,2,1,
5675.485893696547,2,0,
5695.469118565321,4,0,
5715.452343434095,3,0,
5735.43556830287,3,1,
5755.418793171644,1,0,
5775.402018040419,1,0,
5795.385242909193,2,0,
5815.368467777967,1,0,
5835.351692646742,1,0,
5855.334917515516,2,0,
5875.318142384291,2,0,
5895.301367253065,6,0,
5915.2845921218395,0,0,
5935.267816990614,2,0,
5955.251041859388,1,0,
5975.234266728163,1,0,
5995.217491596937,0,0,
6015.200716465712,2,0,
6035.183941334486,7,0,
6055.16716620326,6,1,
6075.150391072035,1,0,
6095.133615940809,3,0,
6115.116840809584,1,0,
6135.100065678358,4,0,
6155.0832905471325,3,0,
6175.066515415907,0,0,
6195.049740284681,3,0,
6215.032965153456,1,0,
6235.01619002223,4,0,
6254.999414891005,1,0,
6274.982639759779,3,0,
6294.965864628553,2,1,
6314.949089497328,9,2,
6334.932314366102,12,0,
6354.915539234877,20,0,
6374.898764103651,17,1,
6394.8819889724255,26,0,
6414.8652138412,26,1,
6434.848438709974,22,0,
6454.831663578749,9,0,
6474.814888447523,12,1,
6494.7981133162975,9,0,
6514.781338185072,3,0,
6534.764563053846,1,0,
6554.747787922621,1,0,
6574.731012791395,8,0,
6594.71423766017,3,0,
6614.697462528944,0,0,
6634.680687397718,2,0,
6654.663912266493,5,1,
6674.647137135267,0,0,
6694.630362004042,3,0,
6714.613586872816,1,0,
6734.5968117415905,2,0,
6754.580036610365,2,0,
6774.563261479139,2,0,
6794.546486347914,4,0,
6814.529711216688,2,0,
6834.512936085463,4,0,
6854.496160954237,3,0,
6874.479385823011,3,0,
6894.462610691786,2,0,
6914.44583556056,3,0,
6934.429060429335,3,0,
6954.412285298109,3,0,
6974.3955101668835,1,1,
6994.378735035658,1,0,
7014.361959904432,5,0,
7034.345184773207,5,0,
7054.328409641981,3,0,
7074.3116345107555,2,1,
7094.29485937953,7,0,
7114.278084248304,4,0,
7134.261309117079,8,0,
7154.244533985853,3,0,
7174.227758854628,3,0,
7194.210983723402,5,0,
7214.194208592176,2,0,
7234.177433460951,0,0,
7254.160658329725,1,0,
7274.1438831985,0,0,
7294.127108067274,4,0,
7314.1103329360485,2,1,
7334.093557804823,3,0,
7354.076782673597,5,0,
7374.060007542372,1,0,
7394.043232411146,3,0,
7414.026457279921,3,0,
7434.009682148695,5,1,
7453.992907017469,7,0,
7473.976131886244,5,0,
7493.959356755018,3,1,
7513.942581623793,1,1,
7533.925806492567,4,0,
7553.9090313613415,2,0,
7573.892256230116,1,0,
7593.87548109889,5,0,
7613.858705967665,2,0,
7633.841930836439,1,1,
7653.825155705214,2,0,
7673.808380573988,2,0,
7693.791605442762,1,0,
7713.774830311537,0,0,
7733.758055180311,2,0,
7753.741280049086,1,0,
7773.72450491786,1,0,
7793.707729786634,4,0,
7813.690954655409,0,1,
7833.674179524183,2,0,
7853.657404392958,2,0,
7873.640629261732,4,0,
7893.6238541305065,6,0,
7913.607078999281,6,0,
7933.590303868055,3,0,
7953.57352873683,8,1,
7973.556753605604,3,0,
7993.539978474379,12,0,
8013.523203343153,8,0,
8033.506428211927,13,0,
8053.489653080702,11,1,
8073.472877949476,12,1,
8093.456102818251,7,0,
8113.439327687025,6,0,
8133.4225525557995,7,0,
8153.405777424574,4,0,
8173.389002293348,5,0,
8193.372227162123,4,0,
8213.355452030897,4,0,
8233.338676899672,2,0,
8253.321901768446,3,0,
8273.30512663722,0,0,
8293.288351505995,2,0,
8313.27157637477,4,0,
8333.254801243544,5,0,
8353.238026112318,1,0,
8373.221250981092,3,0,
8393.204475849867,3,0,
8413.187700718641,1,0,
8433.170925587416,2,1,
8453.15415045619,3,0,
8473.137375324965,2,0,
8493.120600193739,2,0,
8513.103825062513,4,0,
8533.087049931288,0,0,
8553.070274800062,4,1,
8573.053499668837,2,0,
8593.036724537611,5,0,
8613.019949406385,5,0,
8633.00317427516,13,0,
8652.986399143934,2,1,
8672.969624012709,6,0,
8692.952848881483,6,1,
8712.936073750257,5,0,
8732.919298619032,4,0,
8752.902523487806,5,0,
8772.88574835658,6,0,
8792.868973225355,5,1,
8812.85219809413,5,0,
8832.835422962904,6,1,
8852.818647831678,2,0,
8872.801872700453,3,0,
8892.785097569227,3,0,
8912.768322438002,0,0,
8932.751547306776,6,0,
8952.73477217555,4,1,
8972.717997044325,2,0,
8992.7012219131,3,0,
9012.684446781874,5,0,
9032.667671650648,3,0,
9052.650896519423,3,0,
9072.634121388197,1,0,
9092.617346256971,3,0,
9112.600571125746,2,0,
9132.58379599452,2,0,
9152.567020863295,3,0,
9172.550245732069,4,0,
9192.533470600843,2,0,
9212.516695469618,5,1,
9232.499920338392,2,0,
9252.483145207167,4,1,
9272.466370075941,1,0,
9292.449594944715,2,0,
9312.43281981349,3,0,
9332.416044682264,3,0,
9352.399269551039,8,0,
9372.382494419813,3,0,
9392.365719288588,7,0,
9412.348944157362,2,0,
9432.332169026136,2,0,
9452.31539389491,3,1,
9472.298618763685,2,0,
9492.28184363246,3,0,
9512.265068501234,7,0,
9532.248293370008,8,0,
9552.231518238783,6,0,
9572.214743107557,3,0,
9592.197967976332,8,0,
9612.181192845106,5,0,
9632.16441771388,5,0,
9652.147642582655,11,0,
9672.13086745143,12,0,
9692.114092320204,7,0,
9712.097317188978,9,0,
9732.080542057753,11,0,
9752.063766926527,8,0,
9772.046991795301,6,0,
9792.030216664076,5,1,
9812.01344153285,5,1,
9831.996666401625,7,0,
9851.9798912704,6,0,
9871.963116139174,11,0,
9891.946341007948,6,0,
9911.929565876722,3,0,
9931.912790745497,5,0,
9951.896015614271,9,0,
9971.879240483046,5,0,
9991.86246535182,11,0,
10011.845690220594,5,0,
10031.828915089369,4,0,
10051.812139958143,7,0,
10071.795364826918,8,0,
10091.778589695692,7,0,
10111.761814564466,3,0,
10131.74503943324,6,0,
10151.728264302015,4,0,
10171.71148917079,6,0,
10191.694714039564,4,0,
10211.677938908339,6,0,
10231.661163777113,8,0,
10251.644388645887,3,0,
10271.627613514662,3,0,
10291.610838383436,1,0,
10311.59406325221,6,0,
10331.577288120985,4,0,
10351.56051298976,6,0,
10371.543737858534,11,2,
10391.526962727308,4,0,
10411.510187596083,10,0,
10431.493412464857,17,0,
10451.476637333632,10,0,
10471.459862202406,11,0,
10491.44308707118,13,0,
10511.426311939955,14,0,
10531.40953680873,17,0,
10551.392761677504,10,0,
10571.375986546278,7,0,
10591.359211415052,13,0,
10611.342436283827,13,0,
10631.325661152601,7,0,
10651.308886021376,14,0,
10671.29211089015,3,0,
10691.275335758924,5,0,
10711.258560627699,3,1,
10731.241785496473,9,0,
10751.225010365248,6,0,
10771.208235234022,9,1,
10791.191460102797,7,0,
10811.174684971571,7,0,
10831.157909840345,3,0,
10851.14113470912,5,0,
10871.124359577894,10,0,
10891.107584446669,7,0,
10911.090809315443,7,0,
10931.074034184217,3,0,
10951.057259052992,8,0,
10971.040483921766,7,0,
10991.02370879054,13,0,
11011.006933659315,6,0,
11030.99015852809,7,0,
11050.973383396864,10,1,
11070.956608265638,12,0,
11090.939833134413,6,0,
11110.923058003187,4,0,
11130.906282871962,11,0,
11150.889507740736,10,0,
11170.87273260951,8,0,
11190.855957478285,9,0,
11210.83918234706,8,0,
11230.822407215834,8,0,
11250.805632084608,8,0,
11270.788856953382,12,0,
11290.772081822157,10,0,
11310.755306690931,16,0,
11330.738531559706,12,0,
11350.72175642848,11,0,
11370.704981297255,15,0,
11390.688206166029,14,0,
11410.671431034803,12,0,
11430.654655903578,17,1,
11450.637880772352,14,0,
11470.621105641127,9,0,
11490.604330509901,13,0,
11510.587555378675,14,0,
11530.57078024745,17,0,
11550.554005116224,12,0,
11570.537229984999,8,1,
11590.520454853773,9,0,
11610.503679722548,17,0,
11630.486904591322,16,0,
11650.470129460096,15,0,
11670.45335432887,12,1,
11690.436579197645,11,0,
11710.41980406642,7,0,
11730.403028935194,15,0,
11750.386253803968,12,0,
11770.369478672743,20,0,
11790.352703541517,7,0,
11810.335928410292,11,0,
11830.319153279066,13,0,
11850.30237814784,14,0,
11870.285603016615,10,0,
11890.26882788539,8,0,
11910.252052754164,8,0,
11930.235277622938,10,1,
11950.218502491713,10,0,
11970.201727360487,13,0,
11990.184952229261,11,0,
12010.168177098036,9,0,
12030.15140196681,16,0,
12050.134626835585,11,0,
12070.117851704359,8,0,
12090.101076573133,13,0,
12110.084301441908,10,0,
12130.067526310682,12,0,
12150.050751179457,17,0,
12170.033976048231,13,0,
12190.017200917006,10,0,
12210.00042578578,20,0,
12229.983650654554,14,0,
12249.966875523329,19,0,
12269.950100392103,16,0,
12289.933325260878,15,0,
12309.916550129652,17,0,
12329.899774998426,6,0,
12349.8829998672,12,0,
12369.866224735975,19,0,
12389.84944960475,21,0,
12409.832674473524,16,0,
12429.815899342299,15,0,
12449.799124211073,8,0,
12469.782349079847,17,0,
12489.765573948622,20,0,
12509.748798817396,12,0,
12529.73202368617,24,0,
12549.715248554945,16,0,
12569.69847342372,16,0,
12589.681698292494,17,0,
12609.664923161268,10,0,
12629.648148030043,11,0,
12649.631372898817,16,0,
12669.614597767591,17,0,
12689.597822636366,11,0,
12709.58104750514,18,0,
12729.564272373915,13,0,
12749.54749724269,17,0,
12769.530722111464,9,0,
12789.513946980238,18,0,
12809.497171849012,17,0,
12829.480396717787,11,0,
12849.463621586561,12,0,
12869.446846455336,16,0,
12889.43007132411,13,0,
12909.413296192884,13,0,
12929.396521061659,13,0,
12949.379745930433,14,0,
12969.362970799208,11,0,
12989.346195667982,20,0,
13009.329420536757,11,0,
13029.312645405531,19,0,
13049.295870274305,20,0,
13069.27909514308,11,0,
13089.262320011854,18,0,
13109.245544880629,7,0,
13129.228769749403,13,0,
13149.211994618177,17,0,
13169.195219486952,11,0,
13189.178444355726,16,0,
13209.1616692245,18,0,
13229.144894093275,17,0,
13249.12811896205,14,0,
13269.111343830824,19,0,
13289.094568699598,12,0,
13309.077793568373,13,0,
13329.061018437147,13,0,
13349.044243305922,15,0,
13369.027468174696,18,0,
13389.01069304347,10,2,
13408.993917912245,24,0,
13428.97714278102,20,0,
13448.960367649794,18,0,
13468.943592518568,17,0,
13488.926817387342,16,0,
13508.910042256117,23,0,
13528.893267124891,20,0,
13548.876491993666,25,0,
13568.85971686244,22,0,
13588.842941731215,16,0,
13608.826166599989,16,0,
13628.809391468763,15,1,
13648.792616337538,20,0,
13668.775841206312,21,0,
13688.759066075087,18,0,
13708.742290943861,25,0,
13728.725515812635,19,1,
13748.70874068141,24,0,
13768.691965550184,18,0,
13788.675190418959,14,0,
13808.658415287733,14,0,
13828.641640156507,17,0,
13848.624865025282,18,0,
13868.608089894056,9,0,
13888.59131476283,19,0,
13908.574539631605,16,0,
13928.55776450038,27,0,
13948.540989369154,28,0,
13968.524214237928,22,0,
13988.507439106703,32,0,
14008.490663975477,18,0,
14028.473888844252,26,0,
14048.457113713026,29,1,
14068.4403385818,23,0,
14088.423563450575,31,0,
14108.40678831935,19,0,
14128.390013188124,24,0,
14148.373238056898,31,0,
14168.356462925673,19,0,
14188.339687794447,22,1,
14208.322912663221,21,0,
14228.306137531996,16,0,
14248.28936240077,24,0,
14268.272587269545,33,0,
14288.255812138319,27,0,
14308.239037007093,32,0,
14328.222261875868,36,1,
14348.205486744642,28,0,
14368.188711613417,20,0,
14388.171936482191,17,0,
14408.155161350965,28,0,
14428.13838621974,26,0,
14448.121611088514,30,1,
14468.104835957289,29,0,
14488.088060826063,25,0,
14508.071285694838,29,1,
14528.054510563612,19,0,
14548.037735432386,30,0,
14568.02096030116,29,0,
14588.004185169935,20,0,
14607.98741003871,34,0,
14627.970634907484,27,0,
14647.953859776258,33,0,
14667.937084645033,25,0,
14687.920309513807,21,0,
14707.903534382582,23,0,
14727.886759251356,23,0,
14747.86998412013,26,1,
14767.853208988905,29,0,
14787.83643385768,27,0,
14807.819658726454,25,0,
14827.802883595228,26,0,
14847.786108464003,25,0,
14867.769333332777,32,0,
14887.752558201551,26,0,
14907.735783070326,28,0,
14927.7190079391,30,0,
14947.702232807875,29,0,
14967.68545767665,23,0,
14987.668682545424,30,0,
15007.651907414198,24,0,
15027.635132282972,39,0,
15047.618357151747,35,1,
15067.601582020521,30,1,
15087.584806889296,30,0,
15107.56803175807,22,0,
15127.551256626844,35,0,
15147.534481495619,36,0,
15167.517706364393,35,0,
15187.500931233168,35,0,
15207.484156101942,35,0,
15227.467380970716,22,0,
15247.45060583949,28,0,
15267.433830708265,36,2,
15287.41705557704,19,0,
15307.400280445814,27,0,
15327.383505314589,36,0,
15347.366730183363,31,1,
15367.349955052137,39,0,
15387.333179920912,32,0,
15407.316404789686,27,0,
15427.29962965846,34,0,
15447.282854527235,36,0,
15467.26607939601,39,0,
15487.249304264784,36,0,
15507.232529133558,30,0,
15527.215754002333,37,0,
15547.198978871107,24,0,
15567.182203739882,36,0,
15587.165428608656,43,0,
15607.14865347743,32,0,
15627.131878346205,46,0,
15647.11510321498,39,0,
15667.098328083754,32,0,
15687.081552952528,34,0,
15707.064777821302,29,0,
15727.048002690077,44,0,
15747.031227558851,33,1,
15767.014452427626,32,0,
15786.9976772964,29,0,
15806.980902165174,42,0,
15826.964127033949,33,0,
15846.947351902723,40,0,
15866.930576771498,48,0,
15886.913801640272,43,0,
15906.897026509047,23,1,
15926.880251377821,32,0,
15946.863476246595,41,0,
15966.84670111537,47,0,
15986.829925984144,39,0,
16006.813150852919,45,0,
16026.796375721693,40,0,
16046.779600590467,43,0,
16066.762825459242,31,1,
16086.746050328016,39,0,
16106.72927519679,43,0,
16126.712500065565,43,0,
16146.69572493434,46,0,
16166.678949803114,42,0,
16186.662174671888,49,1,
16206.645399540663,35,0,
16226.628624409437,36,0,
16246.611849278212,46,1,
16266.595074146986,37,0,
16286.57829901576,46,2,
16306.561523884535,38,0,
16326.54474875331,56,0,
16346.527973622084,50,0,
16366.511198490858,61,0,
16386.494423359632,52,3,
16406.477648228407,59,0,
16426.46087309718,44,0,
16446.444097965956,46,0,
16466.42732283473,40,1,
16486.410547703505,42,1,
16506.39377257228,43,0,
16526.376997441053,36,0,
16546.360222309828,54,0,
16566.343447178602,36,1,
16586.326672047377,54,0,
16606.30989691615,40,1,
16626.293121784925,46,0,
16646.2763466537,50,0,
16666.259571522474,53,0,
16686.24279639125,35,0,
16706.226021260023,52,0,
16726.209246128798,48,1,
16746.192470997572,43,0,
16766.175695866346,49,1,
16786.15892073512,59,0,
16806.142145603895,50,1,
16826.12537047267,47,0,
16846.108595341444,44,0,
16866.09182021022,53,0,
16886.075045078993,42,0,
16906.058269947767,44,0,
16926.04149481654,57,1,
16946.024719685316,46,0,
16966.00794455409,53,0,
16985.991169422865,57,0,
17005.97439429164,61,1,
17025.957619160414,60,1,
17045.940844029188,41,0,
17065.924068897963,49,0,
17085.907293766737,47,2,
17105.89051863551,54,0,
17125.873743504286,54,1,
17145.85696837306,47,0,
17165.840193241835,56,0,
17185.82341811061,51,0,
17205.806642979383,49,0,
17225.789867848158,74,0,
17245.773092716932,56,1,
17265.756317585707,72,2,
17285.73954245448,60,0,
17305.722767323256,59,0,
17325.70599219203,60,1,
17345.689217060804,70,1,
17365.67244192958,64,0,
17385.655666798353,87,1,
17405.638891667128,74,1,
17425.622116535902,81,3,
17445.605341404676,63,2,
17465.58856627345,75,1,
17485.571791142225,79,1,
17505.555016011,94,4,
17525.538240879774,56,1,
17545.52146574855,67,0,
17565.504690617323,74,2,
17585.487915486097,65,1,
17605.47114035487,69,1,
17625.454365223646,58,0,
17645.43759009242,65,1,
17665.420814961195,68,1,
17685.40403982997,40,0,
17705.387264698744,54,0,
17725.37048956752,63,0,
17745.353714436293,59,0,
17765.336939305067,62,0,
17785.32016417384,52,0,
17805.303389042616,53,0,
17825.28661391139,51,0,
17845.269838780165,50,1,
17865.25306364894,54,1,
17885.236288517714,60,0,
17905.219513386488,63,0,
17925.202738255262,58,0,
17945.185963124037,42,0,
17965.16918799281,59,0,
17985.152412861586,60,1,
18005.13563773036,59,0,
18025.118862599134,48,0,
18045.10208746791,65,0,
18065.085312336683,51,0,
18085.068537205458,45,0,
18105.051762074232,40,0,
18125.034986943007,61,0,
18145.01821181178,69,0,
18165.001436680555,70,0,
18184.98466154933,52,2,
18204.967886418104,63,0,
18224.95111128688,68,1,
18244.934336155653,71,1,
18264.917561024427,71,0,
18284.900785893202,71,0,
18304.884010761976,68,0,
18324.86723563075,60,0,
18344.850460499525,61,1,
18364.8336853683,66,0,
18384.816910237074,50,0,
18404.80013510585,48,1,
18424.783359974623,74,1,
18444.766584843397,65,0,
18464.74980971217,51,0,
18484.733034580946,72,0,
18504.71625944972,64,1,
18524.699484318495,63,1,
18544.68270918727,68,0,
18564.665934056044,45,1,
18584.649158924818,57,1,
18604.632383793592,74,0,
18624.615608662367,60,0,
18644.59883353114,61,1,
18664.582058399916,71,0,
18684.56528326869,65,2,
18704.548508137465,67,1,
18724.53173300624,57,1,
18744.514957875013,58,1,
18764.498182743788,65,0,
18784.481407612562,63,0,
18804.464632481337,59,1,
18824.44785735011,56,1,
18844.431082218885,62,1,
18864.41430708766,74,0,
18884.397531956434,63,1,
18904.38075682521,59,0,
18924.363981693983,66,2,
18944.347206562757,79,1,
18964.330431431532,75,0,
18984.313656300306,66,3,
19004.29688116908,84,0,
19024.280106037855,83,2,
19044.26333090663,74,0,
19064.246555775404,67,1,
19084.22978064418,74,0,
19104.213005512953,81,0,
19124.196230381727,56,2,
19144.1794552505,74,1,
19164.162680119276,70,1,
19184.14590498805,75,1,
19204.129129856825,81,2,
19224.1123547256,74,0,
19244.095579594374,75,0,
19264.078804463148,76,1,
19284.062029331923,87,2,
19304.045254200697,94,1,
19324.02847906947,73,1,
19344.011703938246,68,1,
19363.99492880702,74,2,
19383.978153675795,69,3,
19403.96137854457,73,1,
19423.944603413343,88,0,
19443.927828282118,89,0,
19463.911053150892,91,1,
19483.894278019667,89,0,
19503.87750288844,89,2,
19523.860727757215,95,1,
19543.84395262599,99,4,
19563.827177494764,95,2,
19583.81040236354,101,3,
19603.793627232313,102,2,
19623.776852101088,99,1,
19643.760076969862,105,2,
19663.743301838636,99,2,
19683.72652670741,118,3,
19703.709751576185,115,1,
19723.69297644496,89,2,
19743.676201313734,116,2,
19763.65942618251,121,1,
19783.642651051283,111,1,
19803.625875920057,118,1,
19823.60910078883,121,1,
19843.592325657606,133,3,
19863.57555052638,138,1,
19883.558775395155,126,3,
19903.54200026393,159,2,
19923.525225132704,138,2,
19943.50845000148,148,2,
19963.491674870253,133,2,
19983.474899739027,156,2,
20003.4581246078,149,6,
20023.441349476576,167,6,
20043.42457434535,204,2,
20063.407799214125,205,5,
20083.3910240829,243,5,
20103.374248951674,227,5,
20123.357473820448,200,1,
20143.340698689222,246,4,
20163.323923557997,259,3,
20183.30714842677,243,2,
20203.290373295546,219,3,
20223.27359816432,244,5,
20243.256823033094,226,3,
20263.24004790187,205,2,
20283.223272770643,160,2,
20303.206497639418,176,1,
20323.189722508192,154,3,
20343.172947376966,123,0,
20363.15617224574,126,1,
20383.139397114515,100,3,
20403.12262198329,99,1,
20423.105846852064,82,1,
20443.08907172084,72,1,
20463.072296589613,77,1,
20483.055521458387,65,0,
20503.03874632716,62,1,
20523.021971195936,62,1,
20543.00519606471,55,1,
20562.988420933485,51,1,
20582.97164580226,60,0,
20602.954870671034,52,0,
20622.93809553981,56,1,
20642.921320408583,55,0,
20662.904545277357,55,1,
20682.88777014613,58,2,
20702.870995014906,67,1,
20722.85421988368,60,3,
20742.837444752455,65,0,
20762.82066962123,53,1,
20782.803894490004,57,2,
20802.787119358778,69,2,
20822.770344227552,57,4,
20842.753569096327,53,1,
20862.7367939651,58,1,
20882.720018833876,64,2,
20902.70324370265,53,1,
20922.686468571424,43,2,
20942.6696934402,66,1,
20962.652918308973,67,1,
20982.636143177748,67,0,
21002.619368046522,63,1,
21022.602592915297,51,2,
21042.58581778407,59,1,
21062.569042652845,62,1,
21082.55226752162,50,0,
21102.535492390394,55,1,
21122.51871725917,49,1,
21142.501942127943,49,1,
21162.485166996717,69,2,
21182.468391865492,58,1,
21202.451616734266,68,0,
21222.43484160304,64,3,
21242.418066471815,48,1,
21262.40129134059,40,2,
21282.384516209364,49,2,
21302.36774107814,52,2,
21322.350965946913,41,0,
21342.334190815687,70,0,
21362.31741568446,62,1,
21382.300640553236,66,0,
21402.28386542201,66,1,
21422.267090290785,52,0,
21442.25031515956,67,2,
21462.233540028334,57,0,
21482.216764897108,63,3,
21502.199989765882,62,0,
21522.183214634657,59,2,
21542.16643950343,64,3,
21562.149664372206,62,1,
21582.13288924098,57,2,
21602.116114109755,68,1,
21622.09933897853,38,2,
21642.082563847303,54,3,
21662.065788716078,53,1,
21682.049013584852,57,2,
21702.032238453627,67,0,
21722.0154633224,55,0,
21741.998688191175,58,1,
21761.98191305995,68,0,
21781.965137928724,55,1,
21801.9483627975,55,1,
21821.931587666273,54,0,
21841.914812535048,58,6,
21861.898037403822,60,2,
21881.881262272596,44,1,
21901.86448714137,51,3,
21921.847712010145,53,2,
21941.83093687892,57,4,
21961.814161747694,45,2,
21981.79738661647,61,2,
22001.780611485243,58,1,
22021.763836354017,59,0,
22041.74706122279,59,1,
22061.730286091566,51,3,
22081.71351096034,70,0,
22101.696735829115,65,1,
22121.67996069789,70,0,
22141.663185566664,76,1,
22161.646410435438,51,0,
22181.629635304213,75,1,
22201.612860172987,64,5,
22221.59608504176,69,0,
22241.579309910536,79,4,
22261.56253477931,56,1,
22281.545759648085,63,6,
22301.52898451686,87,4,
22321.512209385633,56,1,
22341.495434254408,59,1,
22361.478659123182,74,2,
22381.461883991957,65,1,
22401.44510886073,73,3,
22421.428333729506,78,2,
22441.41155859828,76,1,
22461.394783467054,57,2,
22481.37800833583,77,0,
22501.361233204603,50,3,
22521.344458073378,69,5,
22541.327682942152,60,2,
22561.310907810926,85,1,
22581.2941326797,81,2,
22601.277357548475,82,2,
22621.26058241725,109,2,
22641.243807286024,116,2,
22661.2270321548,98,1,
22681.210257023573,111,3,
22701.193481892347,122,2,
22721.17670676112,98,3,
22741.159931629896,101,2,
22761.14315649867,87,4,
22781.126381367445,76,4,
22801.10960623622,80,4,
22821.092831104994,85,3,
22841.07605597377,73,3,
22861.059280842543,73,0,
22881.042505711317,64,0,
22901.02573058009,66,1,
22921.008955448866,70,4,
22940.99218031764,67,0,
22960.975405186415,62,1,
22980.95863005519,51,2,
23000.941854923964,52,4,
23020.925079792738,59,2,
23040.908304661512,45,2,
23060.891529530287,55,0,
23080.87475439906,67,1,
23100.857979267836,63,3,
23120.84120413661,75,1,
23140.824429005384,69,2,
23160.80765387416,61,2,
23180.790878742933,63,1,
23200.774103611708,59,5,
23220.757328480482,56,2,
23240.740553349257,58,4,
23260.72377821803,56,1,
23280.707003086805,53,3,
23300.69022795558,58,1,
23320.673452824354,60,2,
23340.65667769313,52,2,
23360.639902561903,57,0,
23380.623127430677,56,0,
23400.606352299452,64,2,
23420.589577168226,46,3,
23440.572802037,50,2,
23460.556026905775,46,1,
23480.53925177455,38,1,
23500.522476643324,50,2,
23520.5057015121,57,0,
23540.488926380873,45,3,
23560.472151249647,46,0,
23580.45537611842,54,0,
23600.438600987196,55,1,
23620.42182585597,34,1,
23640.405050724745,49,1,
23660.38827559352,45,0,
23680.371500462294,58,1,
23700.354725331068,44,2,
23720.337950199842,46,1,
23740.321175068617,43,0,
23760.30439993739,44,0,
23780.287624806166,49,2,
23800.27084967494,48,1,
23820.254074543715,55,0,
23840.23729941249,49,3,
23860.220524281263,42,0,
23880.203749150038,44,1,
23900.186974018812,48,0,
23920.170198887587,40,1,
23940.15342375636,46,3,
23960.136648625135,47,2,
23980.11987349391,54,3,
24000.103098362684,52,1,
24020.08632323146,59,2,
24040.069548100233,54,0,
24060.052772969007,53,3,
24080.035997837782,39,1,
24100.019222706556,50,3,
24120.00244757533,45,3,
24139.985672444105,51,1,
24159.96889731288,46,2,
24179.952122181654,48,1,
24199.93534705043,42,5,
24219.918571919203,51,1,
24239.901796787977,65,3,
24259.88502165675,38,3,
24279.868246525526,41,1,
24299.8514713943,59,1,
24319.834696263075,43,2,
24339.81792113185,49,4,
24359.801146000624,36,3,
24379.784370869398,45,1,
24399.767595738173,43,3,
24419.750820606947,41,3,
24439.73404547572,49,1,
24459.717270344496,45,0,
24479.70049521327,51,1,
24499.683720082045,42,2,
24519.66694495082,43,1,
24539.650169819593,42,1,
24559.633394688368,47,0,
24579.616619557142,41,1,
24599.599844425917,53,3,
24619.58306929469,55,0,
24639.566294163465,38,2,
24659.54951903224,45,4,
24679.532743901014,38,0,
24699.51596876979,40,0,
24719.499193638563,40,2,
24739.482418507338,39,2,
24759.465643376112,54,3,
24779.448868244886,36,0,
24799.43209311366,46,0,
24819.415317982435,53,1,
24839.39854285121,42,3,
24859.381767719984,42,3,
24879.36499258876,31,1,
24899.348217457533,38,2,
24919.331442326307,40,2,
24939.31466719508,51,3,
24959.297892063856,46,2,
24979.28111693263,48,3,
24999.264341801405,29,1,
25019.24756667018,43,2,
25039.230791538954,48,1,
25059.21401640773,39,1,
25079.197241276503,46,2,
25099.180466145277,33,1,
25119.16369101405,33,1,
25139.146915882826,41,1,
25159.1301407516,40,2,
25179.113365620375,48,2,
25199.09659048915,44,2,
25219.079815357924,40,0,
25239.063040226698,38,1,
25259.046265095472,41,4,
25279.029489964247,32,4,
25299.01271483302,38,1,
25318.995939701796,42,1,
25338.97916457057,43,1,
25358.962389439344,40,1,
25378.94561430812,32,3,
25398.928839176893,22,2,
25418.912064045668,33,2,
25438.895288914442,43,2,
25458.878513783216,35,2,
25478.86173865199,23,0,
25498.844963520765,40,1,
25518.82818838954,39,3,
25538.811413258314,23,1,
25558.79463812709,31,3,
25578.777862995863,32,0,
25598.761087864637,37,2,
25618.74431273341,39,2,
25638.727537602186,38,3,
25658.71076247096,44,2,
25678.693987339735,47,3,
25698.67721220851,38,2,
25718.660437077284,35,2,
25738.64366194606,38,1,
25758.626886814833,27,1,
25778.610111683607,33,0,
25798.59333655238,31,1,
25818.576561421156,35,1,
25838.55978628993,35,1,
25858.543011158705,31,0,
25878.52623602748,32,0,
25898.509460896254,29,0,
25918.492685765028,30,2,
25938.475910633802,32,1,
25958.459135502577,37,1,
25978.44236037135,27,1,
25998.425585240126,32,1,
26018.4088101089,28,1,
26038.392034977674,35,1,
26058.37525984645,31,0,
26078.358484715223,26,2,
26098.341709583998,36,0,
26118.324934452772,27,2,
26138.308159321547,30,1,
26158.29138419032,32,2,
26178.274609059095,29,2,
26198.25783392787,34,1,
26218.241058796644,32,1,
26238.22428366542,31,0,
26258.207508534193,37,2,
26278.190733402967,27,2,
26298.173958271742,34,0,
26318.157183140516,24,2,
26338.14040800929,27,3,
26358.123632878065,31,0,
26378.10685774684,26,1,
26398.090082615614,21,1,
26418.07330748439,31,1,
26438.056532353163,25,2,
26458.039757221937,18,1,
26478.02298209071,28,0,
26498.006206959486,21,1,
26517.98943182826,31,0,
26537.972656697035,21,4,
26557.95588156581,26,0,
26577.939106434584,29,0,
26597.922331303358,28,2,
26617.905556172132,33,4,
26637.888781040907,28,0,
26657.87200590968,27,0,
26677.855230778456,31,1,
26697.83845564723,20,3,
26717.821680516005,36,2,
26737.80490538478,31,0,
26757.788130253553,27,2,
26777.771355122328,27,1,
26797.754579991102,28,0,
26817.737804859877,22,2,
26837.72102972865,30,3,
26857.704254597425,31,3,
26877.6874794662,21,1,
26897.670704334974,34,0,
26917.65392920375,29,0,
26937.637154072523,25,0,
26957.620378941298,25,2,
26977.603603810072,26,0,
26997.586828678846,26,2,
27017.57005354762,20,2,
27037.553278416395,19,0,
27057.53650328517,27,0,
27077.519728153944,21,0,
27097.50295302272,22,0,
27117.486177891493,20,1,
27137.469402760267,30,2,
27157.45262762904,20,3,
27177.435852497816,22,0,
27197.41907736659,21,1,
27217.402302235365,16,1,
27237.38552710414,23,2,
27257.368751972914,23,3,
27277.351976841688,24,0,
27297.335201710463,29,3,
27317.318426579237,12,1,
27337.30165144801,23,3,
27357.284876316786,24,0,
27377.26810118556,25,1,
27397.251326054335,22,2,
27417.23455092311,24,2,
27437.217775791883,16,2,
27457.201000660658,20,1,
27477.184225529432,20,1,
27497.167450398207,18,2,
27517.15067526698,18,1,
27537.133900135756,20,0,
27557.11712500453,15,1,
27577.100349873304,28,1,
27597.08357474208,19,0,
27617.066799610853,20,1,
27637.050024479628,15,2,
27657.033249348402,17,1,
27677.016474217176,16,2,
27696.99969908595,18,2,
27716.982923954725,14,0,
27736.9661488235,17,1,
27756.949373692274,10,1,
27776.93259856105,24,3,
27796.915823429823,14,0,
27816.899048298597,15,0,
27836.88227316737,13,1,
27856.865498036146,20,1,
27876.84872290492,16,0,
27896.831947773695,17,1,
27916.81517264247,19,2,
27936.798397511244,14,4,
27956.78162238002,13,2,
27976.764847248793,18,2,
27996.748072117567,18,1,
28016.73129698634,16,2,
28036.714521855116,17,1,
28056.69774672389,14,2,
28076.680971592665,12,0,
28096.66419646144,13,1,
28116.647421330214,12,1,
28136.630646198988,12,1,
28156.613871067762,9,4,
28176.597095936537,17,0,
28196.58032080531,11,0,
28216.563545674086,19,1,
28236.54677054286,6,1,
28256.529995411634,16,0,
28276.51322028041,10,0,
28296.496445149183,6,0,
28316.479670017958,14,0,
28336.462894886732,6,0,
28356.446119755507,8,0,
28376.42934462428,13,2,
28396.412569493055,6,1,
28416.39579436183,3,1,
28436.379019230604,14,2,
28456.36224409938,9,1,
28476.345468968153,3,0,
28496.328693836927,14,1,
28516.311918705702,7,0,
28536.295143574476,10,2,
28556.27836844325,6,0,
28576.261593312025,7,0,
28596.2448181808,7,1,
28616.228043049574,9,1,
28636.21126791835,7,0,
28656.194492787123,3,1,
28676.177717655897,11,1,
28696.16094252467,8,0,
28716.144167393446,2,0,
28736.12739226222,1,0,
28756.110617130995,4,2,
28776.09384199977,2,0,
28796.077066868544,6,0,
28816.060291737318,6,1,
28836.043516606092,9,2,
28856.026741474867,8,0,
28876.00996634364,3,1,
28895.993191212416,3,2,
28915.97641608119,6,1,
28935.959640949965,6,1,
28955.94286581874,4,1,
28975.926090687513,3,1,
28995.909315556288,5,1,
29015.892540425062,3,1,
29035.875765293837,3,1,
29055.85899016261,5,0,
29075.842215031385,7,0,
29095.82543990016,2,0,
29115.808664768934,0,1,
29135.79188963771,2,0,
29155.775114506483,3,0,
29175.758339375257,3,0,
29195.741564244032,0,0,
29215.724789112806,1,1,
29235.70801398158,1,1,
29255.691238850355,1,0,
29275.67446371913,1,1,
29295.657688587904,2,1,
29315.64091345668,1,0,
29335.624138325453,2,1,
29355.607363194227,1,0,
29375.590588063,1,0,
29395.573812931776,2,0,
29415.55703780055,1,0,
29435.540262669325,1,0,
29455.5234875381,2,0,
29475.506712406874,1,0,
29495.489937275648,2,0,
29515.473162144423,1,2,
29535.456387013197,0,0,
29555.43961188197,1,0,
29575.422836750746,0,0,
29595.40606161952,0,0,
29615.389286488295,0,0,
29635.37251135707,0,0,
29655.355736225843,0,0,
29675.338961094618,0,0,
29695.322185963392,0,0,
29715.305410832167,0,0,
29735.28863570094,0,1,
29755.271860569715,0,0,
29775.25508543849,0,0,
29795.238310307264,0,0,
29815.22153517604,0,0,
29835.204760044813,1,0,
29855.187984913588,0,0,
29875.171209782362,0,0,
29895.154434651136,0,0,
29915.13765951991,0,0,
29935.120884388685,0,1,
29955.10410925746,0,1,
29975.087334126234,0,0,
29995.07055899501,0,0,
30015.053783863783,0,0,
30035.037008732557,0,0,
30055.02023360133,0,0,
30075.003458470106,0,0,
30094.98668333888,0,1,
30114.969908207655,0,0,
30134.95313307643,0,0,
30154.936357945204,0,0,
30174.91958281398,0,0,
30194.902807682753,0,0,
30214.886032551527,0,0,
30234.8692574203,0,0,
30254.852482289076,0,0,
30274.83570715785,0,0,
30294.818932026625,0,0,
30314.8021568954,0,0,
30334.785381764174,0,0,
30354.768606632948,0,0,
30374.751831501722,0,0,
30394.735056370497,0,0,
30414.71828123927,0,0,
30434.701506108046,0,0,
30454.68473097682,0,0,
30474.667955845594,0,0,
30494.65118071437,0,0,
30514.634405583143,0,1,
30534.617630451918,0,0,
30554.600855320692,0,0,
30574.584080189466,0,0,
30594.56730505824,0,0,
30614.550529927015,0,0,
30634.53375479579,0,0,
30654.516979664564,0,1,
30674.50020453334,0,0,
30694.483429402113,0,0,
30714.466654270887,0,0,
30734.44987913966,0,0,
30754.433104008436,0,0,
30774.41632887721,0,0,
30794.399553745985,0,0,
30814.38277861476,0,0,
30834.366003483534,0,1,
30854.34922835231,0,0,
30874.332453221083,0,0,
30894.315678089857,0,0,
30914.29890295863,0,0,
30934.282127827406,0,1,
30954.26535269618,0,0,
30974.248577564955,0,0,
30994.23180243373,0,1,
31014.215027302504,0,0,
31034.198252171278,0,0,
31054.181477040052,0,0,
31074.164701908827,0,0,
31094.1479267776,0,0,
31114.131151646376,0,0,
31134.11437651515,0,1,
31154.097601383924,0,0,
31174.0808262527,0,0,
31194.064051121473,0,2,
31214.047275990248,0,0,
31234.030500859022,0,1,
31254.013725727797,0,0,
31273.99695059657,0,0,
31293.980175465345,0,0,
31313.96340033412,0,0,
31333.946625202894,0,1,
31353.92985007167,0,0,
31373.913074940443,0,0,
31393.896299809217,0,1,
31413.879524677992,0,0,
31433.862749546766,0,0,
31453.84597441554,0,0,
31473.829199284315,0,0,
31493.81242415309,0,1,
31513.795649021864,0,0,
31533.77887389064,0,0,
31553.762098759413,0,0,
31573.745323628187,0,0,
31593.72854849696,0,0,
31613.711773365736,0,1,
31633.69499823451,0,0,
31653.678223103285,0,1,
31673.66144797206,0,0,
31693.644672840834,0,0,
31713.627897709608,0,1,
31733.611122578382,0,0,
31753.594347447157,0,0,
31773.57757231593,0,0,
31793.560797184706,0,0,
31813.54402205348,0,1,
31833.527246922255,0,0,
31853.51047179103,0,0,
31873.493696659803,0,0,
31893.476921528578,0,0,
31913.460146397352,0,0,
31933.443371266127,0,0,
31953.4265961349,0,0,
31973.409821003675,0,0,
31993.39304587245,0,0,
32013.376270741224,0,0,
32033.35949561,0,0,
32053.342720478773,0,1,
32073.325945347548,0,0,
32093.309170216322,0,0,
32113.292395085096,0,0,
32133.27561995387,0,0,
32153.258844822645,0,0,
32173.24206969142,0,0,
32193.225294560194,0,0,
32213.20851942897,0,0,
32233.191744297743,0,0,
32253.174969166517,0,1,
32273.15819403529,0,0,
32293.141418904066,0,1,
32313.12464377284,0,0,
32333.107868641615,0,0,
32353.09109351039,0,0,
32373.074318379164,0,1,
32393.057543247938,0,0,
32413.040768116713,0,0,
32433.023992985487,0,0,
32453.00721785426,0,0,
32472.990442723036,0,0,
32492.97366759181,0,0,
32512.956892460585,0,1,
32532.94011732936,0,0,
32552.923342198133,0,0,
32572.906567066908,0,0,
32592.889791935682,0,0,
32612.873016804457,0,0,
32632.85624167323,0,0,
32652.839466542006,0,0,
32672.82269141078,0,0,
32692.805916279554,0,0,
32712.78914114833,0,0,
32732.772366017103,0,1,
32752.755590885878,0,0,
32772.73881575465,0,0,
32792.72204062343,0,0,
32812.7052654922,0,1,
32832.688490360975,0,0,
32852.67171522975,0,0,
32872.654940098524,0,0,
32892.6381649673,0,0,
32912.62138983607,0,0,
32932.60461470485,0,0,
32952.58783957362,0,0,
32972.571064442396,0,0,
32992.55428931117,0,0,
33012.537514179945,0,0,
33032.52073904872,0,0,
33052.503963917494,0,0,
33072.48718878627,0,0,
33092.47041365504,0,0,
33112.45363852382,0,0,
33132.43686339259,0,1,
33152.420088261366,0,0,
33172.40331313014,0,0,
33192.386537998915,0,1,
33212.36976286769,0,0,
33232.35298773646,0,0,
33252.33621260524,0,0,
33272.31943747401,0,0,
33292.30266234279,0,1,
33312.28588721156,0,0,
33332.269112080336,0,0,
33352.25233694911,0,1,
33372.235561817884,0,0,
33392.21878668666,0,0,
33412.20201155543,0,0,
33432.18523642421,0,0,
33452.16846129298,0,1,
33472.15168616176,0,0,
33492.13491103053,0,0,
33512.118135899305,0,0,
33532.10136076808,0,0,
33552.084585636854,0,0,
33572.06781050563,0,0,
33592.0510353744,0,0,
33612.03426024318,0,0,
33632.01748511195,0,0,
33652.000709980726,0,0,
33671.9839348495,0,0,
33691.967159718275,0,0,
33711.95038458705,0,0,
33731.933609455824,0,0,
33751.9168343246,0,0,
33771.90005919337,0,3,
33791.88328406215,0,0,
33811.86650893092,0,0,
33831.849733799696,0,1,
33851.83295866847,0,0,
33871.816183537245,0,0,
33891.79940840602,0,0,
33911.78263327479,0,0,
33931.76585814357,0,0,
33951.74908301234,0,0,
33971.73230788112,0,0,
33991.71553274989,0,1,
34011.698757618666,0,0,
34031.68198248744,0,0,
34051.665207356215,0,0,
34071.64843222499,0,0,
34091.63165709376,0,0,
34111.61488196254,0,0,
34131.59810683131,0,0,
34151.58133170009,0,0,
34171.56455656886,0,0,
34191.547781437635,0,0,
34211.53100630641,0,0,
34231.514231175184,0,0,
34251.49745604396,0,1,
34271.48068091273,0,0,
34291.46390578151,0,1,
34311.44713065028,0,1,
34331.430355519056,0,0,
34351.41358038783,0,0,
34371.396805256605,0,1,
34391.38003012538,0,0,
34411.363254994154,0,0,
34431.34647986293,0,0,
34451.3297047317,0,0,
34471.31292960048,0,0,
34491.29615446925,0,0,
34511.279379338026,0,0,
34531.2626042068,0,0,
34551.245829075575,0,0,
34571.22905394435,0,1,
34591.212278813124,0,0,
34611.1955036819,0,0,
34631.17872855067,0,0,
34651.16195341945,0,0,
34671.14517828822,0,0,
34691.128403156996,0,1,
34711.11162802577,0,0,
34731.094852894545,0,0,
34751.07807776332,0,0,
34771.06130263209,0,0,
34791.04452750087,0,0,
34811.02775236964,0,0,
34831.01097723842,0,1,
34850.99420210719,0,0,
34870.977426975965,0,0,
34890.96065184474,0,0,
34910.943876713514,0,0,
34930.92710158229,0,1,
34950.91032645106,0,0,
34970.89355131984,0,0,
34990.87677618861,0,0,
35010.86000105739,0,0,
35030.84322592616,0,0,
35050.826450794935,0,0,
35070.80967566371,0,0,
35090.792900532484,0,0,
35110.77612540126,0,0,
35130.75935027003,0,0,
35150.74257513881,1,0,
35170.72580000758,0,0,
35190.709024876356,0,1,
35210.69224974513,0,0,
35230.675474613905,0,0,
35250.65869948268,0,1,
35270.641924351454,0,1,
35290.62514922023,0,0,
35310.608374089,0,0,
35330.59159895778,0,0,
35350.57482382655,0,2,
35370.558048695326,0,0,
35390.5412735641,0,0,
35410.524498432875,0,0,
35430.50772330165,0,1,
35450.49094817042,0,0,
35470.4741730392,0,0,
35490.45739790797,0,0,
35510.44062277675,0,0,
35530.42384764552,0,1,
35550.407072514296,0,0,
35570.39029738307,0,0,
35590.373522251844,0,0,
35610.35674712062,0,0,
35630.33997198939,0,0,
35650.32319685817,0,0,
35670.30642172694,0,0,
35690.28964659572,0,0,
35710.27287146449,0,0,
35730.256096333265,0,0,
35750.23932120204,0,0,
35770.222546070814,0,0,
35790.20577093959,0,0,
35810.18899580836,0,0,
35830.17222067714,0,0,
35850.15544554591,0,0,
35870.138670414686,0,0,
35890.12189528346,0,0,
35910.105120152235,0,0,
35930.08834502101,0,0,
35950.071569889784,0,1,
35970.05479475856,0,0,
35990.03801962733,0,0,
36010.02124449611,0,1,
36030.00446936488,0,0,
36049.987694233656,0,0,
36069.97091910243,0,0,
36089.954143971205,0,0,
36109.93736883998,0,1,
36129.92059370875,0,0,
36149.90381857753,0,0,
36169.8870434463,0,0,
36189.87026831508,0,0,
36209.85349318385,0,0,
36229.836718052626,0,0,
36249.8199429214,0,0,
36269.803167790174,0,0,
36289.78639265895,0,0,
36309.76961752772,0,0,
36329.7528423965,0,0,
36349.73606726527,0,0,
36369.71929213405,0,0,
36389.70251700282,0,0,
36409.685741871595,0,0,
36429.66896674037,0,0,
36449.652191609144,0,0,
36469.63541647792,0,1,
36489.61864134669,0,0,
36509.60186621547,0,0,
36529.58509108424,0,0,
36549.568315953016,2,0,
36569.55154082179,0,1,
36589.534765690565,0,0,
36609.51799055934,0,0,
36629.501215428114,0,0,
36649.48444029689,0,0,
36669.46766516566,0,1,
36689.45089003444,0,0,
36709.43411490321,0,0,
36729.417339771986,0,0,
36749.40056464076,0,0,
36769.383789509535,0,0,
36789.36701437831,0,0,
36809.350239247084,0,0,
36829.33346411586,0,0,
36849.31668898463,0,0,
36869.29991385341,0,0,
36889.28313872218,0,0,
36909.266363590956,0,0,
36929.24958845973,0,1,
36949.232813328505,0,0,
36969.21603819728,0,0,
36989.19926306605,0,0,
37009.18248793483,0,0,
37029.1657128036,0,0,
37049.14893767238,0,0,
37069.13216254115,0,0,
37089.115387409925,0,0,
37109.0986122787,0,0,
37129.081837147474,0,0,
37149.06506201625,0,0,
37169.04828688502,0,0,
37189.0315117538,0,0,
37209.01473662257,0,0,
37228.997961491346,0,0,
37248.98118636012,0,0,
37268.964411228895,0,0,
37288.94763609767,0,1,
37308.930860966444,0,0,
37328.91408583522,0,0,
37348.89731070399,0,1,
37368.88053557277,0,0,
37388.86376044154,0,0,
37408.846985310316,0,0,
37428.83021017909,0,0,
37448.813435047865,0,0,
37468.79665991664,0,0,
37488.779884785414,0,0,
37508.76310965419,0,0,
37528.74633452296,0,0,
37548.72955939174,0,1,
37568.71278426051,0,0,
37588.696009129286,0,0,
37608.67923399806,0,0,
37628.662458866835,0,0,
37648.64568373561,0,0,
37668.62890860438,0,0,
37688.61213347316,0,0,
37708.59535834193,0,0,
37728.57858321071,0,0,
37748.56180807948,0,0,
37768.545032948256,0,1,
37788.52825781703,0,0,
37808.511482685804,0,0,
37828.49470755458,0,1,
37848.47793242335,0,0,
37868.46115729213,0,1,
37888.4443821609,0,0,
37908.42760702968,0,1,
37928.41083189845,0,0,
37948.394056767225,0,0,
37968.377281636,0,1,
37988.360506504774,0,1,
38008.34373137355,0,0,
38028.32695624232,0,0,
38048.3101811111,0,1,
38068.29340597987,0,0,
38088.276630848646,0,0,
38108.25985571742,0,0,
38128.243080586195,0,0,
38148.22630545497,0,0,
38168.209530323744,0,2,
38188.19275519252,0,0,
38208.17598006129,0,0,
38228.15920493007,0,0,
38248.14242979884,0,0,
38268.125654667616,0,0,
38288.10887953639,0,0,
38308.092104405165,0,0,
38328.07532927394,0,0,
38348.05855414271,0,0,
38368.04177901149,0,1,
38388.02500388026,0,0,
38408.00822874904,0,0,
38427.99145361781,0,1,
38447.974678486586,0,0,
38467.95790335536,0,0,
38487.941128224134,0,0,
38507.92435309291,0,0,
38527.90757796168,0,0,
38547.89080283046,0,0,
38567.87402769923,0,0,
38587.85725256801,0,0,
38607.84047743678,0,0,
38627.823702305555,0,0,
38647.80692717433,0,0,
38667.790152043104,0,1,
38687.77337691188,0,0,
38707.75660178065,0,0,
38727.73982664943,0,1,
38747.7230515182,0,0,
38767.706276386976,0,0,
38787.68950125575,0,0,
38807.672726124525,0,0,
38827.6559509933,0,0,
38847.639175862074,0,0,
38867.62240073085,0,0,
38887.60562559962,0,0,
38907.5888504684,0,0,
38927.57207533717,0,0,
38947.555300205946,0,0,
38967.53852507472,0,0,
38987.521749943495,0,0,
39007.50497481227,0,0,
39027.48819968104,0,0,
39047.47142454982,0,0,
39067.45464941859,0,0,
39087.43787428737,0,1,
39107.42109915614,0,0,
39127.404324024916,0,0,
39147.38754889369,0,0,
39167.370773762465,0,0,
39187.35399863124,0,0,
39207.33722350001,0,0,
39227.32044836879,0,0,
39247.30367323756,0,0,
39267.28689810634,0,0,
39287.27012297511,0,0,
39307.253347843885,0,0,
39327.23657271266,0,0,
39347.219797581434,0,0,
39367.20302245021,0,0,
39387.18624731898,0,0,
39407.16947218776,1,0,
39427.15269705653,0,0,
39447.135921925306,0,0,
39467.11914679408,0,0,
39487.102371662855,0,0,
39507.08559653163,0,0,
39527.068821400404,0,0,
39547.05204626918,0,0,
39567.03527113795,0,0,
39587.01849600673,0,0,
39607.0017208755,0,0,
39626.984945744276,0,0,
39646.96817061305,0,0,
39666.951395481825,0,0,
39686.9346203506,0,0,
39706.917845219374,1,0,
39726.90107008815,0,0,
39746.88429495692,0,0,
39766.8675198257,0,0,
39786.85074469447,0,0,
39806.833969563246,0,0,
39826.81719443202,0,1,
39846.800419300795,0,0,
39866.78364416957,0,0,
39886.76686903834,0,0,
39906.75009390712,0,0,
39926.73331877589,0,0,
39946.71654364467,0,0,
39966.69976851344,0,0,
39986.682993382215,0,0,
40006.66621825099,0,0,
40026.649443119764,0,1,
40046.63266798854,0,0,
40066.61589285731,0,1,
40086.59911772609,0,0,
40106.58234259486,0,0,
40126.56556746364,0,0,
40146.54879233241,0,0,
40166.532017201185,1,0,
40186.51524206996,0,0,
40206.498466938734,0,1,
40226.48169180751,0,0,
40246.46491667628,0,0,
40266.44814154506,0,0,
40286.43136641383,0,0,
40306.414591282606,0,0,
40326.39781615138,0,0,
40346.381041020155,0,0,
40366.36426588893,0,0,
40386.347490757704,0,1,
40406.33071562648,0,0,
40426.31394049525,0,0,
40446.29716536403,0,0,
40466.2803902328,0,0,
40486.263615101576,0,2,
40506.24683997035,0,0,
40526.230064839125,0,0,
40546.2132897079,0,0,
40566.19651457667,0,0,
40586.17973944545,0,0,
40606.16296431422,0,1,
40626.146189183,0,0,
40646.12941405177,0,0,
40666.112638920546,1,0,
40686.09586378932,0,0,
40706.079088658094,0,0,
40726.06231352687,0,0,
40746.04553839564,0,0,
40766.02876326442,0,1,
40786.01198813319,0,0,
40805.99521300197,0,0,
40825.97843787074,0,0,
40845.961662739515,0,0,
40865.94488760829,0,0,
40885.928112477064,1,1,
40905.91133734584,0,0,
