Instrument,800C10982
Date,2023/05/16
Time,14:44:30
Assay #,0003
Application,REE_IDX
Method,REE_IDX
Assay Duration (set),150s
Assay Duration (total actual),159.98s
Temperature (Detector),-27.0 C
Temperature (Ambient),35.33 C
Phase Count,3
Phases,"Phase 1(30s): 15.0kV, 42.3uA (No Filter)","Phase 2(90s): 50.0kV, 31.65uA (Cu:75um/Ti:25um/Al:200um)","Phase 3(30s): 30.0kV, 48.9uA (Ti:25um/Al:300um)"
 
 
RESULTS:
Z,Compound,Concentration(%),Error(1SD)
12,Mg,0.2905,0.0652
13,Al,9.7714,0.0216
14,Si,21.0743,0.0509
15,P,0.024,0.0031
16,S,0.0,0.0029
19,K,0.4855,0.0035
20,Ca,0.1755,0.0017
22,Ti,0.9627,0.0078
23,V,0.0256,0.0004
24,Cr,0.0638,0.0013
25,Mn,0.0589,0.0014
26,Fe,17.0013,0.0106
28,Ni,0.0174,0.0003
29,Cu,0.0381,0.0005
30,Zn,0.0057,0.0005
33,As,0.0035,0.0001
38,Sr,0.001,0.0001
39,Y,0.0028,0.0001
40,Zr,0.0354,0.0002
41,Nb,0.0002,0.0001
56,Ba,0.0162,0.0014
57,La,0.0003,0.0019
58,Ce,0.0014,0.0021
82,Pb,0.0018,0.0003
90,Th,0.002,0.0002
92,U,0.0004,0.0001
100,Pr_IDX,0.0001,0.0
101,Nd_IDX,0.0003,0.0
102,Sm_IDX,0.0001,0.0
103,Eu_IDX,0.0,0.0
104,Gd_IDX,0.0005,0.0
105,Tb_IDX,0.0001,0.0
106,Dy_IDX,0.0004,0.0
107,Ho_IDX,0.0001,0.0
108,Er_IDX,0.0003,0.0
109,Tm_IDX,0.0,0.0
110,Yb_IDX,0.0002,0.0
111,Lu_IDX,0.0,0.0
112,HREE,0.0045,0.0
113,LREE,0.0008,0.0
114,TREE,0.0053,0.0
 
 
SPECTRA:
eV Channel Start,0.7138215899467468,0.11688584834337234,0.26448798179626465
eV per Channel,19.99121856689453,19.99121856689453,19.99121856689453
 
Energy (eV),Counts (Phase 1),Counts (Phase 2),Counts (Phase 3)
0.7138215899467468,0,0,0
20.705040156841278,0,0,0
40.69625872373581,0,0,0
60.68747729063034,0,0,0
80.67869585752487,0,0,0
100.6699144244194,0,0,0
120.66113299131393,0,0,0
140.65235155820847,0,0,0
160.643570125103,0,0,0
180.63478869199753,0,0,0
200.62600725889206,0,0,0
220.6172258257866,0,0,0
240.60844439268112,0,0,0
260.59966295957565,0,0,0
280.5908815264702,1,2,0
300.5821000933647,4,24,5
320.57331866025925,73,283,90
340.5645372271538,570,2629,724
360.5557557940483,2370,11278,3145
380.54697436094284,4749,23667,6478
400.5381929278374,4481,23039,6442
420.5294114947319,2195,11177,3014
440.52063006162643,526,2675,706
460.51184862852097,73,341,101
480.5030671954155,7,33,13
500.49428576231,5,7,5
520.4855043292046,1,5,1
540.4767228960991,1,4,2
560.4679414629936,3,5,3
580.4591600298882,65,1167,217
600.4503785967827,57,1135,202
620.4415971636772,67,1181,188
640.4328157305717,55,1173,210
660.4240342974663,41,1149,206
680.4152528643608,49,1216,227
700.4064714312553,48,1186,206
720.3976899981499,56,1131,240
740.3889085650444,70,1164,215
760.3801271319389,45,1136,195
780.3713456988335,70,1147,225
800.362564265728,69,1168,213
820.3537828326225,58,1071,205
840.3450013995171,83,1083,238
860.3362199664116,68,1127,217
880.3274385333061,95,1083,208
900.3186571002007,131,1083,226
920.3098756670952,181,1107,196
940.3010942339897,216,1130,203
960.2923128008842,198,1090,214
980.2835313677788,160,1011,215
1000.2747499346733,116,1123,210
1020.2659685015678,94,1068,204
1040.2571870684624,93,1032,201
1060.248405635357,132,1063,223
1080.2396242022514,161,1000,198
1100.230842769146,129,1003,203
1120.2220613360405,115,1011,168
1140.213279902935,107,1015,192
1160.2044984698296,130,1055,219
1180.195717036724,153,968,199
1200.1869356036186,161,1047,201
1220.1781541705132,163,987,174
1240.1693727374077,176,997,188
1260.1605913043022,142,933,171
1280.1518098711967,125,997,183
1300.1430284380913,118,944,207
1320.1342470049858,106,915,176
1340.1254655718803,113,941,192
1360.1166841387749,115,977,166
1380.1079027056694,214,931,164
1400.099121272564,562,966,200
1420.0903398394585,1487,1003,178
1440.081558406353,3216,954,264
1460.0727769732475,5230,1007,268
1480.063995540142,6371,1076,325
1500.0552141070366,5676,1056,290
1520.0464326739311,3705,1035,257
1540.0376512408257,2017,969,188
1560.0288698077202,1001,954,169
1580.0200883746147,615,929,189
1600.0113069415092,437,937,167
1620.0025255084038,535,928,165
1639.9937440752983,1690,856,164
1659.9849626421928,5224,901,220
1679.9761812090874,13669,1017,309
1699.967399775982,27352,1050,483
1719.9586183428764,39719,1099,654
1739.949836909771,42807,1148,681
1759.9410554766655,34870,1161,575
1779.93227404356,21706,1063,435
1799.9234926104546,11062,984,304
1819.914711177349,5388,952,199
1839.9059297442436,2852,934,178
1859.8971483111382,1730,938,185
1879.8883668780327,1059,936,143
1899.8795854449272,574,957,142
1919.8708040118217,370,919,150
1939.8620225787163,307,922,135
1959.8532411456108,257,940,128
1979.8444597125053,301,936,136
1999.8356782793999,282,983,130
2019.8268968462944,357,872,139
2039.818115413189,306,956,129
2059.8093339800835,268,953,123
2079.800552546978,234,953,127
2099.7917711138725,238,895,121
2119.782989680767,216,900,125
2139.7742082476616,191,886,143
2159.765426814556,233,871,97
2179.7566453814507,228,897,119
2199.747863948345,242,874,116
2219.7390825152397,259,872,103
2239.7303010821342,361,855,111
2259.721519649029,520,916,109
2279.7127382159233,679,939,135
2299.703956782818,844,821,106
2319.6951753497124,834,883,117
2339.686393916607,834,869,104
2359.6776124835014,713,821,113
2379.668831050396,618,816,104
2399.6600496172905,575,802,86
2419.651268184185,498,819,93
2439.6424867510796,451,822,76
2459.633705317974,455,793,102
2479.6249238848686,406,789,92
2499.616142451763,450,802,98
2519.6073610186577,475,809,85
2539.598579585552,517,784,77
2559.5897981524467,613,799,90
2579.5810167193413,885,792,101
2599.572235286236,1456,841,107
2619.5634538531303,2583,843,85
2639.554672420025,4522,831,85
2659.5458909869194,7129,797,101
2679.537109553814,9091,795,78
2699.5283281207085,9980,725,70
2719.519546687603,8789,722,94
2739.5107652544975,6793,743,79
2759.501983821392,5050,709,105
2779.4932023882866,4351,803,108
2799.484420955181,4946,724,101
2819.4756395220757,5670,723,82
2839.46685808897,5871,720,100
2859.4580766558647,5708,701,93
2879.4492952227592,5247,761,106
2899.440513789654,5285,765,153
2919.4317323565483,5685,807,194
2939.422950923443,6147,797,238
2959.4141694903374,6533,785,274
2979.405388057232,5843,760,216
2999.3966066241264,4427,809,191
3019.387825191021,3147,702,141
3039.3790437579155,2139,700,95
3059.37026232481,1351,620,92
3079.3614808917046,1072,698,67
3099.352699458599,909,695,61
3119.3439180254936,991,728,89
3139.335136592388,1098,692,87
3159.3263551592827,1259,680,84
3179.317573726177,1290,727,119
3199.3087922930717,1417,749,138
3219.3000108599663,1578,912,241
3239.291229426861,2375,1090,357
3259.2824479937553,3573,1297,524
3279.27366656065,4734,1494,657
3299.2648851275444,5780,1491,726
3319.256103694439,6102,1490,723
3339.2473222613335,5264,1178,606
3359.238540828228,3865,1028,401
3379.2297593951225,2566,898,267
3399.220977962017,1565,796,166
3419.2121965289116,979,766,138
3439.203415095806,810,886,161
3459.1946336627007,814,972,231
3479.185852229595,860,1067,238
3499.1770707964897,958,1040,240
3519.1682893633842,997,1022,269
3539.159507930279,1114,932,260
3559.1507264971733,1239,837,243
3579.141945064068,1323,850,213
3599.1331636309624,1598,820,177
3619.124382197857,1985,730,202
3639.1156007647514,2454,761,286
3659.106819331646,3073,775,310
3679.0980378985405,3480,786,363
3699.089256465435,3572,865,386
3719.0804750323296,3122,797,345
3739.071693599224,2359,755,303
3759.0629121661186,1576,704,188
3779.054130733013,1123,658,124
3799.0453492999077,799,588,96
3819.036567866802,678,583,87
3839.0277864336967,579,566,64
3859.0190050005913,603,497,70
3879.010223567486,623,509,61
3899.0014421343803,681,534,68
3918.992660701275,699,557,81
3938.9838792681694,777,544,89
3958.975097835064,856,518,75
3978.9663164019585,960,533,84
3998.957534968853,1070,554,111
4018.9487535357475,1119,533,101
4038.939972102642,1171,545,93
4058.9311906695366,1013,520,99
4078.922409236431,1002,526,79
4098.913627803326,978,500,89
4118.90484637022,887,528,78
4138.896064937115,847,475,82
4158.887283504009,797,472,75
4178.878502070904,808,516,66
4198.869720637798,806,493,67
4218.860939204693,861,469,67
4238.852157771587,842,477,67
4258.843376338482,894,452,63
4278.834594905376,888,464,59
4298.825813472271,985,466,70
4318.8170320391655,959,451,63
4338.80825060606,1065,478,68
4358.799469172955,1216,456,115
4378.790687739849,1763,526,168
4398.781906306744,2943,598,409
4418.773124873638,5450,825,789
4438.764343440533,9128,1185,1414
4458.755562007427,14616,1595,2242
4478.746780574322,19665,1923,3190
4498.737999141216,23573,2433,3739
4518.729217708111,23714,2326,3823
4538.720436275005,20808,2208,3458
4558.7116548419,15895,1802,2724
4578.702873408794,11216,1359,2050
4598.694091975689,7322,1176,1538
4618.6853105425835,5056,1078,1264
4638.676529109478,3789,1027,1158
4658.6677476763725,3273,1031,1119
4678.658966243267,2818,907,1020
4698.650184810162,2411,794,810
4718.641403377056,2106,660,571
4738.632621943951,1761,530,368
4758.623840510845,1573,504,239
4778.61505907774,1543,467,178
4798.606277644634,1556,423,155
4818.597496211529,1789,444,202
4838.588714778423,2180,440,278
4858.579933345318,2854,523,380
4878.571151912212,3588,610,540
4898.562370479107,4408,675,784
4918.553589046001,5288,766,808
4938.544807612896,5508,768,893
4958.5360261797905,5190,721,854
4978.527244746685,4482,638,656
4998.51846331358,3446,510,518
5018.509681880474,2689,488,326
5038.500900447369,2019,414,212
5058.492119014263,1649,374,168
5078.483337581158,1540,345,108
5098.474556148052,1414,331,107
5118.465774714947,1369,367,109
5138.456993281841,1410,316,97
5158.448211848736,1431,299,111
5178.43943041563,1460,298,132
5198.430648982525,1590,333,135
5218.421867549419,1531,339,146
5238.413086116314,1601,364,180
5258.4043046832085,1632,335,239
5278.395523250103,1849,394,238
5298.3867418169975,2062,421,331
5318.377960383892,2388,468,373
5338.369178950787,2780,542,480
5358.360397517681,3374,599,642
5378.351616084576,3975,680,776
5398.34283465147,4574,753,884
5418.334053218365,4692,782,847
5438.325271785259,4404,751,780
5458.316490352154,3799,652,688
5478.307708919048,3060,532,497
5498.298927485943,2501,434,357
5518.290146052837,2000,365,249
5538.281364619732,1752,309,187
5558.272583186626,1583,324,149
5578.263801753521,1542,288,139
5598.2550203204155,1582,243,121
5618.24623888731,1477,237,126
5638.237457454205,1423,226,110
5658.228676021099,1351,221,104
5678.219894587994,1459,227,109
5698.211113154888,1445,232,94
5718.202331721783,1445,254,113
5738.193550288677,1453,257,101
5758.184768855572,1534,235,145
5778.175987422466,1679,291,160
5798.167205989361,1784,283,263
5818.158424556255,2163,365,324
5838.14964312315,2459,442,539
5858.140861690044,2832,561,617
5878.132080256939,3252,607,750
5898.1232988238335,3331,627,904
5918.114517390728,3384,569,849
5938.1057359576225,3159,580,771
5958.096954524517,2936,497,635
5978.088173091412,2507,409,524
5998.079391658306,2267,428,397
6018.070610225201,2115,337,394
6038.061828792095,2008,336,360
6058.05304735899,1982,342,339
6078.044265925884,1971,344,384
6098.035484492779,1957,362,395
6118.026703059673,2142,413,453
6138.017921626568,2283,479,596
6158.009140193462,2525,531,734
6178.000358760357,2940,631,954
6197.991577327251,3896,942,1322
6217.982795894146,5778,1552,2550
6237.9740144610405,10927,2988,5370
6257.965233027935,22200,6670,11770
6277.95645159483,45209,14183,25283
6297.947670161724,85028,27368,48670
6317.938888728619,147814,47541,85551
6337.930107295513,228508,74214,134132
6357.921325862408,316856,103341,187678
6377.912544429302,389329,127946,230726
6397.903762996197,425158,140037,254786
6417.894981563091,411975,137613,248153
6437.886200129986,354021,118605,215109
6457.87741869688,271640,90897,165776
6477.868637263775,186845,62154,113333
6497.859855830669,114389,37920,69153
6517.851074397564,63595,20737,37605
6537.8422929644585,32613,10167,18966
6557.833511531353,16120,4692,8684
6577.8247300982475,8258,2105,3991
6597.815948665142,4922,1007,1969
6617.807167232037,3344,672,1158
6637.798385798931,2539,550,859
6657.789604365826,2295,537,674
6677.78082293272,2080,464,624
6697.772041499615,1934,483,615
6717.763260066509,1909,454,581
6737.754478633404,1998,412,616
6757.745697200298,1998,423,519
6777.736915767193,2069,434,634
6797.728134334087,2176,503,699
6817.719352900982,2258,565,796
6837.710571467876,2579,628,965
6857.701790034771,3027,734,1205
6877.6930086016655,3640,1059,1574
6897.68422716856,4943,1492,2391
6917.675445735455,7231,2283,4048
6937.666664302349,11378,3957,6775
6957.657882869244,18328,6401,11173
6977.649101436138,27469,9849,17053
6997.640320003033,39185,14324,24775
7017.631538569927,50260,18500,31929
7037.622757136822,58766,21624,37867
7057.613975703716,62384,23227,40629
7077.605194270611,59678,22221,38544
7097.596412837505,50930,19172,33571
7117.5876314044,39778,14966,25636
7137.578849971294,27665,10205,17996
7157.570068538189,17505,6543,11297
7177.5612871050835,10411,3712,6386
7197.552505671978,5889,2001,3436
7217.5437242388725,3289,1009,1743
7237.534942805767,1895,462,820
7257.526161372662,1244,285,388
7277.517379939556,942,159,215
7297.508598506451,883,136,135
7317.499817073345,775,126,94
7337.49103564024,765,142,122
7357.482254207134,818,179,127
7377.473472774029,889,179,179
7397.464691340923,1033,227,252
7417.455909907818,1071,279,297
7437.447128474712,1185,347,401
7457.438347041607,1200,360,421
7477.429565608501,1264,383,458
7497.420784175396,1262,357,469
7517.4120027422905,1159,302,394
7537.403221309185,1040,278,321
7557.39443987608,891,191,207
7577.385658442974,817,158,146
7597.376877009869,783,118,88
7617.368095576763,741,107,83
7637.359314143658,720,107,51
7657.350532710552,676,93,47
7677.341751277447,658,94,31
7697.332969844341,686,86,30
7717.324188411236,689,78,46
7737.31540697813,669,83,36
7757.306625545025,712,77,31
7777.297844111919,716,85,33
7797.289062678814,731,86,30
7817.2802812457085,815,93,37
7837.271499812603,879,80,43
7857.2627183794975,907,95,57
7877.253936946392,953,86,68
7897.245155513287,981,131,108
7917.236374080181,1019,148,135
7937.227592647076,1084,202,267
7957.21881121397,1141,292,381
7977.210029780865,1274,338,516
7997.201248347759,1309,460,698
8017.192466914654,1509,555,865
8037.183685481548,1754,592,891
8057.174904048443,1996,527,914
8077.166122615337,2087,526,846
8097.157341182232,2321,445,665
8117.148559749126,2435,364,507
8137.139778316021,2342,276,386
8157.1309968829155,2332,203,248
8177.12221544981,2173,150,180
8197.113434016705,1989,151,133
8217.1046525836,1663,148,120
8237.095871150494,1391,127,108
8257.087089717388,1214,163,123
8277.078308284283,1092,124,118
8297.069526851177,872,114,93
8317.060745418072,838,119,88
8337.051963984966,768,87,79
8357.04318255186,765,109,56
8377.034401118755,724,95,40
8397.02561968565,763,82,54
8417.016838252544,727,81,41
8437.008056819439,676,86,63
8456.999275386333,734,86,47
8476.990493953228,721,88,44
8496.981712520123,745,94,43
8516.972931087017,717,98,60
8536.964149653912,755,128,104
8556.955368220806,784,144,122
8576.9465867877,793,155,155
8596.937805354595,808,156,149
8616.92902392149,823,164,155
8636.920242488384,822,177,179
8656.911461055279,840,180,182
8676.902679622173,841,158,163
8696.893898189068,784,131,140
8716.885116755962,845,131,86
8736.876335322857,846,108,78
8756.867553889751,931,108,92
8776.858772456646,948,102,67
8796.84999102354,911,102,78
8816.841209590435,924,113,77
8836.83242815733,958,111,144
8856.823646724224,955,134,145
8876.814865291119,921,144,168
8896.806083858013,906,161,213
8916.797302424908,875,171,179
8936.788520991802,875,178,183
8956.779739558697,855,139,172
8976.770958125591,805,104,126
8996.762176692486,895,104,124
9016.75339525938,885,101,91
9036.744613826275,888,95,72
9056.73583239317,939,66,73
9076.727050960064,1001,79,76
9096.718269526958,1088,67,56
9116.709488093853,1047,76,78
9136.700706660748,1096,89,67
9156.691925227642,1080,83,102
9176.683143794537,1035,103,91
9196.674362361431,974,102,107
9216.665580928326,981,125,137
9236.65679949522,939,123,163
9256.648018062115,954,121,132
9276.63923662901,992,129,127
9296.630455195904,1036,107,115
9316.621673762798,1003,107,123
9336.612892329693,965,78,102
9356.604110896587,1039,83,72
9376.595329463482,955,75,88
9396.586548030376,892,73,62
9416.577766597271,883,76,75
9436.568985164165,864,69,64
9456.56020373106,839,89,61
9476.551422297955,750,67,74
9496.54264086485,713,87,66
9516.533859431744,715,66,89
9536.525077998638,713,89,86
9556.516296565533,761,87,84
9576.507515132427,847,79,94
9596.498733699322,788,87,97
9616.489952266216,764,89,97
9636.48117083311,779,105,106
9656.472389400005,846,105,98
9676.4636079669,855,105,110
9696.454826533794,900,107,94
9716.446045100689,899,96,108
9736.437263667583,960,119,95
9756.428482234478,889,84,89
9776.419700801373,835,66,102
9796.410919368267,866,94,109
9816.402137935162,803,80,93
9836.393356502056,802,97,100
9856.38457506895,747,85,91
9876.375793635845,695,78,94
9896.36701220274,707,78,95
9916.358230769634,704,61,113
9936.349449336529,781,60,114
9956.340667903423,755,86,115
9976.331886470318,712,65,106
9996.323105037212,718,62,108
10016.314323604107,766,71,96
10036.305542171001,793,76,110
10056.296760737896,808,65,103
10076.28797930479,796,62,97
10096.279197871685,776,74,107
10116.27041643858,753,67,97
10136.261635005474,758,62,117
10156.252853572369,741,54,109
10176.244072139263,691,66,116
10196.235290706158,665,74,103
10216.226509273052,721,61,119
10236.217727839947,662,77,124
10256.208946406841,654,72,127
10276.200164973736,655,56,131
10296.19138354063,681,75,145
10316.182602107525,677,90,137
10336.17382067442,643,69,151
10356.165039241314,674,73,135
10376.156257808208,647,67,155
10396.147476375103,671,75,146
10416.138694941998,630,111,178
10436.129913508892,663,100,189
10456.121132075787,667,109,211
10476.112350642681,726,144,242
10496.103569209576,653,171,292
10516.09478777647,609,145,292
10536.086006343365,685,196,271
10556.07722491026,693,185,275
10576.068443477154,629,163,295
10596.059662044048,631,159,268
10616.050880610943,644,124,239
10636.042099177837,588,111,228
10656.033317744732,634,77,210
10676.024536311626,631,91,156
10696.015754878521,649,91,167
10716.006973445415,667,59,190
10735.99819201231,616,67,172
10755.989410579205,676,55,151
10775.9806291461,737,75,161
10795.971847712994,786,63,167
10815.963066279888,860,85,189
10835.954284846783,1000,73,188
10855.945503413677,1080,85,199
10875.936721980572,1257,76,221
10895.927940547466,1385,67,227
10915.91915911436,1445,71,241
10935.910377681255,1357,77,241
10955.90159624815,1314,60,229
10975.892814815044,1226,82,243
10995.884033381939,1066,68,236
11015.875251948833,1002,76,247
11035.866470515728,873,55,254
11055.857689082623,861,78,219
11075.848907649517,710,81,224
11095.840126216412,705,63,230
11115.831344783306,664,75,240
11135.8225633502,640,68,232
11155.813781917095,571,75,233
11175.80500048399,675,79,240
11195.796219050884,583,73,236
11215.787437617779,648,77,239
11235.778656184673,617,77,265
11255.769874751568,622,69,245
11275.761093318462,626,78,252
11295.752311885357,697,69,279
11315.743530452251,738,67,243
11335.734749019146,748,70,249
11355.72596758604,685,81,258
11375.717186152935,677,78,238
11395.70840471983,717,67,232
11415.699623286724,672,90,251
11435.690841853619,645,91,269
11455.682060420513,643,84,285
11475.673278987408,651,84,282
11495.664497554302,640,79,270
11515.655716121197,657,74,277
11535.646934688091,633,88,278
11555.638153254986,672,60,253
11575.62937182188,661,68,258
11595.620590388775,646,73,310
11615.61180895567,666,81,299
11635.603027522564,616,85,297
11655.594246089458,629,70,308
11675.585464656353,616,60,293
11695.576683223248,615,86,314
11715.567901790142,586,69,302
11735.559120357037,589,94,304
11755.550338923931,587,85,317
11775.541557490826,605,85,345
11795.53277605772,624,56,358
11815.523994624615,632,92,348
11835.51521319151,604,98,345
11855.506431758404,591,111,387
11875.497650325298,607,109,389
11895.488868892193,561,114,366
11915.480087459087,553,108,422
11935.471306025982,590,110,394
11955.462524592876,523,100,417
11975.453743159771,548,120,385
11995.444961726665,509,97,396
12015.43618029356,518,77,356
12035.427398860455,492,81,337
12055.41861742735,501,79,366
12075.409835994244,543,72,365
12095.401054561138,498,58,346
12115.392273128033,474,53,385
12135.383491694927,473,60,333
12155.374710261822,453,63,368
12175.365928828716,470,66,375
12195.35714739561,499,68,381
12215.348365962505,425,55,393
12235.3395845294,486,59,365
12255.330803096294,536,65,382
12275.322021663189,547,62,371
12295.313240230083,473,51,387
12315.304458796978,529,66,401
12335.295677363873,482,70,367
12355.286895930767,535,68,401
12375.278114497662,462,68,401
12395.269333064556,469,60,391
12415.26055163145,469,76,382
12435.251770198345,490,68,403
12455.24298876524,504,77,445
12475.234207332134,464,63,409
12495.225425899029,486,78,441
12515.216644465923,478,75,458
12535.207863032818,459,76,434
12555.199081599712,495,84,468
12575.190300166607,550,95,529
12595.181518733501,603,111,512
12615.172737300396,777,111,529
12635.16395586729,988,132,638
12655.155174434185,1330,124,708
12675.14639300108,1935,115,808
12695.137611567974,2688,173,1060
12715.128830134869,3563,166,1310
12735.120048701763,4576,173,1544
12755.111267268658,5993,214,1876
12775.102485835552,6776,216,2154
12795.093704402447,7741,232,2283
12815.084922969341,7656,249,2380
12835.076141536236,7584,229,2352
12855.06736010313,6958,251,2231
12875.058578670025,5999,198,1997
12895.04979723692,5011,224,1734
12915.041015803814,3769,171,1451
12935.032234370708,2857,175,1142
12955.023452937603,2056,193,996
12975.014671504498,1343,149,782
12995.005890071392,961,117,664
13014.997108638287,666,135,585
13034.988327205181,513,125,571
13054.979545772076,459,117,541
13074.97076433897,426,98,549
13094.961982905865,400,95,498
13114.95320147276,372,90,469
13134.944420039654,396,89,541
13154.935638606548,365,78,545
13174.926857173443,347,93,505
13194.918075740337,367,106,582
13214.909294307232,354,140,608
13234.900512874126,357,152,630
13254.891731441021,444,168,616
13274.882950007915,457,219,716
13294.87416857481,556,274,747
13314.865387141705,724,304,882
13334.8566057086,814,375,967
13354.847824275494,1036,396,1048
13374.839042842388,1360,399,1109
13394.830261409283,1701,390,1183
13414.821479976177,1963,397,1315
13434.812698543072,2152,369,1445
13454.803917109966,2417,340,1387
13474.79513567686,2366,285,1374
13494.786354243755,2273,253,1244
13514.77757281065,2122,191,1198
13534.768791377544,1765,182,1126
13554.760009944439,1460,129,940
13574.751228511333,1240,123,870
13594.742447078228,987,115,845
13614.733665645123,687,90,758
13634.724884212017,527,92,685
13654.716102778912,395,91,678
13674.707321345806,337,80,662
13694.6985399127,255,78,614
13714.689758479595,236,69,612
13734.68097704649,206,67,626
13754.672195613384,211,87,609
13774.663414180279,209,71,602
13794.654632747173,198,73,614
13814.645851314068,200,91,624
13834.637069880962,198,73,612
13854.628288447857,212,75,653
13874.619507014751,216,63,600
13894.610725581646,193,84,564
13914.60194414854,207,80,693
13934.593162715435,187,95,649
13954.58438128233,217,101,667
13974.575599849224,206,94,676
13994.566818416119,203,119,699
14014.558036983013,225,159,742
14034.549255549908,208,166,765
14054.540474116802,239,183,789
14074.531692683697,258,256,846
14094.522911250591,294,274,944
14114.514129817486,280,323,927
14134.50534838438,289,307,932
14154.496566951275,267,322,965
14174.48778551817,216,317,937
14194.479004085064,232,301,886
14214.470222651958,192,233,843
14234.461441218853,197,237,842
14254.452659785748,161,190,815
14274.443878352642,135,163,761
14294.435096919537,113,133,728
14314.426315486431,112,124,695
14334.417534053326,109,96,679
14354.40875262022,103,97,706
14374.399971187115,129,90,701
14394.39118975401,112,75,718
14414.382408320904,107,79,694
14434.373626887798,119,81,700
14454.364845454693,138,86,700
14474.356064021587,119,81,755
14494.347282588482,116,83,696
14514.338501155376,118,73,700
14534.329719722271,117,82,705
14554.320938289165,107,86,706
14574.31215685606,101,94,692
14594.303375422955,100,82,768
14614.29459398985,89,82,683
14634.285812556744,75,91,740
14654.277031123638,72,76,728
14674.268249690533,88,83,719
14694.259468257427,87,100,756
14714.250686824322,55,104,796
14734.241905391216,60,114,739
14754.23312395811,60,126,738
14774.224342525005,63,131,768
14794.2155610919,44,159,845
14814.206779658794,54,171,877
14834.197998225689,41,167,829
14854.189216792583,47,194,859
14874.180435359478,38,234,937
14894.171653926373,39,280,908
14914.162872493267,63,313,881
14934.154091060162,57,296,996
14954.145309627056,49,288,1012
14974.13652819395,49,329,867
14994.127746760845,64,280,921
15014.11896532774,49,262,934
15034.110183894634,45,244,868
15054.101402461529,60,214,879
15074.092621028423,51,208,866
15094.083839595318,49,183,865
15114.075058162212,46,141,814
15134.066276729107,46,133,823
15154.057495296001,43,145,827
15174.048713862896,49,146,771
15194.03993242979,62,130,882
15214.031150996685,59,125,803
15234.02236956358,47,108,829
15254.013588130474,43,107,795
15274.004806697369,63,123,841
15293.996025264263,47,133,803
15313.987243831158,46,101,803
15333.978462398052,47,133,798
15353.969680964947,51,130,861
15373.960899531841,48,98,828
15393.952118098736,41,107,801
15413.94333666563,52,90,823
15433.934555232525,30,130,784
15453.92577379942,61,155,802
15473.916992366314,48,163,881
15493.908210933208,55,199,944
15513.899429500103,46,241,952
15533.890648066998,61,328,978
15553.881866633892,52,454,1069
15573.873085200787,53,671,1131
15593.864303767681,44,855,1355
15613.855522334576,37,1128,1486
15633.84674090147,64,1529,1786
15653.837959468365,44,1928,2030
15673.82917803526,45,2164,2193
15693.820396602154,47,2542,2428
15713.811615169048,46,2798,2763
15733.802833735943,52,3131,2796
15753.794052302837,46,3145,2834
15773.785270869732,48,3093,2970
15793.776489436626,37,2965,2789
15813.767708003521,50,2735,2546
15833.758926570415,43,2471,2334
15853.75014513731,38,1931,2113
15873.741363704205,37,1503,1822
15893.7325822711,47,1154,1532
15913.723800837994,43,906,1436
15933.715019404888,40,639,1232
15953.706237971783,47,506,1091
15973.697456538677,30,321,1096
15993.688675105572,37,263,993
16013.679893672466,34,205,982
16033.67111223936,46,181,836
16053.662330806255,44,158,929
16073.65354937315,38,159,893
16093.644767940044,44,162,868
16113.635986506939,39,166,948
16133.627205073833,33,180,903
16153.618423640728,45,181,902
16173.609642207623,53,174,905
16193.600860774517,39,201,910
16213.592079341412,35,177,934
16233.583297908306,39,216,996
16253.5745164752,47,183,924
16273.565735042095,38,194,907
16293.55695360899,51,162,978
16313.548172175884,27,165,936
16333.539390742779,40,181,915
16353.530609309673,30,187,968
16373.521827876568,40,200,920
16393.513046443462,36,217,918
16413.504265010357,42,207,941
16433.49548357725,31,218,970
16453.486702144146,43,220,973
16473.47792071104,40,259,1023
16493.469139277935,42,269,979
16513.46035784483,40,275,1033
16533.451576411724,33,324,1060
16553.44279497862,44,312,1076
16573.434013545513,44,313,1028
16593.425232112408,43,343,1057
16613.416450679302,39,326,1110
16633.407669246197,47,346,1062
16653.39888781309,39,299,1065
16673.390106379986,46,330,1048
16693.38132494688,38,312,1011
16713.372543513775,34,288,1056
16733.36376208067,24,272,954
16753.354980647564,32,263,950
16773.34619921446,42,272,1020
16793.337417781353,44,230,969
16813.328636348248,39,233,944
16833.319854915142,41,207,984
16853.311073482037,36,216,929
16873.30229204893,35,209,991
16893.293510615826,48,229,906
16913.28472918272,34,207,973
16933.275947749615,41,198,900
16953.26716631651,47,233,947
16973.258384883404,23,190,934
16993.2496034503,42,224,996
17013.240822017193,35,230,983
17033.232040584087,41,237,1005
17053.223259150982,40,216,949
17073.214477717876,28,235,954
17093.20569628477,38,231,931
17113.196914851665,34,251,980
17133.18813341856,24,247,1007
17153.179351985455,30,258,997
17173.17057055235,32,289,1060
17193.161789119244,41,321,971
17213.153007686138,41,358,1034
17233.144226253033,42,439,974
17253.135444819927,41,500,1021
17273.12666338682,49,629,1006
17293.117881953716,39,747,1046
17313.10910052061,40,917,1034
17333.100319087505,50,1135,1065
17353.0915376544,40,1211,1060
17373.082756221294,39,1406,1060
17393.07397478819,51,1580,1142
17413.065193355083,52,1755,1121
17433.056411921978,29,1832,1085
17453.047630488873,33,1870,1056
17473.038849055767,30,1927,1117
17493.03006762266,32,1848,1155
17513.021286189556,45,1721,1105
17533.01250475645,29,1554,1186
17553.003723323345,33,1485,1234
17572.99494189024,24,1423,1262
17592.986160457134,35,1225,1334
17612.97737902403,24,1206,1309
17632.968597590923,33,1081,1358
17652.959816157818,38,1005,1358
17672.951034724712,36,1021,1339
17692.942253291607,26,895,1315
17712.9334718585,31,816,1326
17732.924690425396,25,758,1372
17752.91590899229,34,668,1322
17772.907127559185,33,616,1211
17792.89834612608,24,538,1214
17812.889564692974,30,487,1114
17832.88078325987,32,430,1152
17852.872001826763,31,410,1118
17872.863220393658,32,403,1138
17892.854438960552,30,390,1088
17912.845657527447,18,389,1136
17932.83687609434,21,451,1130
17952.828094661236,33,455,1059
17972.81931322813,27,398,1143
17992.810531795025,30,425,1134
18012.80175036192,29,456,1162
18032.792968928814,26,454,1131
18052.78418749571,31,412,1116
18072.775406062603,30,445,1113
18092.766624629498,24,410,1054
18112.757843196392,34,393,1148
18132.749061763287,33,442,1084
18152.74028033018,25,428,1059
18172.731498897076,28,408,1153
18192.72271746397,34,420,1075
18212.713936030865,23,449,1085
18232.70515459776,28,424,1152
18252.696373164654,29,411,1143
18272.68759173155,24,468,1140
18292.678810298443,36,441,1127
18312.670028865337,27,464,1146
18332.661247432232,21,514,1116
18352.652465999126,29,493,1222
18372.64368456602,26,519,1186
18392.634903132915,27,520,1204
18412.62612169981,24,556,1203
18432.617340266705,31,516,1134
18452.6085588336,34,526,1266
18472.599777400494,26,561,1217
18492.590995967388,24,669,1235
18512.582214534283,29,658,1320
18532.573433101177,15,643,1381
18552.56465166807,31,643,1316
18572.555870234966,23,775,1348
18592.54708880186,20,733,1409
18612.538307368755,27,784,1449
18632.52952593565,26,858,1425
18652.520744502544,20,870,1521
18672.51196306944,19,851,1455
18692.503181636333,25,875,1575
18712.494400203228,28,957,1611
18732.485618770123,23,991,1653
18752.476837337017,27,1047,1637
18772.46805590391,24,1072,1757
18792.459274470806,18,1215,1723
18812.4504930377,17,1203,1769
18832.441711604595,25,1231,1817
18852.43293017149,20,1222,1879
18872.424148738384,24,1344,1922
18892.41536730528,16,1298,1983
18912.406585872173,20,1361,2049
18932.397804439068,21,1510,1954
18952.389023005962,21,1451,2140
18972.380241572857,23,1533,2118
18992.37146013975,27,1509,2136
19012.362678706646,22,1540,2130
19032.35389727354,39,1540,2174
19052.345115840435,26,1598,2204
19072.33633440733,46,1560,2153
19092.327552974224,52,1594,2180
19112.31877154112,55,1611,2171
19132.309990108013,57,1528,2145
19152.301208674908,74,1502,2122
19172.292427241802,72,1503,2100
19192.283645808697,95,1524,2149
19212.27486437559,85,1584,2077
19232.266082942486,99,1519,2042
19252.25730150938,72,1384,1984
19272.248520076275,69,1411,1900
19292.23973864317,82,1349,1913
19312.230957210064,70,1314,1824
19332.22217577696,70,1258,1812
19352.213394343853,47,1254,1830
19372.204612910748,42,1178,1705
19392.195831477642,39,1091,1703
19412.187050044537,29,1155,1725
19432.17826861143,27,1141,1672
19452.169487178326,22,1105,1669
19472.16070574522,20,1095,1489
19492.151924312115,16,1088,1519
19512.14314287901,18,1124,1454
19532.134361445904,19,1028,1450
19552.1255800128,9,1086,1419
19572.116798579693,15,1105,1411
19592.108017146587,17,1098,1331
19612.099235713482,14,1073,1317
19632.090454280376,13,1089,1343
19652.08167284727,17,1004,1347
19672.072891414165,10,995,1294
19692.06410998106,24,994,1287
19712.055328547955,15,890,1308
19732.04654711485,30,860,1313
19752.037765681744,28,818,1281
19772.028984248638,20,801,1191
19792.020202815533,30,764,1211
19812.011421382427,21,711,1287
19832.00263994932,37,759,1185
19851.993858516216,31,758,1266
19871.98507708311,43,838,1287
19891.976295650005,47,812,1246
19911.9675142169,37,846,1322
19931.958732783794,36,870,1360
19951.94995135069,35,998,1442
19971.941169917583,42,1062,1493
19991.932388484478,26,1205,1546
20011.923607051373,32,1223,1726
20031.914825618267,17,1358,1760
20051.90604418516,23,1551,1934
20071.897262752056,18,1613,2083
20091.88848131895,11,1745,2065
20111.879699885845,10,1804,2162
20131.87091845274,15,1854,2385
20151.862137019634,10,1947,2343
20171.85335558653,8,2047,2450
20191.844574153423,12,2069,2520
20211.835792720318,10,2101,2454
20231.827011287212,12,2044,2409
20251.818229854107,18,1908,2211
20271.809448421,11,1766,2114
20291.800666987896,10,1569,1998
20311.79188555479,7,1401,1819
20331.783104121685,9,1291,1716
20351.77432268858,6,1160,1569
20371.765541255474,12,1034,1424
20391.75675982237,6,830,1278
20411.747978389263,12,821,1196
20431.739196956158,9,712,1081
20451.730415523052,22,717,1091
20471.721634089947,12,687,1087
20491.71285265684,17,647,1040
20511.704071223736,10,602,983
20531.69528979063,7,673,983
20551.686508357525,8,623,1027
20571.67772692442,6,642,995
20591.668945491314,11,643,977
20611.66016405821,13,719,986
20631.651382625103,8,704,1012
20651.642601191998,10,676,1025
20671.633819758892,10,724,1029
20691.625038325787,4,691,1025
20711.61625689268,8,684,1010
20731.607475459576,9,770,1006
20751.59869402647,4,704,993
20771.589912593365,5,725,1039
20791.58113116026,4,715,1055
20811.572349727154,4,781,1044
20831.56356829405,4,782,1048
20851.554786860943,3,747,1045
20871.546005427837,6,807,1077
20891.537223994732,3,822,1042
20911.528442561626,10,852,1085
20931.51966112852,3,836,1056
20951.510879695415,6,850,1097
20971.50209826231,5,859,1034
20991.493316829205,3,939,1038
21011.4845353961,3,848,1084
21031.475753962994,4,1002,1090
21051.466972529888,3,979,1144
21071.458191096783,1,899,1108
21091.449409663677,6,1018,1149
21111.44062823057,4,996,1118
21131.431846797466,4,978,1221
21151.42306536436,4,1076,1116
21171.414283931255,4,1047,1112
21191.40550249815,2,1026,1160
21211.396721065044,2,1047,1133
21231.38793963194,4,1064,1057
21251.379158198833,2,1135,1200
21271.370376765728,1,1109,1208
21291.361595332623,4,1127,1145
21311.352813899517,2,1064,1206
21331.34403246641,5,1085,1183
21351.335251033306,2,1102,1052
21371.3264696002,2,1146,1151
21391.317688167095,2,1109,1197
21411.30890673399,2,1127,1168
21431.300125300884,2,1066,1137
21451.29134386778,2,1168,1093
21471.282562434673,1,1067,1102
21491.273781001568,2,1083,1107
21511.264999568462,1,1098,1094
21531.256218135357,2,1077,1098
21551.24743670225,1,1090,1144
21571.238655269146,1,1055,1040
21591.22987383604,1,1096,1069
21611.221092402935,2,1056,1050
21631.21231096983,1,989,1071
21651.203529536724,0,1025,1031
21671.19474810362,4,993,1032
21691.185966670513,3,1044,1048
21711.177185237408,3,956,1049
21731.168403804302,0,950,1021
21751.159622371197,1,992,986
21771.15084093809,3,958,1044
21791.142059504986,2,981,1002
21811.13327807188,0,919,985
21831.124496638775,0,957,1020
21851.11571520567,0,915,970
21871.106933772564,2,944,1001
21891.09815233946,0,927,969
21911.089370906353,4,925,942
21931.080589473248,1,903,1002
21951.071808040142,0,891,931
21971.063026607037,1,877,888
21991.05424517393,1,952,914
22011.045463740826,0,922,923
22031.03668230772,3,919,961
22051.027900874615,1,856,1006
22071.01911944151,1,880,899
22091.010338008404,2,936,935
22111.0015565753,1,843,933
22130.992775142193,2,931,926
22150.983993709087,1,928,939
22170.975212275982,1,876,879
22190.966430842876,0,913,896
22210.95764940977,2,907,893
22230.948867976665,3,903,861
22250.94008654356,2,883,872
22270.931305110455,0,926,938
22290.92252367735,0,884,885
22310.913742244244,0,940,867
22330.904960811138,1,882,920
22350.896179378033,0,902,842
22370.887397944927,1,868,857
22390.87861651182,0,898,887
22410.869835078716,3,938,816
22430.86105364561,0,860,834
22450.852272212505,3,923,843
22470.8434907794,2,891,860
22490.834709346294,1,904,857
22510.82592791319,4,922,857
22530.817146480083,2,1002,847
22550.808365046978,2,1007,941
22570.799583613873,3,982,934
22590.790802180767,4,1102,975
22610.78202074766,1,1160,996
22630.773239314556,0,1230,1012
22650.76445788145,3,1216,1006
22670.755676448345,0,1371,1063
22690.74689501524,1,1338,1096
22710.738113582134,2,1389,1136
22730.72933214903,2,1408,1107
22750.720550715923,0,1348,1101
22770.711769282818,2,1330,1097
22790.702987849712,2,1297,1025
22810.694206416607,1,1211,1093
22830.6854249835,1,1146,1012
22850.676643550396,0,1143,982
22870.66786211729,0,1092,889
22890.659080684185,2,1011,855
22910.65029925108,0,973,860
22930.641517817974,4,953,842
22950.63273638487,4,966,812
22970.623954951763,1,902,805
22990.615173518658,3,900,812
23010.606392085552,1,913,808
23030.597610652447,0,882,795
23050.58882921934,1,901,756
23070.580047786236,2,1001,763
23090.57126635313,2,998,803
23110.562484920025,0,1009,757
23130.55370348692,2,935,744
23150.544922053814,0,921,781
23170.53614062071,0,1010,758
23190.527359187603,0,967,791
23210.518577754498,0,951,788
23230.509796321392,1,990,821
23250.501014888287,1,938,741
23270.49223345518,2,919,727
23290.483452022076,2,966,767
23310.47467058897,1,932,791
23330.465889155865,0,919,757
23350.45710772276,1,965,771
23370.448326289654,2,892,730
23390.43954485655,1,929,725
23410.430763423443,2,880,728
23430.421981990337,1,906,725
23450.413200557232,2,899,720
23470.404419124126,1,904,677
23490.39563769102,1,933,745
23510.386856257915,1,898,739
23530.37807482481,1,898,733
23550.369293391705,5,889,692
23570.3605119586,1,909,667
23590.351730525494,0,917,731
23610.342949092388,1,934,689
23630.334167659283,0,1010,693
23650.325386226177,0,954,732
23670.31660479307,0,944,697
23690.307823359966,0,950,719
23710.29904192686,0,959,681
23730.290260493755,1,1015,670
23750.28147906065,0,1036,638
23770.272697627544,4,1055,666
23790.26391619444,0,1180,731
23810.255134761333,2,1271,653
23830.246353328228,0,1426,682
23850.237571895123,1,1538,647
23870.228790462017,1,1856,687
23890.22000902891,1,2027,716
23910.211227595806,0,2314,684
23930.2024461627,1,2540,664
23950.193664729595,0,2796,710
23970.18488329649,0,3074,687
23990.176101863384,1,3268,688
24010.16732043028,1,3436,707
24030.158538997173,1,3767,718
24050.149757564068,0,3835,640
24070.140976130962,1,4056,642
24090.132194697857,0,4252,693
24110.12341326475,0,4354,638
24130.114631831646,1,4642,612
24150.10585039854,0,4831,654
24170.097068965435,3,4938,643
24190.08828753233,1,5080,626
24210.079506099224,2,4925,617
24230.07072466612,0,4782,627
24250.061943233013,1,4638,646
24270.053161799908,3,4173,661
24290.044380366802,0,4015,610
24310.035598933697,0,3558,679
24330.02681750059,2,3125,611
24350.018036067486,1,2714,606
24370.00925463438,0,2424,622
24390.000473201275,1,1985,598
24409.99169176817,1,1728,629
24429.982910335064,2,1616,588
24449.97412890196,0,1383,614
24469.965347468853,0,1221,637
24489.956566035748,0,1207,583
24509.947784602642,2,1044,577
24529.939003169537,1,1129,563
24549.93022173643,3,1030,600
24569.921440303326,0,991,614
24589.91265887022,3,990,608
24609.903877437115,1,1027,582
24629.89509600401,1,1060,538
24649.886314570904,1,1115,600
24669.8775331378,0,998,545
24689.868751704693,1,990,586
24709.859970271587,0,1079,556
24729.851188838482,0,1092,583
24749.842407405376,0,1111,586
24769.83362597227,2,1051,549
24789.824844539165,3,1129,575
24809.81606310606,0,1081,567
24829.807281672955,0,1080,546
24849.79850023985,2,1109,552
24869.789718806744,1,1124,557
24889.780937373638,0,1166,524
24909.772155940533,1,1110,561
24929.763374507427,0,1195,555
24949.75459307432,1,1197,567
24969.745811641216,1,1238,517
24989.73703020811,0,1266,552
25009.728248775005,0,1258,579
25029.7194673419,2,1231,513
25049.710685908794,0,1249,541
25069.70190447569,0,1315,557
25089.693123042583,1,1350,517
25109.684341609478,1,1400,509
25129.675560176373,0,1377,564
25149.666778743267,2,1407,518
25169.65799731016,0,1389,542
25189.649215877056,1,1443,505
25209.64043444395,0,1416,505
25229.631653010845,0,1491,494
25249.62287157774,0,1441,484
25269.614090144634,0,1429,496
25289.60530871153,1,1520,489
25309.596527278423,0,1419,488
25329.587745845318,0,1460,536
25349.578964412212,0,1405,506
25369.570182979107,0,1343,488
25389.561401546,0,1298,478
25409.552620112896,1,1324,467
25429.54383867979,0,1208,453
25449.535057246685,0,1212,458
25469.52627581358,0,1265,444
25489.517494380474,1,1131,490
25509.50871294737,1,1165,496
25529.499931514263,0,1199,432
25549.491150081158,2,1134,441
25569.482368648052,2,1161,473
25589.473587214947,1,1160,467
25609.46480578184,1,1132,483
25629.456024348736,0,1119,423
25649.44724291563,1,1065,453
25669.438461482525,0,1132,431
25689.42968004942,0,1137,460
25709.420898616314,1,1066,439
25729.41211718321,1,1118,425
25749.403335750103,0,1133,438
25769.394554316998,2,1189,427
25789.385772883892,0,1115,389
25809.376991450787,0,1152,387
25829.36821001768,0,1088,461
25849.359428584576,0,1066,398
25869.35064715147,1,1181,393
25889.341865718365,0,1180,396
25909.33308428526,0,1135,374
25929.324302852154,0,1191,390
25949.31552141905,0,1203,363
25969.306739985943,1,1209,390
25989.297958552837,1,1102,345
26009.289177119732,0,1189,388
26029.280395686626,0,1180,400
26049.27161425352,0,1153,381
26069.262832820415,0,1188,347
26089.25405138731,1,1174,361
26109.245269954205,0,1188,315
26129.2364885211,0,1244,375
26149.227707087994,0,1164,356
26169.218925654888,1,1176,349
26189.210144221783,1,1214,368
26209.201362788677,0,1251,331
26229.19258135557,1,1238,311
26249.183799922466,0,1243,334
26269.17501848936,2,1228,341
26289.166237056255,0,1145,327
26309.15745562315,1,1216,306
26329.148674190044,0,1260,297
26349.13989275694,0,1212,315
26369.131111323833,1,1246,261
26389.122329890728,0,1219,306
26409.113548457623,0,1151,315
26429.104767024517,1,1218,320
26449.09598559141,0,1274,290
26469.087204158306,2,1248,260
26489.0784227252,1,1248,286
26509.069641292095,0,1231,309
26529.06085985899,0,1194,272
26549.052078425884,0,1205,296
26569.04329699278,1,1166,269
26589.034515559673,0,1181,251
26609.025734126568,0,1235,279
26629.016952693462,0,1234,262
26649.008171260357,0,1211,265
26668.99938982725,0,1187,241
26688.990608394146,0,1149,297
26708.98182696104,0,1271,267
26728.973045527935,0,1224,241
26748.96426409483,0,1227,229
26768.955482661724,0,1238,223
26788.94670122862,0,1228,229
26808.937919795513,0,1211,227
26828.929138362408,0,1195,214
26848.920356929302,1,1236,211
26868.911575496197,0,1232,210
26888.90279406309,0,1189,192
26908.894012629986,0,1221,204
26928.88523119688,0,1233,191
26948.876449763775,1,1240,185
26968.86766833067,0,1237,202
26988.858886897564,0,1258,192
27008.85010546446,1,1287,166
27028.841324031353,1,1388,165
27048.832542598248,0,1354,154
27068.823761165142,1,1442,177
27088.814979732037,0,1403,183
27108.80619829893,0,1459,161
27128.797416865826,0,1652,192
27148.78863543272,0,1755,175
27168.779853999615,0,1800,195
27188.77107256651,0,1900,174
27208.762291133404,0,1958,155
27228.7535097003,0,2027,174
27248.744728267193,0,2034,160
27268.735946834087,0,2092,170
27288.727165400982,0,2115,177
27308.718383967876,0,2006,159
27328.70960253477,0,2037,156
27348.700821101665,0,1991,154
27368.69203966856,0,1880,137
27388.683258235455,0,1807,160
27408.67447680235,0,1726,153
27428.665695369244,0,1678,130
27448.656913936138,0,1577,137
27468.648132503033,0,1553,100
27488.639351069927,0,1476,130
27508.63056963682,1,1427,112
27528.621788203716,0,1431,117
27548.61300677061,0,1475,119
27568.604225337505,0,1424,121
27588.5954439044,0,1316,118
27608.586662471294,0,1388,87
27628.57788103819,0,1287,125
27648.569099605083,0,1355,99
27668.560318171978,0,1296,125
27688.551536738873,0,1277,100
27708.542755305767,0,1237,119
27728.53397387266,0,1330,108
27748.525192439556,0,1385,108
27768.51641100645,0,1351,101
27788.507629573345,0,1336,99
27808.49884814024,0,1391,110
27828.490066707134,0,1365,85
27848.48128527403,0,1315,98
27868.472503840923,0,1377,93
27888.463722407818,0,1406,98
27908.454940974712,0,1349,91
27928.446159541607,0,1273,88
27948.4373781085,0,1305,93
27968.428596675396,0,1217,80
27988.41981524229,0,1266,101
28008.411033809185,0,1149,79
28028.40225237608,0,1101,76
28048.393470942974,0,1118,79
28068.38468950987,0,1066,77
28088.375908076763,0,1129,79
28108.367126643658,0,1135,65
28128.358345210552,0,1050,86
28148.349563777447,0,1063,64
28168.34078234434,0,1122,74
28188.332000911236,0,1143,74
28208.32321947813,0,1127,74
28228.314438045025,0,1167,67
28248.30565661192,0,1048,64
28268.296875178814,0,1090,61
28288.28809374571,0,1091,65
28308.279312312603,0,1138,53
28328.270530879498,0,1135,44
28348.261749446392,0,1136,60
28368.252968013287,0,1108,53
28388.24418658018,0,1108,63
28408.235405147076,0,1229,55
28428.22662371397,0,1161,55
28448.217842280865,0,1173,59
28468.20906084776,0,1152,50
28488.200279414654,0,1147,48
28508.19149798155,0,1185,52
28528.182716548443,0,1209,52
28548.173935115337,0,1182,51
28568.165153682232,0,1186,51
28588.156372249126,0,1198,52
28608.14759081602,0,1237,54
28628.138809382915,0,1192,56
28648.13002794981,0,1159,56
28668.121246516705,0,1146,44
28688.1124650836,0,1196,47
28708.103683650494,0,1132,45
28728.094902217388,0,1125,48
28748.086120784283,0,1132,48
28768.077339351177,0,1083,39
28788.06855791807,0,1141,36
28808.059776484966,0,1145,34
28828.05099505186,0,1087,44
28848.042213618755,0,1122,43
28868.03343218565,0,1089,34
28888.024650752544,0,1110,27
28908.01586931944,0,1138,33
28928.007087886333,0,1116,31
28947.998306453228,0,1120,51
28967.989525020123,0,1127,41
28987.980743587017,0,1122,34
29007.97196215391,0,1115,38
29027.963180720806,0,1120,39
29047.9543992877,0,1083,35
29067.945617854595,0,1109,40
29087.93683642149,0,1097,38
29107.928054988384,0,1122,40
29127.91927355528,0,1123,33
29147.910492122173,1,1090,38
29167.901710689068,0,1177,36
29187.892929255962,0,1110,31
29207.884147822857,0,1079,34
29227.87536638975,0,1106,32
29247.866584956646,0,1110,33
29267.85780352354,0,1093,21
29287.849022090435,0,1091,38
29307.84024065733,0,1070,39
29327.831459224224,0,1158,26
29347.82267779112,0,1090,23
29367.813896358013,0,1093,22
29387.805114924908,0,1086,26
29407.796333491802,0,1072,25
29427.787552058697,0,1112,14
29447.77877062559,0,1045,26
29467.769989192486,0,1148,31
29487.76120775938,0,1151,27
29507.752426326275,0,1082,28
29527.74364489317,0,1097,25
29547.734863460064,0,1097,23
29567.72608202696,0,1106,19
29587.717300593853,0,1079,20
29607.708519160748,0,1115,20
29627.699737727642,0,1123,35
29647.690956294537,0,1150,25
29667.68217486143,0,1123,17
29687.673393428326,0,1149,16
29707.66461199522,0,1099,13
29727.655830562115,0,1075,18
29747.64704912901,0,1149,19
29767.638267695904,0,1089,11
29787.6294862628,0,1121,10
29807.620704829693,0,1120,12
29827.611923396587,0,1103,15
29847.603141963482,0,1119,17
29867.594360530376,0,1119,14
29887.58557909727,0,1080,18
29907.576797664165,0,1069,19
29927.56801623106,0,1088,16
29947.559234797955,0,1098,16
29967.55045336485,0,1090,17
29987.541671931744,0,1157,14
30007.532890498638,0,1150,16
30027.524109065533,0,1059,12
30047.515327632427,0,1120,14
30067.50654619932,0,1096,15
30087.497764766216,0,1077,15
30107.48898333311,0,1132,15
30127.480201900005,0,1088,16
30147.4714204669,0,1135,17
30167.462639033794,0,1149,12
30187.45385760069,0,1208,10
30207.445076167583,0,1074,14
30227.436294734478,0,1124,20
30247.427513301373,0,1118,11
30267.418731868267,0,1066,16
30287.40995043516,0,1174,21
30307.401169002056,0,1186,15
30327.39238756895,0,1076,22
30347.383606135845,0,1154,13
30367.37482470274,0,1147,15
30387.366043269634,0,1073,16
30407.35726183653,0,1086,16
30427.348480403423,0,1145,13
30447.339698970318,0,1025,16
30467.330917537212,0,1192,13
30487.322136104107,0,1111,14
30507.313354671,0,1086,21
30527.304573237896,0,1156,9
30547.29579180479,0,1155,18
30567.287010371685,0,1131,8
30587.27822893858,0,1140,18
30607.269447505474,0,1147,18
30627.26066607237,0,1177,14
30647.251884639263,0,1070,8
30667.243103206158,0,1161,19
30687.234321773052,0,1114,12
30707.225540339947,0,1089,15
30727.21675890684,0,1162,19
30747.207977473736,0,1149,18
30767.19919604063,0,1112,14
30787.190414607525,0,1097,13
30807.18163317442,0,1165,24
30827.172851741314,0,1126,15
30847.16407030821,0,1181,21
30867.155288875103,0,1106,11
30887.146507441998,0,1170,14
30907.137726008892,0,1169,12
30927.128944575787,0,1144,15
30947.12016314268,0,1137,10
30967.111381709576,0,1179,14
30987.10260027647,0,1084,15
31007.093818843365,0,1139,7
31027.08503741026,0,1191,14
31047.076255977154,0,1217,13
31067.06747454405,0,1150,10
31087.058693110943,0,1168,18
31107.049911677837,0,1146,14
31127.041130244732,0,1108,13
31147.032348811626,0,1130,19
31167.02356737852,0,1105,13
31187.014785945415,0,1146,12
31207.00600451231,0,1145,10
31226.997223079205,0,1164,16
31246.9884416461,0,1124,11
31266.979660212994,0,1088,15
31286.970878779888,0,1149,11
31306.962097346783,0,1064,15
31326.953315913677,0,1126,16
31346.94453448057,0,1125,8
31366.935753047466,0,1106,4
31386.92697161436,0,1134,16
31406.918190181255,0,1094,14
31426.90940874815,0,1097,19
31446.900627315044,0,1119,14
31466.89184588194,0,1118,10
31486.883064448833,0,1126,13
31506.874283015728,0,1081,16
31526.865501582623,0,1147,10
31546.856720149517,0,1081,9
31566.84793871641,0,1119,15
31586.839157283306,0,1164,13
31606.8303758502,0,1162,13
31626.821594417095,0,1110,15
31646.81281298399,0,1111,10
31666.804031550884,0,1155,10
31686.79525011778,0,1207,7
31706.786468684673,0,1142,16
31726.777687251568,0,1191,10
31746.768905818462,0,1208,16
31766.760124385357,0,1244,13
31786.75134295225,0,1203,17
31806.742561519146,0,1201,13
31826.73378008604,0,1229,12
31846.724998652935,0,1255,12
31866.71621721983,0,1223,7
31886.707435786724,0,1266,20
31906.69865435362,0,1298,12
31926.689872920513,0,1192,5
31946.681091487408,0,1194,15
31966.672310054302,0,1150,9
31986.663528621197,0,1159,15
32006.65474718809,0,1222,13
32026.645965754986,0,1197,10
32046.63718432188,0,1218,11
32066.628402888775,0,1178,13
32086.61962145567,0,1216,11
32106.610840022564,0,1240,11
32126.60205858946,0,1261,10
32146.593277156353,0,1241,4
32166.584495723248,0,1378,11
32186.575714290142,0,1304,5
32206.566932857037,0,1299,12
32226.55815142393,0,1311,11
32246.549369990826,0,1275,9
32266.54058855772,0,1326,8
32286.531807124615,0,1215,12
32306.52302569151,0,1220,10
32326.514244258404,0,1181,8
32346.5054628253,0,1233,11
32366.496681392193,0,1205,11
32386.487899959087,0,1175,10
32406.479118525982,0,1093,10
32426.470337092876,0,1079,6
32446.46155565977,0,1153,11
32466.452774226665,0,1128,6
32486.44399279356,0,1109,7
32506.435211360455,0,1101,7
32526.42642992735,0,1085,5
32546.417648494244,0,1105,9
32566.408867061138,0,1079,9
32586.400085628033,0,1144,7
32606.391304194927,0,1089,9
32626.38252276182,0,1100,13
32646.373741328716,0,1148,12
32666.36495989561,0,1139,12
32686.356178462505,0,1140,13
32706.3473970294,0,1076,9
32726.338615596294,0,1093,12
32746.32983416319,0,1102,7
32766.321052730083,0,1065,11
32786.31227129698,0,1155,11
32806.30348986387,0,1052,9
32826.29470843077,0,1087,4
32846.28592699766,0,1070,7
32866.277145564556,0,1056,4
32886.26836413145,0,1069,8
32906.259582698345,0,1073,12
32926.25080126524,0,1031,6
32946.242019832134,0,1100,9
32966.23323839903,0,1081,10
32986.22445696592,0,1024,5
33006.21567553282,0,1129,8
33026.20689409971,0,1054,11
33046.19811266661,0,1126,8
33066.1893312335,0,1086,7
33086.180549800396,0,1091,4
33106.17176836729,0,1105,6
33126.162986934185,0,1063,9
33146.15420550108,0,1046,9
33166.145424067974,0,1077,6
33186.13664263487,0,1104,9
33206.12786120176,0,1060,9
33226.11907976866,0,1039,3
33246.11029833555,0,1105,5
33266.10151690245,0,1073,5
33286.09273546934,0,1102,8
33306.083954036236,0,1086,11
33326.07517260313,0,1058,4
33346.066391170025,0,1087,11
33366.05760973692,0,1082,8
33386.048828303814,0,1088,7
33406.04004687071,0,1124,8
33426.0312654376,0,1041,7
33446.0224840045,0,1050,8
33466.01370257139,0,1018,4
33486.00492113829,0,1086,10
33505.99613970518,0,1106,5
33525.987358272076,0,1009,5
33545.97857683897,0,1070,6
33565.969795405865,0,1076,17
33585.96101397276,0,1078,6
33605.952232539654,0,1003,5
33625.94345110655,0,1064,7
33645.93466967344,0,1104,3
33665.92588824034,0,1040,2
33685.91710680723,0,1033,1
33705.90832537413,0,1028,6
33725.89954394102,0,1053,6
33745.890762507915,0,1059,6
33765.88198107481,0,1058,7
33785.873199641705,0,1066,6
33805.8644182086,0,1093,6
33825.85563677549,0,1019,7
33845.84685534239,0,1038,7
33865.83807390928,0,1064,5
33885.82929247618,0,1050,6
33905.82051104307,0,1075,4
33925.811729609966,0,1044,4
33945.80294817686,0,1130,5
33965.794166743755,0,1023,5
33985.78538531065,0,1031,7
34005.776603877544,0,992,5
34025.76782244444,0,1046,6
34045.75904101133,0,1073,6
34065.75025957823,0,1020,1
34085.74147814512,0,1009,4
34105.73269671202,0,993,2
34125.72391527891,0,1059,2
34145.715133845806,0,1048,8
34165.7063524127,0,1036,3
34185.697570979595,0,1005,4
34205.68878954649,0,1074,3
34225.680008113384,0,993,3
34245.67122668028,0,1017,6
34265.66244524717,0,1049,7
34285.65366381407,0,1011,0
34305.64488238096,0,1002,2
34325.63610094786,0,1003,3
34345.62731951475,0,1013,4
34365.618538081646,0,1028,5
34385.60975664854,0,988,2
34405.600975215435,0,1003,2
34425.59219378233,0,1009,3
34445.583412349224,0,1026,6
34465.57463091612,0,1020,3
34485.56584948301,0,1015,6
34505.55706804991,0,1030,4
34525.5482866168,0,1001,3
34545.5395051837,0,1000,4
34565.53072375059,0,1056,4
34585.521942317486,0,1023,2
34605.51316088438,0,1009,1
34625.504379451275,0,1033,3
34645.49559801817,0,1020,4
34665.486816585064,0,1070,7
34685.47803515196,0,1067,2
34705.46925371885,0,1040,6
34725.46047228575,0,1011,2
34745.45169085264,0,1031,2
34765.44290941954,0,1002,2
34785.43412798643,0,1026,3
34805.425346553326,0,1038,3
34825.41656512022,0,1026,5
34845.407783687115,0,985,4
34865.39900225401,0,995,2
34885.390220820904,0,995,3
34905.3814393878,0,1009,1
34925.37265795469,0,1004,3
34945.36387652159,0,993,7
34965.35509508848,0,977,2
34985.34631365538,0,1032,7
35005.33753222227,0,958,2
35025.328750789165,0,974,0
35045.31996935606,0,965,4
35065.311187922955,0,1015,4
35085.30240648985,0,1002,4
35105.29362505674,0,954,5
35125.28484362364,0,930,5
35145.27606219053,0,974,4
35165.26728075743,0,984,5
35185.25849932432,0,1041,4
35205.249717891216,0,983,0
35225.24093645811,0,947,4
35245.232155025005,0,963,0
35265.2233735919,0,954,4
35285.214592158794,0,976,4
35305.20581072569,0,923,3
35325.19702929258,0,961,4
35345.18824785948,0,909,3
35365.17946642637,0,938,1
35385.17068499327,0,960,2
35405.16190356016,0,1007,3
35425.153122127056,0,980,7
35445.14434069395,0,887,4
35465.135559260845,0,960,1
35485.12677782774,0,932,4
35505.117996394634,0,973,4
35525.10921496153,0,971,2
35545.10043352842,0,982,3
35565.09165209532,0,979,5
35585.08287066221,0,911,3
35605.07408922911,0,923,2
35625.065307796,0,973,4
35645.056526362896,0,934,3
35665.04774492979,0,964,2
35685.038963496685,0,967,4
35705.03018206358,0,905,3
35725.021400630474,0,981,6
35745.01261919737,0,906,4
35765.00383776426,0,939,5
35784.99505633116,0,972,2
35804.98627489805,0,923,3
35824.97749346495,0,915,6
35844.96871203184,0,987,3
35864.959930598736,0,880,3
35884.95114916563,0,897,1
35904.942367732525,0,932,4
35924.93358629942,0,925,5
35944.924804866314,0,981,3
35964.91602343321,0,905,0
35984.9072420001,0,918,0
36004.898460567,0,870,0
36024.88967913389,0,917,3
36044.88089770079,0,921,2
36064.87211626768,0,907,4
36084.863334834576,0,898,0
36104.85455340147,0,876,0
36124.845771968365,0,938,3
36144.83699053526,0,907,0
36164.828209102154,0,949,4
36184.81942766905,0,915,5
36204.81064623594,0,913,1
36224.80186480284,0,894,3
36244.79308336973,0,953,2
36264.78430193663,0,958,2
36284.77552050352,0,918,3
36304.766739070415,0,938,1
36324.75795763731,0,929,1
36344.749176204205,0,929,4
36364.7403947711,0,951,1
36384.73161333799,0,998,5
36404.72283190489,0,972,3
36424.71405047178,0,941,3
36444.70526903868,0,938,3
36464.69648760557,0,916,1
36484.687706172466,0,957,2
36504.67892473936,0,895,1
36524.670143306255,0,888,1
36544.66136187315,0,892,1
36564.652580440044,0,943,1
36584.64379900694,0,882,1
36604.63501757383,0,891,6
36624.62623614073,0,868,7
36644.61745470762,0,867,4
36664.60867327452,0,871,1
36684.59989184141,0,898,7
36704.591110408306,0,850,0
36724.5823289752,0,879,3
36744.573547542095,0,833,7
36764.56476610899,0,916,6
36784.555984675884,0,945,4
36804.54720324278,0,843,3
36824.53842180967,0,875,0
36844.52964037657,0,866,2
36864.52085894346,0,848,3
36884.51207751036,0,831,3
36904.50329607725,0,840,4
36924.494514644146,0,880,0
36944.48573321104,0,878,2
36964.476951777935,0,852,5
36984.46817034483,0,888,1
37004.459388911724,0,862,9
37024.45060747862,0,889,3
37044.44182604551,0,853,2
37064.43304461241,0,868,2
37084.4242631793,0,821,0
37104.4154817462,0,818,4
37124.40670031309,0,844,2
37144.397918879986,0,839,1
37164.38913744688,0,864,2
37184.380356013775,0,844,4
37204.37157458067,0,856,2
37224.362793147564,0,888,5
37244.35401171446,0,795,2
37264.34523028135,0,843,1
37284.33644884825,0,833,2
37304.32766741514,0,832,1
37324.31888598204,0,896,3
37344.31010454893,0,823,4
37364.301323115826,0,819,3
37384.29254168272,0,794,4
37404.283760249615,0,859,5
37424.27497881651,0,823,2
37444.266197383404,0,838,2
37464.2574159503,0,827,4
37484.24863451719,0,810,0
37504.23985308409,0,803,3
37524.23107165098,0,773,0
37544.22229021788,0,794,3
37564.21350878477,0,887,3
37584.204727351665,0,790,1
37604.19594591856,0,797,2
37624.187164485455,0,840,0
37644.17838305235,0,825,3
37664.16960161924,0,829,4
37684.16082018614,0,797,3
37704.15203875303,0,824,3
37724.14325731993,0,814,2
37744.13447588682,0,799,4
37764.125694453716,0,826,3
37784.11691302061,0,785,4
37804.108131587505,0,799,4
37824.0993501544,0,779,5
37844.090568721294,0,756,4
37864.08178728819,0,803,1
37884.07300585508,0,822,3
37904.06422442198,0,765,1
37924.05544298887,0,778,5
37944.04666155577,0,779,5
37964.03788012266,0,786,2
37984.029098689556,0,778,2
38004.02031725645,0,785,2
38024.011535823345,0,739,4
38044.00275439024,0,802,3
38063.993972957134,0,760,2
38083.98519152403,0,773,1
38103.97641009092,0,810,4
38123.96762865782,0,748,2
38143.95884722471,0,727,2
38163.95006579161,0,806,5
38183.9412843585,0,750,2
38203.932502925396,0,776,3
38223.92372149229,0,777,3
38243.914940059185,0,796,7
38263.90615862608,0,786,1
38283.897377192974,0,768,3
38303.88859575987,0,712,3
38323.87981432676,0,817,2
38343.87103289366,0,745,3
38363.86225146055,0,791,6
38383.85347002745,0,744,6
38403.84468859434,0,705,5
38423.835907161236,0,753,5
38443.82712572813,0,722,4
38463.818344295025,0,684,3
38483.80956286192,0,715,1
38503.800781428814,0,702,4
38523.79199999571,0,673,3
38543.7832185626,0,735,1
38563.7744371295,0,712,4
38583.76565569639,0,688,2
38603.75687426329,0,747,3
38623.74809283018,0,668,3
38643.739311397076,0,702,6
38663.73052996397,0,702,0
38683.721748530865,0,716,4
38703.71296709776,0,686,4
38723.704185664654,0,680,4
38743.69540423155,0,712,4
38763.68662279844,0,753,2
38783.67784136534,0,726,3
38803.66905993223,0,725,6
38823.66027849913,0,720,4
38843.65149706602,0,703,1
38863.642715632915,0,651,1
38883.63393419981,0,710,1
38903.625152766705,0,665,3
38923.6163713336,0,652,3
38943.60758990049,0,661,2
38963.59880846739,0,659,2
38983.59002703428,0,731,0
39003.58124560118,0,683,0
39023.57246416807,0,680,2
39043.563682734966,0,697,2
39063.55490130186,0,686,3
39083.546119868755,0,654,1
39103.53733843565,0,681,8
39123.528557002544,0,645,3
39143.51977556944,0,661,5
39163.51099413633,0,702,3
39183.50221270323,0,681,4
39203.49343127012,0,653,1
39223.48464983702,0,695,1
39243.47586840391,0,679,3
39263.467086970806,0,636,3
39283.4583055377,0,692,1
39303.449524104595,0,632,8
39323.44074267149,0,679,2
39343.431961238384,0,616,3
39363.42317980528,0,683,4
39383.41439837217,0,664,7
39403.40561693907,0,645,5
39423.39683550596,0,636,4
39443.38805407286,0,644,5
39463.37927263975,0,646,5
39483.370491206646,0,645,3
39503.36170977354,0,636,1
39523.352928340435,0,638,1
39543.34414690733,0,581,2
39563.335365474224,0,638,3
39583.32658404112,0,651,3
39603.31780260801,0,657,3
39623.30902117491,0,591,3
39643.3002397418,0,631,3
39663.2914583087,0,563,6
39683.28267687559,0,585,2
39703.273895442486,0,620,1
39723.26511400938,0,640,4
39743.256332576275,0,614,2
39763.24755114317,0,644,4
39783.238769710064,0,568,5
39803.22998827696,0,592,3
39823.22120684385,0,585,3
39843.21242541075,0,625,0
39863.20364397764,0,582,2
39883.19486254454,0,609,5
39903.18608111143,0,588,2
39923.177299678326,0,646,2
39943.16851824522,0,608,2
39963.159736812115,0,546,2
39983.15095537901,0,583,3
40003.142173945904,0,590,4
40023.1333925128,0,591,3
40043.12461107969,0,551,1
40063.11582964659,0,550,4
40083.10704821348,0,590,1
40103.09826678038,0,563,2
40123.08948534727,0,588,0
40143.080703914165,0,572,4
40163.07192248106,0,566,2
40183.063141047955,0,547,2
40203.05435961485,0,538,6
40223.04557818174,0,548,3
40243.03679674864,0,542,4
40263.02801531553,0,545,4
40283.01923388243,0,586,1
40303.01045244932,0,557,3
40323.001671016216,0,558,1
40342.99288958311,0,548,1
40362.984108150005,0,523,0
40382.9753267169,0,553,1
40402.966545283794,0,521,2
40422.95776385069,0,509,4
40442.94898241758,0,546,2
40462.94020098448,0,556,0
40482.93141955137,0,525,3
40502.92263811827,0,492,4
40522.91385668516,0,549,3
40542.905075252056,0,522,3
40562.89629381895,0,482,0
40582.887512385845,0,512,0
40602.87873095274,0,507,1
40622.869949519634,0,536,3
40642.86116808653,0,506,1
40662.85238665342,0,482,5
40682.84360522032,0,457,1
40702.83482378721,0,467,5
40722.82604235411,0,479,4
40742.817260921,0,498,2
40762.808479487896,0,522,1
40782.79969805479,0,498,4
40802.790916621685,0,457,2
40822.78213518858,0,468,1
40842.773353755474,0,472,1
40862.76457232237,0,477,1
40882.75579088926,0,395,0
40902.74700945616,0,496,1
40922.73822802305,0,455,2
