Instrument,500N7672
Date,2023/03/16
Time,16:02:18
Assay #,0001
Application,Precious Metals
Method,Precious Metals
Assay Duration (set),15s
Assay Duration (total actual),7.33s
Temperature (Detector),-27.0 C
Temperature (Ambient),28.33 C
Phase Count,1
Phases,"Phase 1(15s): 40.0kV, 8.4uA (Ti:25um/Al:300um)",,
 
 
RESULTS:
Z,Compound,Concentration(%),Error(1SD)
3,Li,0.0,100.0
4,Be,0.0,100.0
12,Mg,0.0,100.0
13,Al,0.0,100.0
14,Si,0.0,100.0
15,P,0.0,100.0
16,S,0.0,100.0
22,Ti,0.0,100.0
23,V,0.0,100.0
24,Cr,24.7029,0.1477
25,Mn,1.4338,0.0682
26,Fe,64.2982,0.2332
27,Co,0.544,0.0656
28,Ni,5.5482,0.0849
29,Cu,0.0,100.0
30,Zn,0.0,0.0015
33,As,0.0,100.0
34,Se,0.0,100.0
37,Rb,0.0,100.0
38,Sr,0.0,100.0
39,Y,0.0,100.0
40,Zr,0.0,0.0029
41,Nb,0.0,100.0
42,Mo,3.4728,0.0243
44,Ru,0.0,0.0068
45,Rh,0.0,100.0
46,Pd,0.0,0.0213
47,Ag,0.0,0.0146
48,Cd,0.0,0.0201
49,In,0.0,100.0
50,Sn,0.0,0.0315
51,Sb,0.0,0.0599
52,Te,0.0,100.0
72,Hf,0.0,100.0
73,Ta,0.0,100.0
74,W,0.0,0.0333
75,Re,0.0,0.0095
76,Os,0.0,100.0
77,Ir,0.0,0.0058
78,Pt,0.0,0.0058
79,Au,0.0,0.0141
82,Pb,0.0,100.0
83,Bi,0.0,100.0
92,U,0.0,100.0
 
 
SPECTRA:
eV Channel Start,0.5899132490158081,,
eV per Channel,20.00100326538086,,
 
Energy (eV),Counts (Phase 1),Counts (Phase 2),Counts (Phase 3)
0.5899132490158081,0,,
20.590916514396667,0,,
40.59191977977753,0,,
60.592923045158386,0,,
80.59392631053925,0,,
100.5949295759201,0,,
120.59593284130096,0,,
140.59693610668182,0,,
160.59793937206268,0,,
180.59894263744354,0,,
200.5999459028244,0,,
220.60094916820526,0,,
240.60195243358612,1,,
260.602955698967,0,,
280.60395896434784,5,,
300.6049622297287,50,,
320.60596549510956,154,,
340.6069687604904,328,,
360.6079720258713,653,,
380.60897529125214,773,,
400.609978556633,821,,
420.61098182201385,592,,
440.6119850873947,339,,
460.6129883527756,141,,
480.61399161815643,62,,
500.6149948835373,9,,
520.6159981489182,1,,
540.617001414299,0,,
560.6180046796799,0,,
580.6190079450607,0,,
600.6200112104416,0,,
620.6210144758224,0,,
640.6220177412033,0,,
660.6230210065842,0,,
680.624024271965,10,,
700.6250275373459,9,,
720.6260308027267,9,,
740.6270340681076,7,,
760.6280373334885,16,,
780.6290405988693,12,,
800.6300438642502,13,,
820.631047129631,7,,
840.6320503950119,4,,
860.6330536603928,19,,
880.6340569257736,5,,
900.6350601911545,9,,
920.6360634565353,7,,
940.6370667219162,7,,
960.6380699872971,13,,
980.6390732526779,5,,
1000.6400765180588,7,,
1020.6410797834396,13,,
1040.6420830488205,8,,
1060.6430863142014,8,,
1080.6440895795822,11,,
1100.645092844963,7,,
1120.646096110344,12,,
1140.6470993757248,6,,
1160.6481026411057,8,,
1180.6491059064865,8,,
1200.6501091718674,5,,
1220.6511124372482,10,,
1240.652115702629,4,,
1260.65311896801,2,,
1280.6541222333908,9,,
1300.6551254987717,7,,
1320.6561287641525,4,,
1340.6571320295334,7,,
1360.6581352949142,4,,
1380.659138560295,14,,
1400.660141825676,7,,
1420.6611450910568,7,,
1440.6621483564377,9,,
1460.6631516218185,15,,
1480.6641548871994,8,,
1500.6651581525803,11,,
1520.6661614179611,9,,
1540.667164683342,5,,
1560.6681679487228,13,,
1580.6691712141037,6,,
1600.6701744794846,4,,
1620.6711777448654,5,,
1640.6721810102463,3,,
1660.6731842756271,6,,
1680.674187541008,5,,
1700.6751908063889,8,,
1720.6761940717697,8,,
1740.6771973371506,11,,
1760.6782006025314,3,,
1780.6792038679123,5,,
1800.6802071332932,5,,
1820.681210398674,8,,
1840.6822136640549,12,,
1860.6832169294357,4,,
1880.6842201948166,5,,
1900.6852234601974,8,,
1920.6862267255783,7,,
1940.6872299909592,8,,
1960.68823325634,3,,
1980.6892365217209,8,,
2000.6902397871017,8,,
2020.6912430524826,8,,
2040.6922463178635,4,,
2060.6932495832443,15,,
2080.694252848625,2,,
2100.695256114006,11,,
2120.696259379387,5,,
2140.6972626447678,3,,
2160.6982659101486,9,,
2180.6992691755295,7,,
2200.7002724409103,10,,
2220.701275706291,8,,
2240.702278971672,16,,
2260.703282237053,17,,
2280.704285502434,11,,
2300.7052887678146,21,,
2320.7062920331955,18,,
2340.7072952985764,13,,
2360.708298563957,14,,
2380.709301829338,12,,
2400.710305094719,10,,
2420.7113083601,7,,
2440.7123116254807,11,,
2460.7133148908615,13,,
2480.7143181562424,14,,
2500.7153214216232,7,,
2520.716324687004,10,,
2540.717327952385,6,,
2560.718331217766,7,,
2580.7193344831467,14,,
2600.7203377485275,8,,
2620.7213410139084,7,,
2640.7223442792892,13,,
2660.72334754467,9,,
2680.724350810051,8,,
2700.725354075432,3,,
2720.7263573408127,8,,
2740.7273606061935,9,,
2760.7283638715744,6,,
2780.7293671369553,2,,
2800.730370402336,7,,
2820.731373667717,11,,
2840.732376933098,6,,
2860.7333801984787,5,,
2880.7343834638596,11,,
2900.7353867292404,8,,
2920.7363899946213,10,,
2940.737393260002,10,,
2960.738396525383,12,,
2980.739399790764,10,,
3000.7404030561447,9,,
3020.7414063215256,5,,
3040.7424095869064,5,,
3060.7434128522873,5,,
3080.744416117668,5,,
3100.745419383049,5,,
3120.74642264843,12,,
3140.7474259138107,3,,
3160.7484291791916,6,,
3180.7494324445724,11,,
3200.7504357099533,6,,
3220.751438975334,13,,
3240.752442240715,23,,
3260.753445506096,20,,
3280.7544487714767,23,,
3300.7554520368576,18,,
3320.7564553022385,26,,
3340.7574585676193,19,,
3360.758461833,8,,
3380.759465098381,14,,
3400.760468363762,5,,
3420.7614716291428,12,,
3440.7624748945236,12,,
3460.7634781599045,11,,
3480.7644814252853,13,,
3500.765484690666,12,,
3520.766487956047,18,,
3540.767491221428,15,,
3560.768494486809,21,,
3580.7694977521896,15,,
3600.7705010175705,14,,
3620.7715042829514,32,,
3640.772507548332,30,,
3660.773510813713,33,,
3680.774514079094,22,,
3700.775517344475,26,,
3720.7765206098557,17,,
3740.7775238752365,15,,
3760.7785271406174,16,,
3780.7795304059982,3,,
3800.780533671379,4,,
3820.78153693676,9,,
3840.782540202141,7,,
3860.7835434675217,3,,
3880.7845467329025,9,,
3900.7855499982834,6,,
3920.7865532636642,7,,
3940.787556529045,9,,
3960.788559794426,2,,
3980.789563059807,6,,
4000.7905663251877,6,,
4020.7915695905685,4,,
4040.7925728559494,6,,
4060.7935761213303,7,,
4080.794579386711,7,,
4100.795582652092,9,,
4120.796585917473,9,,
4140.797589182854,7,,
4160.798592448235,13,,
4180.799595713615,17,,
4200.800598978996,8,,
4220.801602244377,8,,
4240.802605509758,6,,
4260.803608775139,10,,
4280.80461204052,5,,
4300.805615305901,8,,
4320.806618571281,3,,
4340.807621836662,2,,
4360.808625102043,5,,
4380.809628367424,4,,
4400.810631632805,4,,
4420.811634898186,1,,
4440.812638163567,5,,
4460.813641428947,7,,
4480.814644694328,5,,
4500.815647959709,6,,
4520.81665122509,5,,
4540.817654490471,12,,
4560.818657755852,17,,
4580.819661021233,24,,
4600.8206642866135,28,,
4620.821667551994,38,,
4640.822670817375,39,,
4660.823674082756,50,,
4680.824677348137,41,,
4700.825680613518,32,,
4720.826683878899,24,,
4740.8276871442795,18,,
4760.82869040966,17,,
4780.829693675041,6,,
4800.830696940422,5,,
4820.831700205803,7,,
4840.832703471184,8,,
4860.833706736565,5,,
4880.8347100019455,10,,
4900.835713267326,5,,
4920.836716532707,4,,
4940.837719798088,10,,
4960.838723063469,12,,
4980.83972632885,10,,
5000.840729594231,11,,
5020.8417328596115,10,,
5040.842736124992,6,,
5060.843739390373,8,,
5080.844742655754,10,,
5100.845745921135,8,,
5120.846749186516,16,,
5140.847752451897,12,,
5160.8487557172775,17,,
5180.849758982658,18,,
5200.850762248039,32,,
5220.85176551342,67,,
5240.852768778801,134,,
5260.853772044182,223,,
5280.854775309563,448,,
5300.8557785749435,777,,
5320.856781840324,1338,,
5340.857785105705,2039,,
5360.858788371086,2965,,
5380.859791636467,3643,,
5400.860794901848,4128,,
5420.861798167229,4184,,
5440.86280143261,3803,,
5460.86380469799,3124,,
5480.864807963371,2186,,
5500.865811228752,1551,,
5520.866814494133,921,,
5540.867817759514,499,,
5560.868821024895,233,,
5580.869824290276,140,,
5600.870827555656,45,,
5620.871830821037,45,,
5640.872834086418,27,,
5660.873837351799,23,,
5680.87484061718,19,,
5700.875843882561,26,,
5720.876847147942,31,,
5740.877850413322,50,,
5760.878853678703,61,,
5780.879856944084,81,,
5800.880860209465,149,,
5820.881863474846,237,,
5840.882866740227,321,,
5860.883870005608,464,,
5880.8848732709885,627,,
5900.885876536369,803,,
5920.88687980175,804,,
5940.887883067131,836,,
5960.888886332512,759,,
5980.889889597893,657,,
6000.890892863274,477,,
6020.8918961286545,355,,
6040.892899394035,266,,
6060.893902659416,150,,
6080.894905924797,92,,
6100.895909190178,53,,
6120.896912455559,45,,
6140.89791572094,42,,
6160.8989189863205,43,,
6180.899922251701,57,,
6200.900925517082,134,,
6220.901928782463,241,,
6240.902932047844,445,,
6260.903935313225,951,,
6280.904938578606,1655,,
6300.9059418439865,2733,,
6320.906945109367,4291,,
6340.907948374748,5789,,
6360.908951640129,7200,,
6380.90995490551,8442,,
6400.910958170891,8744,,
6420.911961436272,8531,,
6440.9129647016525,7248,,
6460.913967967033,5825,,
6480.914971232414,4181,,
6500.915974497795,2747,,
6520.916977763176,1635,,
6540.917981028557,828,,
6560.918984293938,440,,
6580.9199875593185,192,,
6600.920990824699,114,,
6620.92199409008,50,,
6640.922997355461,30,,
6660.924000620842,25,,
6680.925003886223,24,,
6700.926007151604,29,,
6720.927010416985,26,,
6740.928013682365,31,,
6760.929016947746,28,,
6780.930020213127,16,,
6800.931023478508,28,,
6820.932026743889,35,,
6840.93303000927,45,,
6860.934033274651,60,,
6880.935036540031,94,,
6900.936039805412,136,,
6920.937043070793,237,,
6940.938046336174,376,,
6960.939049601555,541,,
6980.940052866936,778,,
7000.941056132317,1037,,
7020.942059397697,1202,,
7040.943062663078,1298,,
7060.944065928459,1274,,
7080.94506919384,1278,,
7100.946072459221,1104,,
7120.947075724602,879,,
7140.948078989983,606,,
7160.9490822553635,369,,
7180.950085520744,253,,
7200.951088786125,138,,
7220.952092051506,76,,
7240.953095316887,46,,
7260.954098582268,24,,
7280.955101847649,27,,
7300.9561051130295,31,,
7320.95710837841,48,,
7340.958111643791,100,,
7360.959114909172,150,,
7380.960118174553,211,,
7400.961121439934,296,,
7420.962124705315,462,,
7440.9631279706955,533,,
7460.964131236076,539,,
7480.965134501457,551,,
7500.966137766838,536,,
7520.967141032219,438,,
7540.9681442976,356,,
7560.969147562981,247,,
7580.9701508283615,174,,
7600.971154093742,109,,
7620.972157359123,61,,
7640.973160624504,37,,
7660.974163889885,13,,
7680.975167155266,14,,
7700.976170420647,10,,
7720.9771736860275,2,,
7740.978176951408,3,,
7760.979180216789,3,,
7780.98018348217,2,,
7800.981186747551,3,,
7820.982190012932,2,,
7840.983193278313,2,,
7860.9841965436935,1,,
7880.985199809074,2,,
7900.986203074455,2,,
7920.987206339836,5,,
7940.988209605217,3,,
7960.989212870598,11,,
7980.990216135979,9,,
8000.99121940136,9,,
8020.99222266674,5,,
8040.993225932121,9,,
8060.994229197502,15,,
8080.995232462883,14,,
8100.996235728264,18,,
8120.997238993645,24,,
8140.998242259026,19,,
8160.999245524406,38,,
8181.000248789787,44,,
8201.001252055168,50,,
8221.002255320549,94,,
8241.00325858593,84,,
8261.00426185131,81,,
8281.005265116692,91,,
8301.006268382072,82,,
8321.007271647453,69,,
8341.008274912834,46,,
8361.009278178215,35,,
8381.010281443596,28,,
8401.011284708977,19,,
8421.012287974358,7,,
8441.013291239738,8,,
8461.01429450512,5,,
8481.0152977705,0,,
8501.016301035881,2,,
8521.017304301262,2,,
8541.018307566643,0,,
8561.019310832024,0,,
8581.020314097404,0,,
8601.021317362785,1,,
8621.022320628166,0,,
8641.023323893547,2,,
8661.024327158928,1,,
8681.025330424309,1,,
8701.02633368969,1,,
8721.02733695507,1,,
8741.028340220451,2,,
8761.029343485832,2,,
8781.030346751213,1,,
8801.031350016594,0,,
8821.032353281975,4,,
8841.033356547356,1,,
8861.034359812737,1,,
8881.035363078117,2,,
8901.036366343498,5,,
8921.037369608879,3,,
8941.03837287426,4,,
8961.03937613964,3,,
8981.040379405022,2,,
9001.041382670403,4,,
9021.042385935783,3,,
9041.043389201164,1,,
9061.044392466545,3,,
9081.045395731926,3,,
9101.046398997307,0,,
9121.047402262688,1,,
9141.048405528069,2,,
9161.04940879345,1,,
9181.05041205883,0,,
9201.051415324211,0,,
9221.052418589592,1,,
9241.053421854973,1,,
9261.054425120354,2,,
9281.055428385735,2,,
9301.056431651115,4,,
9321.057434916496,2,,
9341.058438181877,0,,
9361.059441447258,2,,
9381.060444712639,0,,
9401.06144797802,4,,
9421.0624512434,0,,
9441.063454508781,1,,
9461.064457774162,1,,
9481.065461039543,0,,
9501.066464304924,0,,
9521.067467570305,1,,
9541.068470835686,3,,
9561.069474101067,1,,
9581.070477366447,3,,
9601.071480631828,2,,
9621.07248389721,0,,
9641.07348716259,2,,
9661.07449042797,4,,
9681.075493693352,2,,
9701.076496958733,5,,
9721.077500224113,1,,
9741.078503489494,3,,
9761.079506754875,2,,
9781.080510020256,1,,
9801.081513285637,1,,
9821.082516551018,0,,
9841.083519816399,2,,
9861.08452308178,2,,
9881.08552634716,3,,
9901.086529612541,1,,
9921.087532877922,0,,
9941.088536143303,3,,
9961.089539408684,2,,
9981.090542674065,1,,
10001.091545939445,2,,
10021.092549204826,1,,
10041.093552470207,3,,
10061.094555735588,2,,
10081.095559000969,4,,
10101.09656226635,1,,
10121.09756553173,2,,
10141.098568797112,0,,
10161.099572062492,2,,
10181.100575327873,0,,
10201.101578593254,1,,
10221.102581858635,1,,
10241.103585124016,1,,
10261.104588389397,1,,
10281.105591654778,0,,
10301.106594920158,1,,
10321.10759818554,1,,
10341.10860145092,1,,
10361.109604716301,1,,
10381.110607981682,2,,
10401.111611247063,1,,
10421.112614512444,3,,
10441.113617777824,1,,
10461.114621043205,0,,
10481.115624308586,2,,
10501.116627573967,3,,
10521.117630839348,2,,
10541.118634104729,2,,
10561.11963737011,1,,
10581.12064063549,0,,
10601.121643900871,5,,
10621.122647166252,2,,
10641.123650431633,5,,
10661.124653697014,1,,
10681.125656962395,2,,
10701.126660227776,3,,
10721.127663493156,2,,
10741.128666758537,4,,
10761.129670023918,6,,
10781.130673289299,6,,
10801.13167655468,3,,
10821.13267982006,9,,
10841.133683085442,7,,
10861.134686350822,3,,
10881.135689616203,4,,
10901.136692881584,2,,
10921.137696146965,3,,
10941.138699412346,4,,
10961.139702677727,3,,
10981.140705943108,4,,
11001.141709208488,4,,
11021.14271247387,1,,
11041.14371573925,1,,
11061.144719004631,3,,
11081.145722270012,2,,
11101.146725535393,1,,
11121.147728800774,2,,
11141.148732066154,2,,
11161.149735331535,1,,
11181.150738596916,4,,
11201.151741862297,1,,
11221.152745127678,3,,
11241.153748393059,6,,
11261.15475165844,2,,
11281.15575492382,2,,
11301.156758189201,2,,
11321.157761454582,5,,
11341.158764719963,4,,
11361.159767985344,4,,
11381.160771250725,2,,
11401.161774516106,1,,
11421.162777781487,2,,
11441.163781046867,2,,
11461.164784312248,2,,
11481.165787577629,2,,
11501.16679084301,3,,
11521.16779410839,4,,
11541.168797373772,5,,
11561.169800639153,2,,
11581.170803904533,4,,
11601.171807169914,3,,
11621.172810435295,7,,
11641.173813700676,3,,
11661.174816966057,5,,
11681.175820231438,1,,
11701.176823496819,7,,
11721.1778267622,8,,
11741.17883002758,12,,
11761.179833292961,13,,
11781.180836558342,10,,
11801.181839823723,16,,
11821.182843089104,17,,
11841.183846354485,13,,
11861.184849619865,16,,
11881.185852885246,9,,
11901.186856150627,14,,
11921.187859416008,9,,
11941.188862681389,10,,
11961.18986594677,5,,
11981.19086921215,6,,
12001.191872477531,8,,
12021.192875742912,1,,
12041.193879008293,3,,
12061.194882273674,6,,
12081.195885539055,2,,
12101.196888804436,2,,
12121.197892069817,0,,
12141.198895335197,4,,
12161.199898600578,4,,
12181.20090186596,6,,
12201.20190513134,4,,
12221.20290839672,3,,
12241.203911662102,1,,
12261.204914927483,4,,
12281.205918192863,5,,
12301.206921458244,6,,
12321.207924723625,7,,
12341.208927989006,6,,
12361.209931254387,4,,
12381.210934519768,6,,
12401.211937785149,12,,
12421.21294105053,10,,
12441.21394431591,4,,
12461.214947581291,5,,
12481.215950846672,5,,
12501.216954112053,6,,
12521.217957377434,5,,
12541.218960642815,8,,
12561.219963908195,10,,
12581.220967173576,4,,
12601.221970438957,4,,
12621.222973704338,8,,
12641.223976969719,5,,
12661.2249802351,12,,
12681.22598350048,12,,
12701.226986765862,13,,
12721.227990031242,17,,
12741.228993296623,9,,
12761.229996562004,21,,
12781.230999827385,16,,
12801.232003092766,20,,
12821.233006358147,18,,
12841.234009623528,16,,
12861.235012888908,22,,
12881.23601615429,9,,
12901.23701941967,14,,
12921.238022685051,14,,
12941.239025950432,5,,
12961.240029215813,8,,
12981.241032481194,7,,
13001.242035746574,8,,
13021.243039011955,4,,
13041.244042277336,5,,
13061.245045542717,7,,
13081.246048808098,4,,
13101.247052073479,5,,
13121.24805533886,1,,
13141.24905860424,8,,
13161.250061869621,8,,
13181.251065135002,2,,
13201.252068400383,4,,
13221.253071665764,8,,
13241.254074931145,7,,
13261.255078196526,8,,
13281.256081461906,4,,
13301.257084727287,5,,
13321.258087992668,3,,
13341.259091258049,5,,
13361.26009452343,11,,
13381.26109778881,13,,
13401.262101054192,11,,
13421.263104319572,9,,
13441.264107584953,9,,
13461.265110850334,9,,
13481.266114115715,7,,
13501.267117381096,8,,
13521.268120646477,12,,
13541.269123911858,15,,
13561.270127177238,9,,
13581.27113044262,7,,
13601.272133708,3,,
13621.273136973381,3,,
13641.274140238762,5,,
13661.275143504143,7,,
13681.276146769524,2,,
13701.277150034904,4,,
13721.278153300285,2,,
13741.279156565666,8,,
13761.280159831047,9,,
13781.281163096428,3,,
13801.282166361809,9,,
13821.28316962719,7,,
13841.28417289257,9,,
13861.285176157951,4,,
13881.286179423332,9,,
13901.287182688713,16,,
13921.288185954094,9,,
13941.289189219475,3,,
13961.290192484856,8,,
13981.291195750237,4,,
14001.292199015617,7,,
14021.293202280998,7,,
14041.294205546379,1,,
14061.29520881176,5,,
14081.29621207714,4,,
14101.297215342522,7,,
14121.298218607903,6,,
14141.299221873283,5,,
14161.300225138664,8,,
14181.301228404045,7,,
14201.302231669426,0,,
14221.303234934807,4,,
14241.304238200188,5,,
14261.305241465569,3,,
14281.30624473095,7,,
14301.30724799633,5,,
14321.308251261711,3,,
14341.309254527092,7,,
14361.310257792473,8,,
14381.311261057854,6,,
14401.312264323235,8,,
14421.313267588615,3,,
14441.314270853996,2,,
14461.315274119377,1,,
14481.316277384758,2,,
14501.317280650139,6,,
14521.31828391552,6,,
14541.3192871809,4,,
14561.320290446281,4,,
14581.321293711662,6,,
14601.322296977043,7,,
14621.323300242424,2,,
14641.324303507805,7,,
14661.325306773186,10,,
14681.326310038567,5,,
14701.327313303947,7,,
14721.328316569328,5,,
14741.32931983471,8,,
14761.33032310009,7,,
14781.33132636547,7,,
14801.332329630852,4,,
14821.333332896233,5,,
14841.334336161613,5,,
14861.335339426994,3,,
14881.336342692375,3,,
14901.337345957756,5,,
14921.338349223137,7,,
14941.339352488518,9,,
14961.340355753899,6,,
14981.34135901928,12,,
15001.34236228466,7,,
15021.343365550041,4,,
15041.344368815422,7,,
15061.345372080803,3,,
15081.346375346184,9,,
15101.347378611565,8,,
15121.348381876945,4,,
15141.349385142326,6,,
15161.350388407707,4,,
15181.351391673088,6,,
15201.352394938469,10,,
15221.35339820385,5,,
15241.35440146923,9,,
15261.355404734612,7,,
15281.356407999992,6,,
15301.357411265373,6,,
15321.358414530754,9,,
15341.359417796135,7,,
15361.360421061516,7,,
15381.361424326897,6,,
15401.362427592278,8,,
15421.363430857658,6,,
15441.36443412304,4,,
15461.36543738842,8,,
15481.366440653801,6,,
15501.367443919182,10,,
15521.368447184563,4,,
15541.369450449944,5,,
15561.370453715324,8,,
15581.371456980705,13,,
15601.372460246086,12,,
15621.373463511467,7,,
15641.374466776848,11,,
15661.375470042229,4,,
15681.37647330761,10,,
15701.37747657299,10,,
15721.378479838371,10,,
15741.379483103752,3,,
15761.380486369133,7,,
15781.381489634514,7,,
15801.382492899895,9,,
15821.383496165276,8,,
15841.384499430656,3,,
15861.385502696037,2,,
15881.386505961418,10,,
15901.387509226799,4,,
15921.38851249218,5,,
15941.38951575756,3,,
15961.390519022942,12,,
15981.391522288322,10,,
16001.392525553703,4,,
16021.393528819084,13,,
16041.394532084465,6,,
16061.395535349846,3,,
16081.396538615227,13,,
16101.397541880608,9,,
16121.398545145988,8,,
16141.39954841137,11,,
16161.40055167675,7,,
16181.401554942131,4,,
16201.402558207512,7,,
16221.403561472893,13,,
16241.404564738274,15,,
16261.405568003654,11,,
16281.406571269035,6,,
16301.407574534416,10,,
16321.408577799797,12,,
16341.409581065178,9,,
16361.410584330559,17,,
16381.41158759594,8,,
16401.41259086132,10,,
16421.4135941267,9,,
16441.414597392082,11,,
16461.415600657463,10,,
16481.416603922844,16,,
16501.417607188225,16,,
16521.418610453606,11,,
16541.419613718987,14,,
16561.420616984367,16,,
16581.42162024975,11,,
16601.42262351513,13,,
16621.42362678051,10,,
16641.42463004589,15,,
16661.42563331127,10,,
16681.426636576653,10,,
16701.427639842033,13,,
16721.428643107414,10,,
16741.429646372795,14,,
16761.430649638176,8,,
16781.431652903557,8,,
16801.432656168938,9,,
16821.43365943432,16,,
16841.4346626997,10,,
16861.43566596508,15,,
16881.43666923046,12,,
16901.437672495842,16,,
16921.438675761223,8,,
16941.439679026604,13,,
16961.440682291985,8,,
16981.441685557365,16,,
17001.442688822746,9,,
17021.443692088127,10,,
17041.444695353508,23,,
17061.44569861889,13,,
17081.44670188427,22,,
17101.44770514965,23,,
17121.44870841503,36,,
17141.449711680412,61,,
17161.450714945793,85,,
17181.451718211174,114,,
17201.452721476555,171,,
17221.453724741936,215,,
17241.454728007317,321,,
17261.455731272697,452,,
17281.45673453808,605,,
17301.45773780346,712,,
17321.45874106884,813,,
17341.45974433422,1000,,
17361.4607475996,1175,,
17381.461750864983,1427,,
17401.462754130363,1450,,
17421.463757395744,1476,,
17441.464760661125,1587,,
17461.465763926506,1554,,
17481.466767191887,1509,,
17501.467770457268,1394,,
17521.46877372265,1204,,
17541.46977698803,1163,,
17561.47078025341,879,,
17581.47178351879,640,,
17601.472786784172,515,,
17621.473790049553,415,,
17641.474793314934,295,,
17661.475796580315,169,,
17681.476799845695,118,,
17701.477803111076,91,,
17721.478806376457,54,,
17741.479809641838,38,,
17761.48081290722,30,,
17781.4818161726,17,,
17801.48281943798,16,,
17821.48382270336,15,,
17841.484825968742,18,,
17861.485829234123,8,,
17881.486832499504,12,,
17901.487835764885,15,,
17921.488839030266,12,,
17941.489842295647,9,,
17961.490845561028,13,,
17981.49184882641,10,,
18001.49285209179,9,,
18021.49385535717,13,,
18041.49485862255,6,,
18061.495861887932,12,,
18081.496865153313,8,,
18101.497868418694,9,,
18121.498871684074,5,,
18141.499874949455,6,,
18161.500878214836,13,,
18181.501881480217,9,,
18201.502884745598,6,,
18221.50388801098,8,,
18241.50489127636,11,,
18261.50589454174,7,,
18281.50689780712,17,,
18301.507901072502,21,,
18321.508904337883,22,,
18341.509907603264,12,,
18361.510910868645,9,,
18381.511914134026,15,,
18401.512917399406,17,,
18421.513920664787,19,,
18441.514923930168,14,,
18461.51592719555,12,,
18481.51693046093,10,,
18501.51793372631,12,,
18521.51893699169,17,,
18541.519940257072,14,,
18561.520943522453,18,,
18581.521946787834,18,,
18601.522950053215,17,,
18621.523953318596,19,,
18641.524956583977,16,,
18661.525959849358,20,,
18681.52696311474,9,,
18701.52796638012,19,,
18721.5289696455,12,,
18741.52997291088,13,,
18761.530976176262,15,,
18781.531979441643,20,,
18801.532982707024,11,,
18821.533985972404,17,,
18841.534989237785,20,,
18861.535992503166,26,,
18881.536995768547,14,,
18901.537999033928,17,,
18921.53900229931,21,,
18941.54000556469,18,,
18961.54100883007,25,,
18981.54201209545,23,,
19001.543015360832,22,,
19021.544018626213,17,,
19041.545021891594,18,,
19061.546025156975,26,,
19081.547028422356,17,,
19101.548031687737,19,,
19121.549034953117,24,,
19141.5500382185,14,,
19161.55104148388,19,,
19181.55204474926,19,,
19201.55304801464,23,,
19221.55405128002,15,,
19241.555054545403,23,,
19261.556057810783,18,,
19281.557061076164,15,,
19301.558064341545,26,,
19321.559067606926,21,,
19341.560070872307,28,,
19361.561074137688,43,,
19381.56207740307,40,,
19401.56308066845,67,,
19421.56408393383,75,,
19441.56508719921,105,,
19461.566090464592,141,,
19481.567093729973,163,,
19501.568096995354,198,,
19521.569100260735,213,,
19541.570103526115,280,,
19561.571106791496,291,,
19581.572110056877,260,,
19601.573113322258,290,,
19621.57411658764,302,,
19641.57511985302,262,,
19661.5761231184,264,,
19681.57712638378,209,,
19701.578129649162,147,,
19721.579132914543,134,,
19741.580136179924,123,,
19761.581139445305,105,,
19781.582142710686,76,,
19801.583145976067,55,,
19821.584149241447,59,,
19841.58515250683,53,,
19861.58615577221,41,,
19881.58715903759,49,,
19901.58816230297,59,,
19921.58916556835,63,,
19941.590168833733,67,,
19961.591172099113,58,,
19981.592175364494,65,,
20001.593178629875,72,,
20021.594181895256,70,,
20041.595185160637,67,,
20061.596188426018,76,,
20081.5971916914,67,,
20101.59819495678,71,,
20121.59919822216,60,,
20141.60020148754,81,,
20161.601204752922,75,,
20181.602208018303,69,,
20201.603211283684,72,,
20221.604214549065,54,,
20241.605217814445,44,,
20261.606221079826,55,,
20281.607224345207,43,,
20301.608227610588,46,,
20321.60923087597,45,,
20341.61023414135,26,,
20361.61123740673,28,,
20381.61224067211,20,,
20401.613243937492,14,,
20421.614247202873,10,,
20441.615250468254,12,,
20461.616253733635,14,,
20481.617256999016,11,,
20501.618260264397,12,,
20521.619263529778,10,,
20541.62026679516,4,,
20561.62127006054,4,,
20581.62227332592,11,,
20601.6232765913,9,,
20621.624279856682,11,,
20641.625283122063,9,,
20661.626286387444,11,,
20681.627289652824,6,,
20701.628292918205,6,,
20721.629296183586,12,,
20741.630299448967,6,,
20761.631302714348,11,,
20781.63230597973,13,,
20801.63330924511,6,,
20821.63431251049,4,,
20841.63531577587,6,,
20861.636319041252,6,,
20881.637322306633,9,,
20901.638325572014,11,,
20921.639328837395,7,,
20941.640332102776,6,,
20961.641335368156,10,,
20981.642338633537,6,,
21001.643341898918,11,,
21021.6443451643,6,,
21041.64534842968,6,,
21061.64635169506,14,,
21081.64735496044,8,,
21101.648358225822,13,,
21121.649361491203,17,,
21141.650364756584,8,,
21161.651368021965,13,,
21181.652371287346,10,,
21201.653374552727,8,,
21221.654377818108,9,,
21241.65538108349,11,,
21261.65638434887,14,,
21281.65738761425,6,,
21301.65839087963,11,,
21321.659394145012,3,,
21341.660397410393,8,,
21361.661400675774,6,,
21381.662403941154,7,,
21401.663407206535,13,,
21421.664410471916,4,,
21441.665413737297,16,,
21461.666417002678,9,,
21481.66742026806,9,,
21501.66842353344,17,,
21521.66942679882,11,,
21541.6704300642,7,,
21561.671433329582,12,,
21581.672436594963,7,,
21601.673439860344,10,,
21621.674443125725,10,,
21641.675446391106,9,,
21661.676449656487,9,,
21681.677452921867,4,,
21701.67845618725,3,,
21721.67945945263,12,,
21741.68046271801,11,,
21761.68146598339,10,,
21781.68246924877,11,,
21801.683472514153,13,,
21821.684475779533,8,,
21841.685479044914,5,,
21861.686482310295,7,,
21881.687485575676,11,,
21901.688488841057,13,,
21921.689492106438,6,,
21941.69049537182,13,,
21961.6914986372,9,,
21981.69250190258,8,,
22001.69350516796,6,,
22021.694508433342,4,,
22041.695511698723,11,,
22061.696514964104,15,,
22081.697518229485,11,,
22101.698521494865,7,,
22121.699524760246,7,,
22141.700528025627,14,,
22161.701531291008,9,,
22181.70253455639,14,,
22201.70353782177,9,,
22221.70454108715,9,,
22241.70554435253,9,,
22261.706547617912,2,,
22281.707550883293,8,,
22301.708554148674,5,,
22321.709557414055,6,,
22341.710560679436,10,,
22361.711563944817,9,,
22381.712567210197,11,,
22401.71357047558,4,,
22421.71457374096,7,,
22441.71557700634,6,,
22461.71658027172,13,,
22481.7175835371,12,,
22501.718586802483,13,,
22521.719590067863,16,,
22541.720593333244,21,,
22561.721596598625,18,,
22581.722599864006,16,,
22601.723603129387,11,,
22621.724606394768,14,,
22641.72560966015,25,,
22661.72661292553,30,,
22681.72761619091,27,,
22701.72861945629,32,,
22721.729622721672,20,,
22741.730625987053,20,,
22761.731629252434,24,,
22781.732632517815,19,,
22801.733635783195,21,,
22821.734639048576,12,,
22841.735642313957,13,,
22861.736645579338,11,,
22881.73764884472,12,,
22901.7386521101,16,,
22921.73965537548,15,,
22941.74065864086,16,,
22961.741661906242,15,,
22981.742665171623,19,,
23001.743668437004,12,,
23021.744671702385,9,,
23041.745674967766,7,,
23061.746678233147,13,,
23081.747681498528,19,,
23101.74868476391,12,,
23121.74968802929,15,,
23141.75069129467,9,,
23161.75169456005,8,,
23181.752697825432,4,,
23201.753701090813,16,,
23221.754704356194,8,,
23241.755707621574,10,,
23261.756710886955,7,,
23281.757714152336,12,,
23301.758717417717,11,,
23321.759720683098,7,,
23341.76072394848,10,,
23361.76172721386,6,,
23381.76273047924,10,,
23401.76373374462,13,,
23421.764737010002,4,,
23441.765740275383,9,,
23461.766743540764,9,,
23481.767746806145,8,,
23501.768750071526,13,,
23521.769753336906,7,,
23541.770756602287,14,,
23561.771759867668,7,,
23581.77276313305,10,,
23601.77376639843,9,,
23621.77476966381,8,,
23641.77577292919,11,,
23661.776776194572,13,,
23681.777779459953,9,,
23701.778782725334,12,,
23721.779785990715,14,,
23741.780789256096,12,,
23761.781792521477,14,,
23781.782795786858,20,,
23801.78379905224,9,,
23821.78480231762,12,,
23841.785805583,17,,
23861.78680884838,19,,
23881.787812113762,13,,
23901.788815379143,9,,
23921.789818644524,21,,
23941.790821909904,21,,
23961.791825175285,21,,
23981.792828440666,31,,
24001.793831706047,18,,
24021.794834971428,21,,
24041.79583823681,24,,
24061.79684150219,19,,
24081.79784476757,20,,
24101.79884803295,16,,
24121.799851298332,22,,
24141.800854563713,21,,
24161.801857829094,26,,
24181.802861094475,21,,
24201.803864359856,23,,
24221.804867625237,19,,
24241.805870890617,24,,
24261.806874156,10,,
24281.80787742138,9,,
24301.80888068676,15,,
24321.80988395214,14,,
24341.81088721752,13,,
24361.811890482903,16,,
24381.812893748283,11,,
24401.813897013664,15,,
24421.814900279045,10,,
24441.815903544426,10,,
24461.816906809807,7,,
24481.817910075188,17,,
24501.81891334057,7,,
24521.81991660595,10,,
24541.82091987133,8,,
24561.82192313671,11,,
24581.822926402092,11,,
24601.823929667473,7,,
24621.824932932854,11,,
24641.825936198235,14,,
24661.826939463615,7,,
24681.827942728996,7,,
24701.828945994377,4,,
24721.829949259758,6,,
24741.83095252514,9,,
24761.83195579052,16,,
24781.8329590559,6,,
24801.83396232128,5,,
24821.834965586662,5,,
24841.835968852043,12,,
24861.836972117424,8,,
24881.837975382805,13,,
24901.838978648186,9,,
24921.839981913567,8,,
24941.840985178947,15,,
24961.84198844433,9,,
24981.84299170971,11,,
25001.84399497509,11,,
25021.84499824047,13,,
25041.84600150585,14,,
25061.847004771233,10,,
25081.848008036613,12,,
25101.849011301994,8,,
25121.850014567375,6,,
25141.851017832756,13,,
25161.852021098137,13,,
25181.853024363518,9,,
25201.8540276289,9,,
25221.85503089428,9,,
25241.85603415966,8,,
25261.85703742504,17,,
25281.858040690422,11,,
25301.859043955803,16,,
25321.860047221184,10,,
25341.861050486565,11,,
25361.862053751945,13,,
25381.863057017326,13,,
25401.864060282707,9,,
25421.865063548088,7,,
25441.86606681347,11,,
25461.86707007885,10,,
25481.86807334423,10,,
25501.86907660961,10,,
25521.870079874992,12,,
25541.871083140373,13,,
25561.872086405754,10,,
25581.873089671135,12,,
25601.874092936516,7,,
25621.875096201897,8,,
25641.876099467278,11,,
25661.87710273266,8,,
25681.87810599804,10,,
25701.87910926342,3,,
25721.8801125288,9,,
25741.881115794182,12,,
25761.882119059563,14,,
25781.883122324944,10,,
25801.884125590324,8,,
25821.885128855705,11,,
25841.886132121086,10,,
25861.887135386467,8,,
25881.888138651848,3,,
25901.88914191723,8,,
25921.89014518261,13,,
25941.89114844799,10,,
25961.89215171337,10,,
25981.893154978752,9,,
26001.894158244133,12,,
26021.895161509514,10,,
26041.896164774895,9,,
26061.897168040276,3,,
26081.898171305656,9,,
26101.899174571037,12,,
26121.900177836418,10,,
26141.9011811018,5,,
26161.90218436718,8,,
26181.90318763256,3,,
26201.90419089794,16,,
26221.905194163322,7,,
26241.906197428703,9,,
26261.907200694084,8,,
26281.908203959465,7,,
26301.909207224846,9,,
26321.910210490227,12,,
26341.911213755608,12,,
26361.91221702099,10,,
26381.91322028637,14,,
26401.91422355175,8,,
26421.91522681713,11,,
26441.916230082512,8,,
26461.917233347893,8,,
26481.918236613274,12,,
26501.919239878654,9,,
26521.920243144035,11,,
26541.921246409416,8,,
26561.922249674797,11,,
26581.923252940178,3,,
26601.92425620556,12,,
26621.92525947094,11,,
26641.92626273632,13,,
26661.9272660017,12,,
26681.928269267082,10,,
26701.929272532463,11,,
26721.930275797844,6,,
26741.931279063225,6,,
26761.932282328606,6,,
26781.933285593987,8,,
26801.934288859367,6,,
26821.93529212475,5,,
26841.93629539013,14,,
26861.93729865551,13,,
26881.93830192089,12,,
26901.93930518627,15,,
26921.940308451653,11,,
26941.941311717033,12,,
26961.942314982414,6,,
26981.943318247795,8,,
27001.944321513176,12,,
27021.945324778557,9,,
27041.946328043938,5,,
27061.94733130932,14,,
27081.9483345747,6,,
27101.94933784008,14,,
27121.95034110546,13,,
27141.951344370842,8,,
27161.952347636223,12,,
27181.953350901604,10,,
27201.954354166985,9,,
27221.955357432365,14,,
27241.956360697746,9,,
27261.957363963127,10,,
27281.958367228508,11,,
27301.95937049389,12,,
27321.96037375927,12,,
27341.96137702465,6,,
27361.96238029003,6,,
27381.963383555412,9,,
27401.964386820793,13,,
27421.965390086174,17,,
27441.966393351555,11,,
27461.967396616936,8,,
27481.968399882317,9,,
27501.969403147697,13,,
27521.97040641308,9,,
27541.97140967846,9,,
27561.97241294384,10,,
27581.97341620922,6,,
27601.9744194746,10,,
27621.975422739983,9,,
27641.976426005363,5,,
27661.977429270744,13,,
27681.978432536125,11,,
27701.979435801506,5,,
27721.980439066887,8,,
27741.981442332268,11,,
27761.98244559765,8,,
27781.98344886303,9,,
27801.98445212841,6,,
27821.98545539379,9,,
27841.986458659172,6,,
27861.987461924553,5,,
27881.988465189934,8,,
27901.989468455315,11,,
27921.990471720695,9,,
27941.991474986076,4,,
27961.992478251457,9,,
27981.993481516838,6,,
28001.99448478222,12,,
28021.9954880476,6,,
28041.99649131298,11,,
28061.99749457836,11,,
28081.998497843742,8,,
28101.999501109123,6,,
28122.000504374504,7,,
28142.001507639885,6,,
28162.002510905266,12,,
28182.003514170647,12,,
28202.004517436028,6,,
28222.00552070141,5,,
28242.00652396679,5,,
28262.00752723217,7,,
28282.00853049755,7,,
28302.009533762932,9,,
28322.010537028313,11,,
28342.011540293694,7,,
28362.012543559074,14,,
28382.013546824455,10,,
28402.014550089836,6,,
28422.015553355217,9,,
28442.016556620598,1,,
28462.01755988598,9,,
28482.01856315136,6,,
28502.01956641674,4,,
28522.02056968212,13,,
28542.021572947502,11,,
28562.022576212883,3,,
28582.023579478264,9,,
28602.024582743645,6,,
28622.025586009026,5,,
28642.026589274406,7,,
28662.027592539787,7,,
28682.028595805168,16,,
28702.02959907055,5,,
28722.03060233593,11,,
28742.03160560131,11,,
28762.03260886669,7,,
28782.033612132072,4,,
28802.034615397453,10,,
28822.035618662834,1,,
28842.036621928215,6,,
28862.037625193596,10,,
28882.038628458977,8,,
28902.039631724358,6,,
28922.04063498974,7,,
28942.04163825512,10,,
28962.0426415205,12,,
28982.04364478588,4,,
29002.044648051262,8,,
29022.045651316643,11,,
29042.046654582024,5,,
29062.047657847404,5,,
29082.048661112785,7,,
29102.049664378166,7,,
29122.050667643547,6,,
29142.051670908928,7,,
29162.05267417431,6,,
29182.05367743969,8,,
29202.05468070507,7,,
29222.05568397045,4,,
29242.056687235832,15,,
29262.057690501213,12,,
29282.058693766594,4,,
29302.059697031975,11,,
29322.060700297356,6,,
29342.061703562737,9,,
29362.062706828117,6,,
29382.0637100935,11,,
29402.06471335888,7,,
29422.06571662426,5,,
29442.06671988964,16,,
29462.06772315502,10,,
29482.068726420403,11,,
29502.069729685783,5,,
29522.070732951164,6,,
29542.071736216545,12,,
29562.072739481926,15,,
29582.073742747307,7,,
29602.074746012688,8,,
29622.07574927807,13,,
29642.07675254345,7,,
29662.07775580883,9,,
29682.07875907421,7,,
29702.079762339592,8,,
29722.080765604973,10,,
29742.081768870354,11,,
29762.082772135735,6,,
29782.083775401115,16,,
29802.084778666496,9,,
29822.085781931877,6,,
29842.086785197258,6,,
29862.08778846264,12,,
29882.08879172802,9,,
29902.0897949934,7,,
29922.09079825878,7,,
29942.091801524162,7,,
29962.092804789543,11,,
29982.093808054924,10,,
30002.094811320305,6,,
30022.095814585686,9,,
30042.096817851067,6,,
30062.097821116447,6,,
30082.09882438183,6,,
30102.09982764721,4,,
30122.10083091259,7,,
30142.10183417797,11,,
30162.10283744335,5,,
30182.103840708733,6,,
30202.104843974113,8,,
30222.105847239494,7,,
30242.106850504875,6,,
30262.107853770256,9,,
30282.108857035637,10,,
30302.109860301018,14,,
30322.1108635664,9,,
30342.11186683178,8,,
30362.11287009716,9,,
30382.11387336254,4,,
30402.114876627922,7,,
30422.115879893303,10,,
30442.116883158684,10,,
30462.117886424065,6,,
30482.118889689445,18,,
30502.119892954826,6,,
30522.120896220207,2,,
30542.121899485588,9,,
30562.12290275097,10,,
30582.12390601635,15,,
30602.12490928173,9,,
30622.12591254711,7,,
30642.126915812492,8,,
30662.127919077873,9,,
30682.128922343254,3,,
30702.129925608635,6,,
30722.130928874016,7,,
30742.131932139397,3,,
30762.132935404778,6,,
30782.13393867016,8,,
30802.13494193554,11,,
30822.13594520092,11,,
30842.1369484663,5,,
30862.137951731682,4,,
30882.138954997063,2,,
30902.139958262444,7,,
30922.140961527824,10,,
30942.141964793205,8,,
30962.142968058586,3,,
30982.143971323967,7,,
31002.144974589348,5,,
31022.14597785473,9,,
31042.14698112011,8,,
31062.14798438549,6,,
31082.14898765087,9,,
31102.149990916252,9,,
31122.150994181633,3,,
31142.151997447014,6,,
31162.153000712395,3,,
31182.154003977776,8,,
31202.155007243156,7,,
31222.156010508537,6,,
31242.157013773918,9,,
31262.1580170393,4,,
31282.15902030468,9,,
31302.16002357006,8,,
31322.16102683544,10,,
31342.162030100822,7,,
31362.163033366203,10,,
31382.164036631584,7,,
31402.165039896965,5,,
31422.166043162346,7,,
31442.167046427727,6,,
31462.168049693108,4,,
31482.16905295849,4,,
31502.17005622387,5,,
31522.17105948925,8,,
31542.17206275463,7,,
31562.173066020012,10,,
31582.174069285393,6,,
31602.175072550774,8,,
31622.176075816154,16,,
31642.177079081535,8,,
31662.178082346916,7,,
31682.179085612297,4,,
31702.180088877678,10,,
31722.18109214306,9,,
31742.18209540844,5,,
31762.18309867382,3,,
31782.1841019392,5,,
31802.185105204582,4,,
31822.186108469963,7,,
31842.187111735344,4,,
31862.188115000725,5,,
31882.189118266106,7,,
31902.190121531487,12,,
31922.191124796867,8,,
31942.19212806225,4,,
31962.19313132763,10,,
31982.19413459301,7,,
32002.19513785839,5,,
32022.19614112377,6,,
32042.197144389153,5,,
32062.198147654533,3,,
32082.199150919914,8,,
32102.200154185295,8,,
32122.201157450676,4,,
32142.202160716057,3,,
32162.203163981438,7,,
32182.20416724682,3,,
32202.2051705122,7,,
32222.20617377758,8,,
32242.20717704296,4,,
32262.208180308342,5,,
32282.209183573723,10,,
32302.210186839104,7,,
32322.211190104485,5,,
32342.212193369865,6,,
32362.213196635246,6,,
32382.214199900627,7,,
32402.215203166008,7,,
32422.21620643139,6,,
32442.21720969677,6,,
32462.21821296215,7,,
32482.21921622753,7,,
32502.220219492912,9,,
32522.221222758293,3,,
32542.222226023674,3,,
32562.223229289055,7,,
32582.224232554436,8,,
32602.225235819817,4,,
32622.226239085197,4,,
32642.22724235058,7,,
32662.22824561596,4,,
32682.22924888134,7,,
32702.23025214672,5,,
32722.2312554121,6,,
32742.232258677483,7,,
32762.233261942863,4,,
32782.234265208244,11,,
32802.235268473625,8,,
32822.236271739006,6,,
32842.23727500439,5,,
32862.23827826977,8,,
32882.23928153515,3,,
32902.24028480053,5,,
32922.24128806591,6,,
32942.24229133129,5,,
32962.24329459667,5,,
32982.24429786205,6,,
33002.245301127434,2,,
33022.246304392815,7,,
33042.247307658195,6,,
33062.248310923576,4,,
33082.24931418896,7,,
33102.25031745434,10,,
33122.25132071972,6,,
33142.2523239851,6,,
33162.25332725048,3,,
33182.25433051586,6,,
33202.25533378124,8,,
33222.25633704662,8,,
33242.257340312004,3,,
33262.258343577385,7,,
33282.259346842766,6,,
33302.26035010815,11,,
33322.26135337353,7,,
33342.26235663891,13,,
33362.26335990429,10,,
33382.26436316967,6,,
33402.26536643505,10,,
33422.26636970043,7,,
33442.26737296581,5,,
33462.26837623119,7,,
33482.269379496574,6,,
33502.270382761955,8,,
33522.271386027336,3,,
33542.27238929272,9,,
33562.2733925581,8,,
33582.27439582348,5,,
33602.27539908886,5,,
33622.27640235424,3,,
33642.27740561962,5,,
33662.278408885,12,,
33682.27941215038,8,,
33702.280415415764,7,,
33722.281418681145,6,,
33742.282421946526,5,,
33762.28342521191,3,,
33782.28442847729,8,,
33802.28543174267,4,,
33822.28643500805,8,,
33842.28743827343,5,,
33862.28844153881,4,,
33882.28944480419,3,,
33902.29044806957,3,,
33922.29145133495,9,,
33942.292454600334,6,,
33962.293457865715,6,,
33982.294461131096,5,,
34002.29546439648,2,,
34022.29646766186,8,,
34042.29747092724,10,,
34062.29847419262,8,,
34082.299477458,2,,
34102.30048072338,4,,
34122.30148398876,5,,
34142.30248725414,5,,
34162.30349051952,2,,
34182.304493784904,6,,
34202.305497050285,9,,
34222.306500315666,4,,
34242.30750358105,6,,
34262.30850684643,10,,
34282.30951011181,0,,
34302.31051337719,3,,
34322.31151664257,2,,
34342.31251990795,6,,
34362.31352317333,2,,
34382.31452643871,3,,
34402.315529704094,9,,
34422.316532969475,6,,
34442.317536234856,4,,
34462.31853950024,9,,
34482.31954276562,8,,
34502.320546031,2,,
34522.32154929638,6,,
34542.32255256176,3,,
34562.32355582714,5,,
34582.32455909252,6,,
34602.3255623579,4,,
34622.32656562328,2,,
34642.327568888664,3,,
34662.328572154045,6,,
34682.329575419426,6,,
34702.33057868481,5,,
34722.33158195019,6,,
34742.33258521557,7,,
34762.33358848095,4,,
34782.33459174633,3,,
34802.33559501171,7,,
34822.33659827709,8,,
34842.33760154247,3,,
34862.338604807854,6,,
34882.339608073235,5,,
34902.340611338615,3,,
34922.341614603996,7,,
34942.34261786938,3,,
34962.34362113476,3,,
34982.34462440014,4,,
35002.34562766552,9,,
35022.3466309309,9,,
35042.34763419628,4,,
35062.34863746166,6,,
35082.34964072704,2,,
35102.350643992424,2,,
35122.351647257805,4,,
35142.352650523186,4,,
35162.35365378857,2,,
35182.35465705395,4,,
35202.35566031933,6,,
35222.35666358471,3,,
35242.35766685009,2,,
35262.35867011547,3,,
35282.35967338085,5,,
35302.36067664623,5,,
35322.36167991161,5,,
35342.362683176994,2,,
35362.363686442375,4,,
35382.364689707756,4,,
35402.36569297314,6,,
35422.36669623852,5,,
35442.3676995039,4,,
35462.36870276928,4,,
35482.36970603466,3,,
35502.37070930004,2,,
35522.37171256542,4,,
35542.3727158308,6,,
35562.373719096184,4,,
35582.374722361565,6,,
35602.375725626945,6,,
35622.376728892326,5,,
35642.37773215771,3,,
35662.37873542309,0,,
35682.37973868847,4,,
35702.38074195385,6,,
35722.38174521923,5,,
35742.38274848461,1,,
35762.38375174999,2,,
35782.38475501537,2,,
35802.385758280754,3,,
35822.386761546135,2,,
35842.387764811516,6,,
35862.3887680769,2,,
35882.38977134228,3,,
35902.39077460766,8,,
35922.39177787304,1,,
35942.39278113842,2,,
35962.3937844038,1,,
35982.39478766918,3,,
36002.39579093456,2,,
36022.39679419994,0,,
36042.397797465324,3,,
36062.398800730705,3,,
36082.399803996086,1,,
36102.40080726147,5,,
36122.40181052685,10,,
36142.40281379223,4,,
36162.40381705761,6,,
36182.40482032299,3,,
36202.40582358837,0,,
36222.40682685375,6,,
36242.40783011913,4,,
36262.408833384514,6,,
36282.409836649895,1,,
36302.410839915276,8,,
36322.41184318066,1,,
36342.41284644604,1,,
36362.41384971142,7,,
36382.4148529768,5,,
36402.41585624218,1,,
36422.41685950756,1,,
36442.41786277294,3,,
36462.41886603832,2,,
36482.4198693037,2,,
36502.420872569084,1,,
36522.421875834465,2,,
36542.422879099846,2,,
36562.42388236523,3,,
36582.42488563061,1,,
36602.42588889599,2,,
36622.42689216137,2,,
36642.42789542675,1,,
36662.42889869213,2,,
36682.42990195751,3,,
36702.43090522289,4,,
36722.43190848827,3,,
36742.432911753654,2,,
36762.433915019035,3,,
36782.434918284416,1,,
36802.4359215498,5,,
36822.43692481518,5,,
36842.43792808056,1,,
36862.43893134594,2,,
36882.43993461132,2,,
36902.4409378767,1,,
36922.44194114208,6,,
36942.44294440746,5,,
36962.443947672844,1,,
36982.444950938225,3,,
37002.445954203606,4,,
37022.44695746899,2,,
37042.44796073437,3,,
37062.44896399975,1,,
37082.44996726513,4,,
37102.45097053051,3,,
37122.45197379589,4,,
37142.45297706127,2,,
37162.45398032665,1,,
37182.45498359203,3,,
37202.455986857414,1,,
37222.456990122795,3,,
37242.457993388176,4,,
37262.45899665356,2,,
37282.45999991894,5,,
37302.46100318432,3,,
37322.4620064497,1,,
37342.46300971508,4,,
37362.46401298046,3,,
37382.46501624584,2,,
37402.46601951122,1,,
37422.467022776604,1,,
37442.468026041985,1,,
37462.469029307365,2,,
37482.470032572746,3,,
37502.47103583813,1,,
37522.47203910351,3,,
37542.47304236889,0,,
37562.47404563427,1,,
37582.47504889965,4,,
37602.47605216503,1,,
37622.47705543041,2,,
37642.47805869579,3,,
37662.479061961174,2,,
37682.480065226555,2,,
37702.481068491936,2,,
37722.48207175732,2,,
37742.4830750227,2,,
37762.48407828808,1,,
37782.48508155346,2,,
37802.48608481884,3,,
37822.48708808422,2,,
37842.4880913496,2,,
37862.48909461498,1,,
37882.49009788036,2,,
37902.491101145744,1,,
37922.492104411125,0,,
37942.493107676506,0,,
37962.49411094189,1,,
37982.49511420727,2,,
38002.49611747265,0,,
38022.49712073803,1,,
38042.49812400341,3,,
38062.49912726879,3,,
38082.50013053417,1,,
38102.50113379955,3,,
38122.502137064934,4,,
38142.503140330315,0,,
38162.504143595695,0,,
38182.505146861076,0,,
38202.50615012646,1,,
38222.50715339184,0,,
38242.50815665722,0,,
38262.5091599226,1,,
38282.51016318798,1,,
38302.51116645336,0,,
38322.51216971874,3,,
38342.51317298412,1,,
38362.514176249504,2,,
38382.515179514885,2,,
38402.516182780266,1,,
38422.51718604565,2,,
38442.51818931103,0,,
38462.51919257641,1,,
38482.52019584179,1,,
38502.52119910717,2,,
38522.52220237255,2,,
38542.52320563793,0,,
38562.52420890331,1,,
38582.52521216869,0,,
38602.526215434074,0,,
38622.527218699455,1,,
38642.528221964836,1,,
38662.52922523022,0,,
38682.5302284956,0,,
38702.53123176098,2,,
38722.53223502636,1,,
38742.53323829174,0,,
38762.53424155712,1,,
38782.5352448225,0,,
38802.53624808788,0,,
38822.537251353264,1,,
38842.538254618645,1,,
38862.539257884026,2,,
38882.54026114941,0,,
38902.54126441479,0,,
38922.54226768017,0,,
38942.54327094555,0,,
38962.54427421093,0,,
38982.54527747631,0,,
39002.54628074169,0,,
39022.54728400707,1,,
39042.54828727245,1,,
39062.549290537834,0,,
39082.550293803215,0,,
39102.551297068596,0,,
39122.55230033398,0,,
39142.55330359936,0,,
39162.55430686474,0,,
39182.55531013012,0,,
39202.5563133955,0,,
39222.55731666088,0,,
39242.55831992626,0,,
39262.55932319164,0,,
39282.56032645702,0,,
39302.561329722404,0,,
39322.562332987785,0,,
39342.563336253166,0,,
39362.56433951855,2,,
39382.56534278393,0,,
39402.56634604931,0,,
39422.56734931469,0,,
39442.56835258007,0,,
39462.56935584545,0,,
39482.57035911083,0,,
39502.57136237621,0,,
39522.572365641594,0,,
39542.573368906975,0,,
39562.574372172356,0,,
39582.57537543774,0,,
39602.57637870312,0,,
39622.5773819685,0,,
39642.57838523388,0,,
39662.57938849926,0,,
39682.58039176464,0,,
39702.58139503002,0,,
39722.5823982954,0,,
39742.58340156078,0,,
39762.584404826164,0,,
39782.585408091545,0,,
39802.586411356926,0,,
39822.58741462231,0,,
39842.58841788769,0,,
39862.58942115307,0,,
39882.59042441845,0,,
39902.59142768383,0,,
39922.59243094921,0,,
39942.59343421459,0,,
39962.59443747997,1,,
39982.595440745354,0,,
40002.596444010735,1,,
40022.597447276115,0,,
40042.598450541496,0,,
40062.59945380688,0,,
40082.60045707226,0,,
40102.60146033764,0,,
40122.60246360302,0,,
40142.6034668684,0,,
40162.60447013378,0,,
40182.60547339916,0,,
40202.60647666454,0,,
40222.607479929924,0,,
40242.608483195305,0,,
40262.609486460686,0,,
40282.61048972607,0,,
40302.61149299145,0,,
40322.61249625683,0,,
40342.61349952221,0,,
40362.61450278759,0,,
40382.61550605297,0,,
40402.61650931835,0,,
40422.61751258373,0,,
40442.61851584911,0,,
40462.619519114494,0,,
40482.620522379875,0,,
40502.621525645256,0,,
40522.62252891064,0,,
40542.62353217602,0,,
40562.6245354414,0,,
40582.62553870678,0,,
40602.62654197216,0,,
40622.62754523754,0,,
40642.62854850292,0,,
40662.6295517683,0,,
40682.630555033684,0,,
40702.631558299065,0,,
40722.632561564445,0,,
40742.633564829826,0,,
40762.63456809521,1,,
40782.63557136059,0,,
40802.63657462597,0,,
40822.63757789135,0,,
40842.63858115673,0,,
40862.63958442211,0,,
40882.64058768749,0,,
40902.64159095287,0,,
40922.642594218254,0,,
40942.643597483635,0,,
