Instrument,800N11387
Date,2023/05/18
Time,16:24:23
Assay #,0001
Application,REE_IDX
Method,REE_IDX
Assay Duration (set),150s
Assay Duration (total actual),161.91s
Temperature (Detector),-27.0 C
Temperature (Ambient),35.22 C
Phase Count,3
Phases,"Phase 1(30s): 15.0kV, 40.2uA (No Filter)","Phase 2(90s): 50.0kV, 29.8uA (Cu:75um/Ti:25um/Al:200um)","Phase 3(30s): 30.0kV, 48.85uA (Ti:25um/Al:300um)"
 
 
RESULTS:
Z,Compound,Concentration(%),Error(1SD)
12,Mg,0.5992,0.0848
13,Al,9.3265,0.0186
14,Si,18.0331,0.0543
15,P,0.022,0.004
16,S,0.0,0.0024
19,K,0.274,0.0026
20,Ca,0.1644,0.0018
22,Ti,1.0139,0.0089
23,V,0.0278,0.0014
24,Cr,0.082,0.0014
25,Mn,0.0469,0.0014
26,Fe,24.3166,0.0124
28,Ni,0.0279,0.0004
29,Cu,0.0792,0.0008
30,Zn,0.0047,0.0005
33,As,0.0015,0.0001
38,Sr,0.0,0.0001
39,Y,0.0021,0.0001
40,Zr,0.0218,0.0002
41,Nb,0.0003,0.0001
56,Ba,0.0364,0.0017
57,La,0.0,0.002
58,Ce,0.0075,0.0029
82,Pb,0.0006,0.0003
90,Th,0.0023,0.0002
92,U,0.0013,0.0002
100,Gd_IDX,0.0004,0.0
101,Tb_IDX,0.0001,0.0
102,Dy_IDX,0.0003,0.0
103,Ho_IDX,0.0001,0.0
104,Er_IDX,0.0002,0.0
105,Tm_IDX,0.0,0.0
106,Yb_IDX,0.0002,0.0
107,Lu_IDX,0.0,0.0
108,HREE,0.0033,0.0
109,LREE,-0.0005,0.0
110,TREE,0.0028,0.0
 
 
SPECTRA:
eV Channel Start,0.5917039513587952,-0.04492926970124245,0.3353472948074341
eV per Channel,20.025390625,20.025390625,20.025390625
 
Energy (eV),Counts (Phase 1),Counts (Phase 2),Counts (Phase 3)
0.5917039513587952,0,0,0
20.617094576358795,0,0,0
40.642485201358795,0,0,0
60.667875826358795,0,0,0
80.6932664513588,0,0,0
100.7186570763588,0,0,0
120.7440477013588,0,0,0
140.7694383263588,0,0,0
160.7948289513588,0,0,0
180.8202195763588,0,0,0
200.8456102013588,0,0,0
220.8710008263588,0,0,0
240.8963914513588,0,0,0
260.9217820763588,0,0,0
280.9471727013588,0,1,0
300.9725633263588,1,8,4
320.9979539513588,58,236,74
341.0233445763588,455,2418,610
361.0487352013588,2078,11288,3042
381.0741258263588,4387,23752,6226
401.0995164513588,4065,23795,6066
421.1249070763588,1929,11207,2850
441.1502977013588,473,2572,655
461.1756883263588,62,313,82
481.2010789513588,12,23,7
501.2264695763588,3,7,4
521.2518602013588,3,3,4
541.2772508263588,2,1,3
561.3026414513588,2,2,0
581.3280320763588,59,939,176
601.3534227013588,56,965,177
621.3788133263588,37,971,166
641.4042039513588,59,987,186
661.4295945763588,44,1045,187
681.4549852013588,71,1007,183
701.4803758263588,47,1053,182
721.5057664513588,50,1013,157
741.5311570763588,44,996,183
761.5565477013588,60,982,181
781.5819383263588,53,978,185
801.6073289513588,57,922,194
821.6327195763588,58,994,169
841.6581102013588,56,955,167
861.6835008263588,76,935,159
881.7088914513588,95,955,166
901.7342820763588,119,968,162
921.7596727013588,183,935,163
941.7850633263588,226,871,158
961.8104539513588,205,939,167
981.8358445763588,146,920,179
1001.8612352013588,101,914,176
1021.8866258263588,80,938,180
1041.9120164513588,84,907,171
1061.9374070763588,131,855,173
1081.9627977013588,129,857,167
1101.9881883263588,154,914,142
1122.0135789513588,92,850,172
1142.0389695763588,109,906,160
1162.0643602013588,102,894,164
1182.0897508263588,145,834,175
1202.1151414513588,151,847,143
1222.1405320763588,176,841,142
1242.1659227013588,178,859,134
1262.1913133263588,131,862,179
1282.2167039513588,109,863,155
1302.2420945763588,98,814,153
1322.2674852013588,87,799,145
1342.2928758263588,90,796,141
1362.3182664513588,103,880,136
1382.3436570763588,218,867,143
1402.3690477013588,516,853,166
1422.3944383263588,1326,892,167
1442.4198289513588,2763,877,249
1462.4452195763588,4283,901,258
1482.4706102013588,5038,925,292
1502.4960008263588,4193,890,249
1522.5213914513588,2605,850,212
1542.5467820763588,1380,844,160
1562.5721727013588,672,791,159
1582.5975633263588,436,804,136
1602.6229539513588,384,796,118
1622.6483445763588,496,776,107
1642.6737352013588,1569,723,129
1662.6991258263588,4959,778,184
1682.7245164513588,12689,827,291
1702.7499070763588,23671,933,429
1722.7752977013588,33604,1034,592
1742.8006883263588,34010,1044,598
1762.8260789513588,26804,923,465
1782.8514695763588,15469,816,339
1802.8768602013588,7823,846,221
1822.9022508263588,3906,808,170
1842.9276414513588,2240,817,156
1862.9530320763588,1417,868,135
1882.9784227013588,804,827,119
1903.0038133263588,476,772,115
1923.0292039513588,361,802,130
1943.0545945763588,254,780,126
1963.0799852013588,245,754,125
1983.1053758263588,226,831,136
2003.1307664513588,252,777,110
2023.1561570763588,235,784,115
2043.1815477013588,197,789,119
2063.206938326359,203,776,112
2083.232328951359,187,789,121
2103.257719576359,175,792,108
2123.283110201359,190,754,119
2143.308500826359,168,738,116
2163.333891451359,192,778,113
2183.359282076359,190,760,83
2203.384672701359,213,741,104
2223.410063326359,242,785,88
2243.435453951359,342,795,116
2263.460844576359,479,763,99
2283.486235201359,592,812,106
2303.511625826359,640,733,102
2323.537016451359,701,750,115
2343.562407076359,629,729,116
2363.587797701359,586,742,100
2383.613188326359,502,757,89
2403.638578951359,536,767,87
2423.663969576359,477,695,95
2443.689360201359,445,711,102
2463.714750826359,431,716,103
2483.740141451359,449,748,85
2503.765532076359,470,688,89
2523.790922701359,484,729,88
2543.816313326359,583,725,98
2563.841703951359,720,748,77
2583.867094576359,1084,771,122
2603.892485201359,1749,720,107
2623.917875826359,3072,761,93
2643.943266451359,5205,750,99
2663.968657076359,7600,757,107
2683.994047701359,9393,732,94
2704.019438326359,9651,740,98
2724.044828951359,8111,735,107
2744.070219576359,6046,731,110
2764.095610201359,4602,637,89
2784.121000826359,4486,705,102
2804.146391451359,5015,641,98
2824.171782076359,5824,676,92
2844.197172701359,5986,651,87
2864.222563326359,5328,645,93
2884.247953951359,4906,665,119
2904.273344576359,4885,709,175
2924.298735201359,5232,742,196
2944.324125826359,5527,758,259
2964.349516451359,5315,752,248
2984.374907076359,4697,706,230
3004.400297701359,3548,674,159
3024.425688326359,2550,669,100
3044.451078951359,1648,638,85
3064.476469576359,1203,630,73
3084.501860201359,1038,604,74
3104.527250826359,944,608,73
3124.552641451359,1039,629,72
3144.578032076359,1101,643,73
3164.603422701359,1198,651,108
3184.628813326359,1305,677,133
3204.654203951359,1258,741,186
3224.679594576359,1345,866,239
3244.704985201359,1702,1067,406
3264.730375826359,2429,1245,547
3284.755766451359,3087,1411,662
3304.781157076359,3354,1425,706
3324.806547701359,3357,1217,550
3344.831938326359,2744,986,438
3364.857328951359,1955,818,271
3384.882719576359,1352,722,199
3404.908110201359,951,679,147
3424.933500826359,755,744,161
3444.958891451359,771,795,217
3464.984282076359,831,911,256
3485.009672701359,897,957,283
3505.035063326359,957,953,289
3525.060453951359,911,900,292
3545.085844576359,918,790,233
3565.111235201359,994,753,232
3585.136625826359,1081,686,205
3605.162016451359,1336,660,178
3625.187407076359,1664,669,251
3645.212797701359,2342,679,288
3665.238188326359,2779,751,341
3685.263578951359,3052,758,368
3705.288969576359,3026,700,365
3725.314360201359,2450,680,366
3745.339750826359,1850,635,253
3765.365141451359,1302,579,178
3785.390532076359,884,565,121
3805.415922701359,699,496,92
3825.441313326359,576,529,80
3845.466703951359,541,491,63
3865.492094576359,588,505,70
3885.517485201359,618,469,87
3905.542875826359,635,509,61
3925.568266451359,667,502,100
3945.593657076359,737,521,95
3965.619047701359,865,506,94
3985.644438326359,963,459,110
4005.669828951359,974,509,108
4025.695219576359,1081,476,100
4045.720610201359,986,484,114
4065.746000826359,942,461,97
4085.771391451359,954,464,98
4105.796782076359,897,467,68
4125.822172701359,806,453,86
4145.847563326359,804,484,67
4165.872953951359,769,410,70
4185.898344576359,758,459,77
4205.923735201359,809,408,73
4225.949125826359,825,419,57
4245.974516451359,893,417,74
4265.999907076359,875,389,75
4286.025297701359,834,418,87
4306.050688326359,935,389,96
4326.076078951359,965,438,105
4346.101469576359,1088,410,106
4366.126860201359,1425,441,168
4386.152250826359,2225,522,293
4406.177641451359,3860,691,587
4426.203032076359,6761,903,1112
4446.228422701359,11438,1343,1940
4466.253813326359,16459,1817,2993
4486.279203951359,21245,2252,3760
4506.304594576359,23681,2569,4277
4526.329985201359,22260,2458,4150
4546.355375826359,18480,2075,3499
4566.380766451359,13458,1600,2615
4586.406157076359,8790,1375,1968
4606.431547701359,6053,1168,1570
4626.456938326359,4390,1152,1510
4646.482328951359,3719,1080,1420
4666.507719576359,3239,1118,1352
4686.533110201359,2768,982,1154
4706.558500826359,2365,788,881
4726.583891451359,2004,591,572
4746.609282076359,1656,504,380
4766.634672701359,1562,437,236
4786.660063326359,1523,390,206
4806.685453951359,1745,434,211
4826.710844576359,2117,420,267
4846.736235201359,2471,467,372
4866.761625826359,3109,565,508
4886.787016451359,4108,628,670
4906.812407076359,4779,726,782
4926.837797701359,5404,823,915
4946.863188326359,5277,813,965
4966.888578951359,4672,709,886
4986.913969576359,3894,625,689
5006.939360201359,3040,472,446
5026.964750826359,2231,427,311
5046.990141451359,1807,366,213
5067.015532076359,1592,328,168
5087.040922701359,1380,327,140
5107.066313326359,1350,320,124
5127.091703951359,1501,301,116
5147.117094576359,1382,303,140
5167.142485201359,1444,314,134
5187.167875826359,1408,322,150
5207.193266451359,1476,338,179
5227.218657076359,1474,327,211
5247.244047701359,1575,363,230
5267.269438326359,1658,356,283
5287.294828951359,1705,390,313
5307.320219576359,2224,445,415
5327.345610201359,2536,531,553
5347.371000826359,3058,586,687
5367.396391451359,3754,746,839
5387.421782076359,4365,836,949
5407.447172701359,4721,887,1148
5427.472563326359,4520,870,1081
5447.497953951359,4143,716,942
5467.523344576359,3324,646,711
5487.548735201359,2624,537,573
5507.574125826359,2194,401,340
5527.599516451359,1842,377,319
5547.624907076359,1636,306,202
5567.650297701359,1539,290,193
5587.675688326359,1486,262,197
5607.701078951359,1466,289,125
5627.726469576359,1416,225,139
5647.751860201359,1383,212,164
5667.777250826359,1342,246,130
5687.802641451359,1384,258,120
5707.828032076359,1393,258,123
5727.853422701359,1334,240,138
5747.878813326359,1441,234,144
5767.904203951359,1483,250,169
5787.929594576359,1665,298,186
5807.954985201359,1734,323,259
5827.980375826359,1900,360,416
5848.005766451359,2254,415,517
5868.031157076359,2542,470,650
5888.056547701359,2675,533,712
5908.081938326359,2915,581,741
5928.107328951359,2756,582,726
5948.132719576359,2643,551,680
5968.158110201359,2455,466,555
5988.183500826359,2255,446,530
6008.208891451359,2049,389,428
6028.234282076359,1814,370,427
6048.259672701359,1897,367,426
6068.285063326359,1788,351,443
6088.310453951359,1918,404,536
6108.335844576359,2101,454,631
6128.361235201359,2258,497,725
6148.386625826359,2380,570,787
6168.412016451359,2784,724,991
6188.437407076359,3501,927,1507
6208.462797701359,5117,1583,2398
6228.488188326359,8971,2969,5076
6248.513578951359,17798,6198,11013
6268.538969576359,37119,13197,23565
6288.564360201359,74253,27004,48363
6308.589750826359,133461,49107,88267
6328.615141451359,216522,80375,145743
6348.640532076359,312753,118358,211566
6368.665922701359,403538,152727,275999
6388.691313326359,461647,176481,316731
6408.716703951359,468286,179553,323158
6428.742094576359,420626,161838,292546
6448.767485201359,337069,130069,234112
6468.792875826359,240135,92619,166890
6488.818266451359,153127,58867,106453
6508.843657076359,87759,33197,60522
6528.869047701359,45948,16559,31150
6548.894438326359,22817,7700,14664
6568.919828951359,11652,3521,6706
6588.945219576359,6288,1647,3327
6608.970610201359,3983,932,1803
6628.996000826359,3046,639,1161
6649.021391451359,2394,594,1037
6669.046782076359,2113,529,847
6689.072172701359,2024,585,792
6709.097563326359,1926,506,752
6729.122953951359,1934,545,742
6749.148344576359,1931,536,721
6769.173735201359,2104,529,748
6789.199125826359,2153,533,870
6809.224516451359,2297,640,1052
6829.249907076359,2579,743,1183
6849.275297701359,2984,955,1484
6869.300688326359,3692,1136,1924
6889.326078951359,4734,1601,2764
6909.351469576359,6810,2649,4401
6929.376860201359,10635,4250,7096
6949.402250826359,17033,7000,11795
6969.427641451359,26592,11009,18832
6989.453032076359,38519,16310,27796
7009.478422701359,51082,21817,37663
7029.503813326359,61426,26611,46034
7049.529203951359,67905,29093,50682
7069.554594576359,67006,28908,50373
7089.579985201359,58388,25698,44260
7109.605375826359,47201,20470,35321
7129.630766451359,33679,14816,25494
7149.656157076359,21831,9380,16658
7169.681547701359,13232,5437,9747
7189.706938326359,7300,2971,5192
7209.732328951359,3977,1511,2664
7229.757719576359,2157,662,1207
7249.783110201359,1252,335,607
7269.808500826359,907,215,274
7289.833891451359,747,143,172
7309.859282076359,668,132,142
7329.884672701359,612,121,129
7349.910063326359,668,168,160
7369.935453951359,759,213,235
7389.960844576359,900,248,294
7409.986235201359,975,311,421
7430.011625826359,1087,389,607
7450.037016451359,1324,449,651
7470.062407076359,1341,479,660
7490.087797701359,1233,444,638
7510.113188326359,1264,404,603
7530.138578951359,1076,346,503
7550.163969576359,851,301,335
7570.189360201359,783,207,250
7590.214750826359,696,161,139
7610.240141451359,644,123,89
7630.265532076359,599,91,83
7650.290922701359,592,100,61
7670.316313326359,610,100,46
7690.341703951359,547,72,35
7710.367094576359,515,74,36
7730.392485201359,590,79,39
7750.417875826359,586,70,41
7770.443266451359,570,87,37
7790.468657076359,644,79,38
7810.494047701359,684,71,36
7830.519438326359,664,81,60
7850.544828951359,723,97,49
7870.570219576359,778,101,99
7890.595610201359,837,112,141
7910.621000826359,837,159,210
7930.646391451359,976,282,370
7950.671782076359,1029,374,574
7970.697172701359,1199,502,809
7990.722563326359,1398,713,1096
8010.747953951359,1758,834,1353
8030.773344576359,1872,935,1546
8050.798735201359,2145,982,1445
8070.824125826359,2186,898,1460
8090.849516451359,2345,725,1190
8110.874907076359,2478,562,923
8130.900297701359,2445,413,677
8150.925688326359,2303,279,434
8170.951078951359,2143,216,307
8190.976469576359,1940,191,240
8211.001860201359,1658,157,159
8231.027250826359,1382,169,149
8251.052641451359,1140,133,158
8271.078032076359,1005,151,131
8291.103422701359,851,150,135
8311.128813326359,766,126,117
8331.154203951359,733,129,101
8351.179594576359,608,94,76
8371.204985201359,606,100,71
8391.230375826359,547,72,49
8411.255766451359,576,82,50
8431.281157076359,561,83,40
8451.306547701359,532,74,30
8471.331938326359,587,79,45
8491.357328951359,586,58,41
8511.382719576359,620,94,60
8531.408110201359,555,89,60
8551.433500826359,591,113,90
8571.458891451359,627,112,98
8591.484282076359,631,117,129
8611.509672701359,683,141,120
8631.535063326359,611,145,147
8651.560453951359,602,150,138
8671.585844576359,666,137,149
8691.611235201359,608,116,163
8711.636625826359,689,126,125
8731.662016451359,702,109,94
8751.687407076359,790,84,57
8771.712797701359,815,107,69
8791.738188326359,860,128,92
8811.763578951359,809,119,119
8831.788969576359,830,154,166
8851.814360201359,863,159,223
8871.839750826359,811,242,249
8891.865141451359,802,206,255
8911.890532076359,730,234,280
8931.915922701359,740,219,255
8951.941313326359,769,195,220
8971.966703951359,712,144,202
8991.992094576359,762,142,153
9012.017485201359,783,101,108
9032.042875826359,860,96,99
9052.068266451359,906,89,80
9072.093657076359,964,86,63
9092.119047701359,1025,58,63
9112.144438326359,996,71,49
9132.169828951359,1010,78,72
9152.195219576359,945,79,66
9172.220610201359,997,83,64
9192.246000826359,943,97,87
9212.271391451359,922,101,127
9232.296782076359,882,105,114
9252.322172701359,970,116,117
9272.347563326359,918,88,109
9292.372953951359,828,95,102
9312.398344576359,834,91,99
9332.423735201359,818,92,91
9352.449125826359,832,69,85
9372.474516451359,769,80,58
9392.499907076359,824,72,61
9412.525297701359,757,63,67
9432.550688326359,741,66,58
9452.576078951359,698,77,65
9472.601469576359,648,77,65
9492.626860201359,673,69,67
9512.652250826359,609,80,64
9532.677641451359,639,75,84
9552.703032076359,555,70,79
9572.728422701359,604,90,65
9592.753813326359,642,86,76
9612.779203951359,586,71,79
9632.804594576359,629,77,79
9652.829985201359,636,73,102
9672.855375826359,680,92,73
9692.880766451359,680,93,84
9712.906157076359,724,95,93
9732.931547701359,674,93,82
9752.956938326359,772,85,93
9772.982328951359,666,82,83
9793.007719576359,694,79,84
9813.033110201359,651,76,79
9833.058500826359,659,68,90
9853.083891451359,682,68,92
9873.109282076359,577,71,74
9893.134672701359,576,86,78
9913.160063326359,573,59,89
9933.185453951359,587,66,76
9953.210844576359,604,64,84
9973.236235201359,604,61,77
9993.261625826359,609,68,93
10013.287016451359,657,53,102
10033.312407076359,595,53,93
10053.337797701359,650,60,93
10073.363188326359,683,70,93
10093.388578951359,632,70,80
10113.413969576359,581,58,106
10133.439360201359,592,61,99
10153.464750826359,628,59,94
10173.490141451359,562,60,85
10193.515532076359,604,59,104
10213.540922701359,572,60,100
10233.566313326359,507,70,95
10253.591703951359,547,60,146
10273.617094576359,529,58,118
10293.642485201359,505,57,123
10313.667875826359,557,64,129
10333.693266451359,538,65,114
10353.718657076359,549,73,118
10373.744047701359,532,71,136
10393.769438326359,518,59,129
10413.794828951359,524,79,126
10433.820219576359,535,61,142
10453.845610201359,592,95,157
10473.871000826359,525,88,205
10493.896391451359,545,122,201
10513.921782076359,517,139,201
10533.947172701359,521,155,241
10553.972563326359,532,132,233
10573.997953951359,483,113,203
10594.023344576359,492,130,176
10614.048735201359,556,93,190
10634.074125826359,491,89,189
10654.099516451359,496,79,149
10674.124907076359,514,68,155
10694.150297701359,480,85,153
10714.175688326359,521,56,151
10734.201078951359,538,52,161
10754.226469576359,583,62,156
10774.251860201359,619,68,141
10794.277250826359,719,73,176
10814.302641451359,864,58,174
10834.328032076359,1011,77,157
10854.353422701359,1131,61,192
10874.378813326359,1299,60,224
10894.404203951359,1417,83,251
10914.429594576359,1474,85,236
10934.454985201359,1461,64,253
10954.480375826359,1445,76,249
10974.505766451359,1216,86,242
10994.531157076359,1141,54,254
11014.556547701359,976,67,219
11034.581938326359,811,68,232
11054.607328951359,727,67,232
11074.632719576359,657,63,237
11094.658110201359,647,58,199
11114.683500826359,602,56,214
11134.708891451359,565,49,194
11154.734282076359,583,66,223
11174.759672701359,527,57,198
11194.785063326359,528,75,204
11214.810453951359,535,65,218
11234.835844576359,543,65,212
11254.861235201359,584,59,210
11274.886625826359,595,66,222
11294.912016451359,593,75,220
11314.937407076359,658,55,207
11334.962797701359,653,58,221
11354.988188326359,624,66,221
11375.013578951359,629,65,221
11395.038969576359,626,64,216
11415.064360201359,655,97,228
11435.089750826359,556,76,225
11455.115141451359,573,62,216
11475.140532076359,579,99,236
11495.165922701359,568,91,220
11515.191313326359,554,67,219
11535.216703951359,581,62,245
11555.242094576359,589,59,228
11575.267485201359,594,85,248
11595.292875826359,597,59,268
11615.318266451359,612,72,256
11635.343657076359,577,71,272
11655.369047701359,563,70,271
11675.394438326359,598,68,269
11695.419828951359,538,73,297
11715.445219576359,565,63,274
11735.470610201359,562,74,285
11755.496000826359,554,78,284
11775.521391451359,566,62,302
11795.546782076359,643,81,284
11815.572172701359,583,77,289
11835.597563326359,625,68,325
11855.622953951359,573,78,297
11875.648344576359,543,84,323
11895.673735201359,525,85,334
11915.699125826359,507,75,316
11935.724516451359,521,88,316
11955.749907076359,478,78,342
11975.775297701359,453,89,302
11995.800688326359,403,79,299
12015.826078951359,440,72,328
12035.851469576359,445,57,288
12055.876860201359,424,45,272
12075.902250826359,380,56,274
12095.927641451359,365,59,318
12115.953032076359,374,56,273
12135.978422701359,423,58,270
12156.003813326359,418,72,310
12176.029203951359,449,62,324
12196.054594576359,432,43,308
12216.079985201359,417,56,299
12236.105375826359,434,56,281
12256.130766451359,450,42,330
12276.156157076359,475,61,349
12296.181547701359,425,55,312
12316.206938326359,420,55,326
12336.232328951359,398,63,298
12356.257719576359,424,56,328
12376.283110201359,407,63,344
12396.308500826359,453,68,362
12416.333891451359,429,45,343
12436.359282076359,453,57,317
12456.384672701359,446,61,320
12476.410063326359,389,59,355
12496.435453951359,399,56,383
12516.460844576359,423,58,405
12536.486235201359,438,80,407
12556.511625826359,474,73,395
12576.537016451359,563,72,425
12596.562407076359,640,73,518
12616.587797701359,862,89,544
12636.613188326359,1241,101,659
12656.638578951359,1860,111,839
12676.663969576359,2710,125,1080
12696.689360201359,3783,156,1463
12716.714750826359,5202,204,1878
12736.740141451359,6710,240,2371
12756.765532076359,8285,235,2952
12776.790922701359,9658,292,3248
12796.816313326359,10520,305,3640
12816.841703951359,10639,329,3679
12836.867094576359,10391,303,3605
12856.892485201359,9482,297,3259
12876.917875826359,7692,254,2821
12896.943266451359,6333,209,2362
12916.968657076359,4698,210,1883
12936.994047701359,3342,161,1458
12957.019438326359,2413,143,1073
12977.044828951359,1646,129,885
12997.070219576359,1103,98,648
13017.095610201359,719,103,564
13037.121000826359,580,94,551
13057.146391451359,430,75,474
13077.171782076359,383,87,441
13097.197172701359,351,81,425
13117.222563326359,339,72,457
13137.247953951359,282,61,456
13157.273344576359,352,63,405
13177.298735201359,287,74,472
13197.324125826359,326,72,475
13217.349516451359,315,77,496
13237.374907076359,398,105,525
13257.400297701359,444,113,547
13277.425688326359,527,129,612
13297.451078951359,688,146,646
13317.476469576359,917,176,764
13337.501860201359,1064,196,828
13357.527250826359,1467,220,1015
13377.552641451359,1811,242,1095
13397.578032076359,2326,249,1306
13417.603422701359,2589,258,1459
13437.628813326359,2986,238,1495
13457.654203951359,3129,226,1607
13477.679594576359,3184,196,1615
13497.704985201359,3080,209,1476
13517.730375826359,2666,161,1425
13537.755766451359,2269,139,1215
13557.781157076359,1849,125,1114
13577.806547701359,1385,112,887
13597.831938326359,1040,92,809
13617.857328951359,770,84,757
13637.882719576359,529,64,608
13657.908110201359,410,64,643
13677.933500826359,289,65,517
13697.958891451359,223,69,505
13717.984282076359,195,57,470
13738.009672701359,184,51,507
13758.035063326359,194,64,477
13778.060453951359,148,53,520
13798.085844576359,182,62,529
13818.111235201359,180,56,548
13838.136625826359,189,59,526
13858.162016451359,148,62,531
13878.187407076359,172,54,500
13898.212797701359,179,65,556
13918.238188326359,200,69,558
13938.263578951359,180,69,605
13958.288969576359,196,79,526
13978.314360201359,196,97,585
13998.339750826359,231,127,600
14018.365141451359,229,116,596
14038.390532076359,250,152,686
14058.415922701359,274,184,711
14078.441313326359,292,192,735
14098.466703951359,335,227,725
14118.492094576359,302,214,788
14138.517485201359,315,230,743
14158.542875826359,259,228,748
14178.568266451359,259,232,777
14198.593657076359,244,205,718
14218.619047701359,219,187,718
14238.644438326359,185,196,699
14258.669828951359,133,149,668
14278.695219576359,137,130,657
14298.720610201359,125,85,588
14318.746000826359,107,88,591
14338.771391451359,124,74,632
14358.796782076359,102,69,574
14378.822172701359,115,57,563
14398.847563326359,95,66,630
14418.872953951359,107,66,603
14438.898344576359,129,73,589
14458.923735201359,119,71,653
14478.949125826359,139,64,582
14498.974516451359,135,64,580
14518.999907076359,132,85,638
14539.025297701359,115,68,594
14559.050688326359,125,62,636
14579.076078951359,98,63,650
14599.101469576359,128,65,610
14619.126860201359,92,77,572
14639.152250826359,81,63,627
14659.177641451359,81,72,629
14679.203032076359,67,86,646
14699.228422701359,59,69,632
14719.253813326359,57,84,652
14739.279203951359,53,96,656
14759.304594576359,49,104,623
14779.329985201359,43,125,691
14799.355375826359,49,120,668
14819.380766451359,55,117,610
14839.406157076359,40,167,661
14859.431547701359,41,147,717
14879.456938326359,54,161,701
14899.482328951359,49,176,702
14919.507719576359,50,184,693
14939.533110201359,49,209,741
14959.558500826359,50,173,758
14979.583891451359,59,180,722
14999.609282076359,58,183,713
15019.634672701359,50,167,691
15039.660063326359,46,124,738
15059.685453951359,41,132,742
15079.710844576359,57,121,671
15099.736235201359,59,105,665
15119.761625826359,44,102,691
15139.787016451359,61,110,706
15159.812407076359,66,82,644
15179.837797701359,62,88,671
15199.863188326359,68,94,714
15219.888578951359,64,94,672
15239.913969576359,58,95,689
15259.939360201359,55,96,654
15279.964750826359,58,93,657
15299.990141451359,75,91,687
15320.015532076359,61,83,738
15340.040922701359,57,104,662
15360.066313326359,46,89,677
15380.091703951359,56,95,680
15400.117094576359,58,102,687
15420.142485201359,39,108,620
15440.167875826359,44,100,712
15460.193266451359,51,115,726
15480.218657076359,52,117,687
15500.244047701359,44,196,758
15520.269438326359,40,190,785
15540.294828951359,53,225,796
15560.320219576359,46,320,837
15580.345610201359,48,393,920
15600.371000826359,51,569,1027
15620.396391451359,53,684,1081
15640.421782076359,52,880,1287
15660.447172701359,50,995,1384
15680.472563326359,44,1230,1446
15700.497953951359,49,1321,1571
15720.523344576359,62,1517,1686
15740.548735201359,54,1556,1729
15760.574125826359,50,1572,1827
15780.599516451359,45,1552,1707
15800.624907076359,49,1455,1632
15820.650297701359,34,1283,1529
15840.675688326359,38,1121,1368
15860.701078951359,41,919,1269
15880.726469576359,46,729,1146
15900.751860201359,50,581,987
15920.777250826359,36,414,916
15940.802641451359,38,292,886
15960.828032076359,42,239,841
15980.853422701359,42,194,812
16000.878813326359,33,175,801
16020.904203951359,50,132,775
16040.929594576359,42,137,792
16060.954985201359,45,116,728
16080.980375826359,34,133,718
16101.005766451359,40,123,742
16121.031157076359,36,160,785
16141.056547701359,37,140,762
16161.081938326359,42,139,767
16181.107328951359,21,149,806
16201.132719576359,32,166,715
16221.158110201359,43,140,785
16241.183500826359,52,138,775
16261.208891451359,36,150,772
16281.234282076359,35,120,734
16301.259672701359,31,156,812
16321.285063326359,32,139,772
16341.310453951359,53,156,723
16361.335844576359,34,134,741
16381.361235201359,34,169,734
16401.38662582636,36,139,791
16421.41201645136,36,178,796
16441.43740707636,57,170,760
16461.46279770136,42,182,838
16481.48818832636,47,257,791
16501.51357895136,46,221,858
16521.53896957636,30,232,796
16541.56436020136,37,217,816
16561.58975082636,35,265,870
16581.61514145136,35,264,804
16601.64053207636,32,257,829
16621.66592270136,27,250,839
16641.69131332636,21,246,816
16661.71670395136,32,264,889
16681.74209457636,37,236,817
16701.76748520136,36,236,838
16721.79287582636,34,216,817
16741.81826645136,43,205,840
16761.84365707636,34,220,816
16781.86904770136,35,187,836
16801.89443832636,36,183,779
16821.91982895136,43,170,802
16841.94521957636,27,163,753
16861.97061020136,28,166,791
16881.99600082636,34,165,820
16902.02139145136,41,178,772
16922.04678207636,40,173,791
16942.07217270136,32,200,728
16962.09756332636,41,176,755
16982.12295395136,28,181,752
17002.14834457636,39,188,831
17022.17373520136,37,173,791
17042.19912582636,33,179,816
17062.22451645136,34,191,819
17082.24990707636,30,187,857
17102.27529770136,28,179,812
17122.30068832636,40,231,813
17142.32607895136,31,196,785
17162.35146957636,29,221,852
17182.37686020136,39,279,836
17202.40225082636,34,328,855
17222.42764145136,31,377,820
17242.45303207636,53,413,842
17262.47842270136,46,534,843
17282.50381332636,47,660,888
17302.52920395136,47,818,909
17322.55459457636,57,1022,818
17342.57998520136,37,1208,933
17362.60537582636,42,1373,894
17382.63076645136,49,1548,908
17402.65615707636,34,1648,846
17422.68154770136,48,1755,960
17442.70693832636,37,1879,879
17462.73232895136,37,1925,996
17482.75771957636,31,1863,982
17502.78311020136,37,1726,961
17522.80850082636,34,1561,930
17542.83389145136,32,1439,979
17562.85928207636,48,1306,986
17582.88467270136,31,1113,997
17602.91006332636,23,997,1011
17622.93545395136,38,860,1004
17642.96084457636,30,796,1001
17662.98623520136,34,636,1010
17683.01162582636,33,611,946
17703.03701645136,30,560,982
17723.06240707636,35,496,979
17743.08779770136,40,446,947
17763.11318832636,35,419,939
17783.13857895136,30,385,974
17803.16396957636,40,364,897
17823.18936020136,29,320,931
17843.21475082636,32,361,894
17863.24014145136,35,306,876
17883.26553207636,34,327,834
17903.29092270136,28,291,895
17923.31631332636,29,335,943
17943.34170395136,31,305,903
17963.36709457636,31,323,889
17983.39248520136,36,350,939
18003.41787582636,31,311,919
18023.44326645136,36,317,881
18043.46865707636,21,293,937
18063.49404770136,18,355,933
18083.51943832636,36,303,923
18103.54482895136,31,324,917
18123.57021957636,29,297,890
18143.59561020136,34,334,931
18163.62100082636,27,327,966
18183.64639145136,34,350,916
18203.67178207636,28,349,866
18223.69717270136,24,339,952
18243.72256332636,39,334,952
18263.74795395136,31,356,933
18283.77334457636,35,348,917
18303.79873520136,31,384,937
18323.82412582636,25,387,933
18343.84951645136,23,373,972
18363.87490707636,21,415,1003
18383.90029770136,27,387,1015
18403.92568832636,24,412,981
18423.95107895136,29,425,927
18443.97646957636,27,457,1029
18464.00186020136,29,461,1044
18484.02725082636,16,461,1019
18504.05264145136,27,479,1107
18524.07803207636,23,523,1068
18544.10342270136,21,527,1091
18564.12881332636,28,519,1101
18584.15420395136,19,591,1128
18604.17959457636,24,574,1131
18624.20498520136,20,601,1161
18644.23037582636,27,645,1214
18664.25576645136,27,685,1162
18684.28115707636,25,707,1111
18704.30654770136,28,752,1274
18724.33193832636,31,758,1297
18744.35732895136,26,791,1353
18764.38271957636,29,841,1355
18784.40811020136,31,810,1404
18804.43350082636,22,841,1391
18824.45889145136,25,894,1511
18844.48428207636,22,946,1555
18864.50967270136,20,947,1556
18884.53506332636,27,1025,1584
18904.56045395136,22,1024,1557
18924.58584457636,28,1047,1624
18944.61123520136,23,1076,1612
18964.63662582636,26,1084,1641
18984.66201645136,28,1112,1632
19004.68740707636,28,1239,1666
19024.71279770136,35,1172,1762
19044.73818832636,47,1125,1713
19064.76357895136,40,1208,1766
19084.78896957636,53,1267,1703
19104.81436020136,72,1242,1796
19124.83975082636,77,1220,1728
19144.86514145136,95,1172,1740
19164.89053207636,132,1208,1796
19184.91592270136,130,1187,1740
19204.94131332636,138,1172,1719
19224.96670395136,154,1087,1718
19244.99209457636,154,1085,1637
19265.01748520136,122,1094,1705
19285.04287582636,120,1056,1564
19305.06826645136,105,1085,1588
19325.09365707636,120,1026,1566
19345.11904770136,73,1005,1487
19365.14443832636,55,952,1455
19385.16982895136,34,946,1438
19405.19521957636,31,1007,1409
19425.22061020136,32,938,1353
19445.24600082636,23,962,1408
19465.27139145136,16,953,1319
19485.29678207636,22,936,1285
19505.32217270136,21,948,1312
19525.34756332636,17,1023,1269
19545.37295395136,23,981,1225
19565.39834457636,14,1062,1206
19585.42373520136,12,1005,1268
19605.44912582636,16,976,1168
19625.47451645136,18,952,1160
19645.49990707636,20,923,1124
19665.52529770136,24,900,1134
19685.55068832636,19,874,1074
19705.57607895136,34,775,1083
19725.60146957636,28,755,1103
19745.62686020136,38,668,1042
19765.65225082636,39,681,1024
19785.67764145136,47,649,1065
19805.70303207636,52,663,1037
19825.72842270136,60,690,1078
19845.75381332636,77,645,1039
19865.77920395136,76,620,1050
19885.80459457636,54,677,1137
19905.82998520136,65,761,1124
19925.85537582636,60,826,1181
19945.88076645136,69,916,1207
19965.90615707636,44,871,1342
19985.93154770136,35,966,1470
20005.95693832636,32,1170,1527
20025.98232895136,30,1186,1675
20046.00771957636,23,1323,1708
20066.03311020136,20,1430,1922
20086.05850082636,19,1590,1940
20106.08389145136,16,1621,2054
20126.10928207636,11,1652,2167
20146.13467270136,13,1884,2133
20166.16006332636,10,1830,2249
20186.18545395136,9,1917,2203
20206.21084457636,8,1825,2263
20226.23623520136,12,1722,2148
20246.26162582636,9,1728,2093
20266.28701645136,7,1553,2008
20286.31240707636,8,1431,1823
20306.33779770136,14,1294,1608
20326.36318832636,10,1162,1453
20346.38857895136,8,977,1343
20366.41396957636,11,849,1212
20386.43936020136,8,732,1035
20406.46475082636,8,670,1042
20426.49014145136,12,609,1001
20446.51553207636,16,563,918
20466.54092270136,15,543,813
20486.56631332636,18,493,915
20506.59170395136,12,525,866
20526.61709457636,14,530,846
20546.64248520136,11,509,841
20566.66787582636,18,543,806
20586.69326645136,4,524,849
20606.71865707636,13,560,814
20626.74404770136,10,489,851
20646.76943832636,10,567,852
20666.79482895136,11,528,833
20686.82021957636,11,563,803
20706.84561020136,3,588,823
20726.87100082636,7,617,850
20746.89639145136,9,605,858
20766.92178207636,0,620,858
20786.94717270136,1,668,869
20806.97256332636,6,653,827
20826.99795395136,4,579,867
20847.02334457636,7,654,893
20867.04873520136,2,654,840
20887.07412582636,6,676,855
20907.09951645136,3,674,868
20927.12490707636,6,671,832
20947.15029770136,3,699,814
20967.17568832636,4,663,948
20987.20107895136,4,675,901
21007.22646957636,1,737,996
21027.25186020136,1,756,909
21047.27725082636,4,729,946
21067.30264145136,3,763,944
21087.32803207636,5,742,924
21107.35342270136,4,762,945
21127.37881332636,3,804,961
21147.40420395136,4,821,902
21167.42959457636,3,831,916
21187.45498520136,5,803,866
21207.48037582636,1,892,937
21227.50576645136,3,830,868
21247.53115707636,1,804,980
21267.55654770136,7,900,946
21287.58193832636,1,837,905
21307.60732895136,3,848,974
21327.63271957636,2,878,941
21347.65811020136,4,847,979
21367.68350082636,2,860,981
21387.70889145136,1,876,916
21407.73428207636,3,862,1024
21427.75967270136,2,929,966
21447.78506332636,2,946,938
21467.81045395136,4,872,945
21487.83584457636,2,882,977
21507.86123520136,3,959,918
21527.88662582636,3,877,901
21547.91201645136,3,939,924
21567.93740707636,4,876,927
21587.96279770136,2,829,906
21607.98818832636,2,849,969
21628.01357895136,0,883,943
21648.03896957636,3,863,881
21668.06436020136,1,883,913
21688.08975082636,2,901,899
21708.11514145136,0,864,919
21728.14053207636,3,813,850
21748.16592270136,0,813,889
21768.19131332636,1,804,882
21788.21670395136,0,802,886
21808.24209457636,2,768,853
21828.26748520136,4,745,842
21848.29287582636,0,815,861
21868.31826645136,1,788,851
21888.34365707636,3,764,825
21908.36904770136,1,768,792
21928.39443832636,2,801,823
21948.41982895136,0,776,827
21968.44521957636,1,718,815
21988.47061020136,2,734,745
22008.49600082636,4,786,849
22028.52139145136,0,731,789
22048.54678207636,1,766,803
22068.57217270136,1,781,802
22088.59756332636,2,767,845
22108.62295395136,2,766,820
22128.64834457636,3,761,877
22148.67373520136,1,740,836
22168.69912582636,2,768,797
22188.72451645136,0,734,788
22208.74990707636,0,780,782
22228.77529770136,2,724,820
22248.80068832636,2,746,810
22268.82607895136,3,758,773
22288.85146957636,2,715,758
22308.87686020136,2,762,747
22328.90225082636,2,776,795
22348.92764145136,2,725,790
22368.95303207636,2,729,745
22388.97842270136,3,723,722
22409.00381332636,0,792,742
22429.02920395136,0,737,757
22449.05459457636,0,800,785
22469.07998520136,1,759,725
22489.10537582636,0,813,788
22509.13076645136,2,829,738
22529.15615707636,0,844,766
22549.18154770136,1,875,814
22569.20693832636,2,911,804
22589.23232895136,2,909,834
22609.25771957636,1,968,812
22629.28311020136,1,1100,907
22649.30850082636,1,1102,902
22669.33389145136,4,1183,952
22689.35928207636,5,1116,1006
22709.38467270136,2,1244,1003
22729.41006332636,3,1230,1026
22749.43545395136,3,1240,933
22769.46084457636,0,1144,952
22789.48623520136,2,1172,940
22809.51162582636,2,1020,924
22829.53701645136,2,1035,857
22849.56240707636,1,964,782
22869.58779770136,2,879,838
22889.61318832636,1,854,739
22909.63857895136,1,815,742
22929.66396957636,1,840,723
22949.68936020136,0,744,691
22969.71475082636,1,736,713
22989.74014145136,1,788,701
23009.76553207636,3,807,721
23029.79092270136,2,804,703
23049.81631332636,0,807,672
23069.84170395136,0,796,719
23089.86709457636,1,791,671
23109.89248520136,0,771,694
23129.91787582636,0,797,702
23149.94326645136,1,842,714
23169.96865707636,1,819,716
23189.99404770136,4,856,712
23210.01943832636,0,800,647
23230.04482895136,0,857,689
23250.07021957636,1,832,660
23270.09561020136,0,785,697
23290.12100082636,1,771,711
23310.14639145136,1,790,647
23330.17178207636,0,720,609
23350.19717270136,1,789,639
23370.22256332636,2,738,625
23390.24795395136,3,784,634
23410.27334457636,2,770,639
23430.29873520136,0,719,632
23450.32412582636,1,753,620
23470.34951645136,0,787,616
23490.37490707636,0,783,638
23510.40029770136,0,763,644
23530.42568832636,0,754,589
23550.45107895136,1,739,617
23570.47646957636,2,748,608
23590.50186020136,1,754,602
23610.52725082636,1,808,616
23630.55264145136,1,802,592
23650.57803207636,0,812,568
23670.60342270136,1,766,595
23690.62881332636,0,792,632
23710.65420395136,1,871,584
23730.67959457636,1,799,617
23750.70498520136,1,910,601
23770.73037582636,0,930,564
23790.75576645136,1,1001,599
23810.78115707636,2,1089,577
23830.80654770136,2,1275,592
23850.83193832636,1,1318,528
23870.85732895136,1,1589,605
23890.88271957636,1,1711,606
23910.90811020136,0,1843,591
23930.93350082636,0,2044,600
23950.95889145136,0,2331,673
23970.98428207636,1,2455,594
23991.00967270136,0,2652,607
24011.03506332636,3,2846,587
24031.06045395136,0,2978,614
24051.08584457636,1,3007,574
24071.11123520136,0,3209,572
24091.13662582636,0,3280,581
24111.16201645136,0,3440,591
24131.18740707636,0,3613,630
24151.21279770136,0,3756,566
24171.23818832636,2,3873,591
24191.26357895136,0,3957,584
24211.28896957636,0,3824,572
24231.31436020136,3,3841,582
24251.33975082636,2,3597,567
24271.36514145136,1,3285,558
24291.39053207636,0,2985,543
24311.41592270136,1,2822,578
24331.44131332636,2,2361,579
24351.46670395136,1,2052,533
24371.49209457636,0,1745,550
24391.51748520136,0,1461,550
24411.54287582636,1,1336,573
24431.56826645136,0,1226,532
24451.59365707636,1,1076,539
24471.61904770136,2,1051,524
24491.64443832636,0,979,510
24511.66982895136,1,899,532
24531.69521957636,2,882,556
24551.72061020136,0,922,475
24571.74600082636,1,871,533
24591.77139145136,0,890,487
24611.79678207636,1,887,519
24631.82217270136,0,848,534
24651.84756332636,1,898,501
24671.87295395136,0,917,481
24691.89834457636,0,924,482
24711.92373520136,1,950,486
24731.94912582636,0,894,486
24751.97451645136,0,877,523
24771.99990707636,0,935,470
24792.02529770136,1,858,490
24812.05068832636,1,854,496
24832.07607895136,0,886,503
24852.10146957636,0,938,543
24872.12686020136,1,930,458
24892.15225082636,1,967,553
24912.17764145136,2,1013,477
24932.20303207636,0,1022,473
24952.22842270136,0,1082,510
24972.25381332636,0,1092,490
24992.27920395136,1,1142,484
25012.30459457636,1,1165,453
25032.32998520136,0,1181,441
25052.35537582636,1,1213,423
25072.38076645136,0,1252,475
25092.40615707636,1,1259,476
25112.43154770136,0,1324,430
25132.45693832636,2,1260,441
25152.48232895136,1,1309,485
25172.50771957636,0,1302,457
25192.53311020136,0,1348,456
25212.55850082636,0,1344,467
25232.58389145136,1,1390,428
25252.60928207636,1,1394,443
25272.63467270136,0,1367,456
25292.66006332636,0,1353,470
25312.68545395136,0,1357,455
25332.71084457636,1,1333,438
25352.73623520136,0,1313,457
25372.76162582636,0,1262,444
25392.78701645136,1,1208,432
25412.81240707636,2,1153,440
25432.83779770136,2,1048,424
25452.86318832636,1,1033,449
25472.88857895136,2,1063,401
25492.91396957636,1,981,429
25512.93936020136,3,958,440
25532.96475082636,1,959,417
25552.99014145136,0,990,396
25573.01553207636,1,960,438
25593.04092270136,2,947,422
25613.06631332636,3,936,445
25633.09170395136,2,969,385
25653.11709457636,0,993,378
25673.14248520136,1,957,402
25693.16787582636,0,930,373
25713.19326645136,2,954,408
25733.21865707636,0,1000,420
25753.24404770136,1,992,367
25773.26943832636,1,907,423
25793.29482895136,0,911,381
25813.32021957636,0,971,378
25833.34561020136,1,913,350
25853.37100082636,0,974,365
25873.39639145136,0,920,387
25893.42178207636,0,988,337
25913.44717270136,1,965,372
25933.47256332636,0,988,343
25953.49795395136,1,956,345
25973.52334457636,0,1022,343
25993.54873520136,0,986,357
26013.57412582636,0,996,360
26033.59951645136,0,1006,328
26053.62490707636,1,1036,308
26073.65029770136,1,988,322
26093.67568832636,0,1059,355
26113.70107895136,1,928,329
26133.72646957636,0,943,341
26153.75186020136,1,1050,312
26173.77725082636,1,995,317
26193.80264145136,1,1032,294
26213.82803207636,0,1016,314
26233.85342270136,1,1019,304
26253.87881332636,1,1044,292
26273.90420395136,0,1026,280
26293.92959457636,0,985,288
26313.95498520136,1,1016,263
26333.98037582636,0,1053,274
26354.00576645136,2,1145,294
26374.03115707636,0,1066,278
26394.05654770136,0,1028,284
26414.08193832636,1,1039,289
26434.10732895136,0,1071,263
26454.13271957636,2,1110,265
26474.15811020136,0,984,293
26494.18350082636,0,1036,278
26514.20889145136,1,1116,276
26534.23428207636,0,1001,259
26554.25967270136,0,963,259
26574.28506332636,0,968,241
26594.31045395136,1,1028,245
26614.33584457636,0,1033,254
26634.36123520136,0,1053,226
26654.38662582636,0,1004,243
26674.41201645136,1,1008,232
26694.43740707636,0,1020,224
26714.46279770136,1,992,227
26734.48818832636,1,992,236
26754.51357895136,0,1032,229
26774.53896957636,0,953,229
26794.56436020136,0,1035,208
26814.58975082636,0,992,205
26834.61514145136,0,990,213
26854.64053207636,0,1024,150
26874.66592270136,0,1050,182
26894.69131332636,0,992,208
26914.71670395136,2,1004,187
26934.74209457636,1,1024,162
26954.76748520136,0,1059,165
26974.79287582636,3,1114,176
26994.81826645136,0,1090,172
27014.84365707636,1,1052,187
27034.86904770136,0,1129,169
27054.89443832636,0,1122,191
27074.91982895136,0,1165,174
27094.94521957636,0,1258,176
27114.97061020136,0,1286,155
27134.99600082636,0,1395,158
27155.02139145136,0,1457,163
27175.04678207636,0,1505,154
27195.07217270136,0,1640,153
27215.09756332636,0,1589,147
27235.12295395136,0,1681,130
27255.14834457636,1,1685,167
27275.17373520136,0,1726,135
27295.19912582636,0,1718,156
27315.22451645136,0,1618,183
27335.24990707636,0,1575,131
27355.27529770136,1,1665,151
27375.30068832636,0,1511,135
27395.32607895136,0,1494,140
27415.35146957636,0,1419,133
27435.37686020136,0,1435,134
27455.40225082636,0,1308,124
27475.42764145136,0,1300,105
27495.45303207636,0,1226,120
27515.47842270136,0,1253,121
27535.50381332636,0,1261,87
27555.52920395136,0,1150,123
27575.55459457636,0,1214,107
27595.57998520136,1,1147,125
27615.60537582636,0,1108,124
27635.63076645136,0,1098,116
27655.65615707636,0,1151,100
27675.68154770136,0,1135,94
27695.70693832636,0,1122,112
27715.73232895136,0,1142,101
27735.75771957636,0,1088,119
27755.78311020136,0,1115,107
27775.80850082636,0,1156,112
27795.83389145136,0,1114,95
27815.85928207636,0,1165,77
27835.88467270136,0,1116,91
27855.91006332636,0,1117,89
27875.93545395136,0,1108,83
27895.96084457636,0,1120,79
27915.98623520136,0,1076,84
27936.01162582636,0,1077,95
27956.03701645136,0,1008,95
27976.06240707636,0,1103,94
27996.08779770136,0,1025,93
28016.11318832636,0,1046,89
28036.13857895136,0,1002,83
28056.16396957636,0,984,73
28076.18936020136,0,995,67
28096.21475082636,0,977,84
28116.24014145136,0,967,72
28136.26553207636,0,973,62
28156.29092270136,0,915,88
28176.31631332636,0,934,78
28196.34170395136,0,931,77
28216.36709457636,0,945,69
28236.39248520136,0,1063,69
28256.41787582636,0,974,68
28276.44326645136,0,947,52
28296.46865707636,0,1024,85
28316.49404770136,0,1005,89
28336.51943832636,0,988,66
28356.54482895136,0,987,72
28376.57021957636,0,1057,61
28396.59561020136,0,1028,56
28416.62100082636,0,978,48
28436.64639145136,0,1058,52
28456.67178207636,0,1047,58
28476.69717270136,0,1074,66
28496.72256332636,0,1007,54
28516.74795395136,0,1051,56
28536.77334457636,0,1077,54
28556.79873520136,0,1044,58
28576.82412582636,0,1037,44
28596.84951645136,0,1058,47
28616.87490707636,0,986,45
28636.90029770136,0,1049,50
28656.92568832636,0,953,44
28676.95107895136,0,1056,52
28696.97646957636,0,981,57
28717.00186020136,0,988,55
28737.02725082636,0,995,50
28757.05264145136,0,978,52
28777.07803207636,1,1006,53
28797.10342270136,0,1032,40
28817.12881332636,0,1007,35
28837.15420395136,0,1008,34
28857.17959457636,0,963,30
28877.20498520136,0,936,49
28897.23037582636,0,949,40
28917.25576645136,0,981,39
28937.28115707636,0,969,35
28957.30654770136,0,966,39
28977.33193832636,0,949,43
28997.35732895136,0,955,45
29017.38271957636,0,984,41
29037.40811020136,0,967,34
29057.43350082636,0,958,39
29077.45889145136,0,1011,33
29097.48428207636,0,1016,30
29117.50967270136,0,1002,38
29137.53506332636,0,982,41
29157.56045395136,0,1002,31
29177.58584457636,0,948,30
29197.61123520136,0,1002,31
29217.63662582636,0,960,27
29237.66201645136,0,1070,35
29257.68740707636,0,912,28
29277.71279770136,0,1016,30
29297.73818832636,0,956,35
29317.76357895136,1,934,33
29337.78896957636,0,932,26
29357.81436020136,0,945,36
29377.83975082636,0,956,28
29397.86514145136,0,964,23
29417.89053207636,0,990,23
29437.91592270136,0,920,19
29457.94131332636,0,960,30
29477.96670395136,0,946,23
29497.99209457636,0,968,18
29518.01748520136,0,947,32
29538.04287582636,0,976,21
29558.06826645136,0,939,18
29578.09365707636,0,990,26
29598.11904770136,1,962,23
29618.14443832636,0,967,27
29638.16982895136,0,957,23
29658.19521957636,0,1005,20
29678.22061020136,0,937,20
29698.24600082636,0,979,24
29718.27139145136,0,968,20
29738.29678207636,0,1019,18
29758.32217270136,0,1025,19
29778.34756332636,0,1004,21
29798.37295395136,0,962,21
29818.39834457636,0,979,13
29838.42373520136,0,1030,17
29858.44912582636,0,989,21
29878.47451645136,0,951,24
29898.49990707636,0,982,22
29918.52529770136,0,985,20
29938.55068832636,1,933,19
29958.57607895136,0,1000,14
29978.60146957636,0,998,18
29998.62686020136,0,964,21
30018.65225082636,0,1001,20
30038.67764145136,0,998,19
30058.70303207636,0,980,12
30078.72842270136,0,1015,12
30098.75381332636,0,958,15
30118.77920395136,0,958,18
30138.80459457636,0,1012,18
30158.82998520136,0,943,16
30178.85537582636,0,1006,18
30198.88076645136,0,1016,13
30218.90615707636,0,1028,19
30238.93154770136,0,971,13
30258.95693832636,0,976,14
30278.98232895136,0,999,20
30299.00771957636,0,992,18
30319.03311020136,0,990,25
30339.05850082636,0,987,16
30359.08389145136,0,958,19
30379.10928207636,0,1009,15
30399.13467270136,0,962,16
30419.16006332636,0,976,20
30439.18545395136,0,1005,15
30459.21084457636,0,1021,13
30479.23623520136,0,993,20
30499.26162582636,0,953,13
30519.28701645136,0,1053,16
30539.31240707636,0,980,14
30559.33779770136,0,1024,9
30579.36318832636,0,1023,19
30599.38857895136,0,1006,20
30619.41396957636,0,1089,16
30639.43936020136,0,980,17
30659.46475082636,0,990,17
30679.49014145136,0,1003,24
30699.51553207636,0,1012,11
30719.54092270136,0,992,15
30739.56631332636,0,1000,12
30759.59170395136,0,948,8
30779.61709457636,0,938,19
30799.64248520136,0,980,17
30819.66787582636,0,972,22
30839.69326645136,0,996,20
30859.71865707636,0,1018,22
30879.74404770136,0,1029,19
30899.76943832636,0,972,15
30919.79482895136,0,972,9
30939.82021957636,0,1009,17
30959.84561020136,0,1005,15
30979.87100082636,0,1037,18
30999.89639145136,0,960,18
31019.92178207636,0,1040,31
31039.94717270136,0,1030,26
31059.97256332636,0,982,12
31079.99795395136,0,989,14
31100.02334457636,0,937,15
31120.04873520136,0,998,7
31140.07412582636,0,944,17
31160.09951645136,0,989,12
31180.12490707636,0,990,15
31200.15029770136,0,995,22
31220.17568832636,0,989,15
31240.20107895136,0,958,10
31260.22646957636,0,957,16
31280.25186020136,0,949,14
31300.27725082636,0,977,13
31320.30264145136,0,938,18
31340.32803207636,0,978,14
31360.35342270136,0,957,15
31380.37881332636,0,1026,11
31400.40420395136,0,883,20
31420.42959457636,0,977,10
31440.45498520136,0,960,12
31460.48037582636,0,940,6
31480.50576645136,0,971,9
31500.53115707636,0,1006,10
31520.55654770136,0,1002,15
31540.58193832636,0,1036,12
31560.60732895136,0,1030,26
31580.63271957636,0,993,19
31600.65811020136,0,1049,13
31620.68350082636,0,1017,17
31640.70889145136,0,1050,12
31660.73428207636,0,1080,13
31680.75967270136,0,1133,13
31700.78506332636,0,1090,12
31720.81045395136,0,1146,15
31740.83584457636,0,1255,8
31760.86123520136,0,1103,9
31780.88662582636,0,1261,13
31800.91201645136,0,1095,14
31820.93740707636,0,1180,14
31840.96279770136,0,1161,16
31860.98818832636,0,1203,12
31881.01357895136,1,1165,14
31901.03896957636,0,1146,9
31921.06436020136,1,1211,11
31941.08975082636,0,1087,11
31961.11514145136,0,1107,8
31981.14053207636,0,1097,15
32001.16592270136,0,1128,21
32021.19131332636,0,1129,10
32041.21670395136,0,1134,11
32061.24209457636,0,1137,20
32081.26748520136,0,1230,11
32101.29287582636,0,1184,16
32121.31826645136,0,1284,9
32141.34365707636,0,1206,13
32161.36904770136,0,1357,10
32181.39443832636,0,1291,8
32201.41982895136,0,1352,15
32221.44521957636,0,1279,11
32241.47061020136,0,1197,10
32261.49600082636,0,1276,9
32281.52139145136,0,1180,12
32301.54678207636,0,1190,11
32321.57217270136,0,1156,11
32341.59756332636,0,1118,9
32361.62295395136,0,1027,8
32381.64834457636,0,1075,10
32401.67373520136,0,1127,12
32421.69912582636,0,1014,7
32441.72451645136,0,1006,12
32461.74990707636,0,1045,12
32481.77529770136,0,963,9
32501.80068832636,0,925,13
32521.82607895136,1,1039,13
32541.85146957636,0,976,9
32561.87686020136,0,937,8
32581.90225082636,0,999,6
32601.92764145136,0,968,9
32621.95303207636,0,993,11
32641.97842270136,0,980,2
32662.00381332636,0,975,16
32682.02920395136,0,962,6
32702.05459457636,0,1006,12
32722.07998520136,0,952,12
32742.10537582636,0,969,4
32762.13076645136,0,950,14
32782.15615707636,0,992,5
32802.18154770136,0,961,8
32822.20693832636,0,955,6
32842.23232895136,0,1009,11
32862.25771957636,0,970,12
32882.28311020136,0,945,5
32902.30850082636,0,937,8
32922.33389145136,0,978,9
32942.35928207636,0,943,9
32962.38467270136,0,916,13
32982.41006332636,0,964,12
33002.43545395136,0,953,10
33022.46084457636,0,924,5
33042.48623520136,0,982,8
33062.51162582636,0,939,7
33082.53701645136,0,904,7
33102.56240707636,0,985,8
33122.58779770136,0,964,11
33142.61318832636,0,954,6
33162.63857895136,0,960,9
33182.66396957636,0,937,8
33202.68936020136,0,965,7
33222.71475082636,0,969,6
33242.74014145136,0,993,8
33262.76553207636,0,975,6
33282.79092270136,0,915,10
33302.81631332636,0,910,12
33322.84170395136,0,1014,5
33342.86709457636,1,981,5
33362.89248520136,0,911,8
33382.91787582636,0,978,7
33402.94326645136,0,917,6
33422.96865707636,0,931,3
33442.99404770136,0,949,5
33463.01943832636,0,935,4
33483.04482895136,0,948,7
33503.07021957636,0,978,4
33523.09561020136,0,904,8
33543.12100082636,0,889,7
33563.14639145136,0,967,5
33583.17178207636,0,949,5
33603.19717270136,0,966,3
33623.22256332636,0,914,4
33643.24795395136,0,953,7
33663.27334457636,0,973,4
33683.29873520136,0,947,6
33703.32412582636,0,941,1
33723.34951645136,0,929,5
33743.37490707636,0,981,6
33763.40029770136,0,911,7
33783.42568832636,0,934,8
33803.45107895136,0,935,3
33823.47646957636,0,925,7
33843.50186020136,0,956,5
33863.52725082636,0,937,5
33883.55264145136,0,894,3
33903.57803207636,0,879,4
33923.60342270136,0,912,5
33943.62881332636,0,855,6
33963.65420395136,0,945,3
33983.67959457636,0,972,4
34003.70498520136,0,880,2
34023.73037582636,0,953,3
34043.75576645136,0,880,3
34063.78115707636,0,929,5
34083.80654770136,0,876,3
34103.83193832636,0,944,8
34123.85732895136,0,946,2
34143.88271957636,0,922,4
34163.90811020136,0,936,4
34183.93350082636,0,917,7
34203.95889145136,0,987,7
34223.98428207636,0,934,3
34244.00967270136,0,904,4
34264.03506332636,1,930,6
34284.06045395136,0,953,1
34304.08584457636,0,912,4
34324.11123520136,0,897,0
34344.13662582636,0,927,3
34364.16201645136,0,937,2
34384.18740707636,0,882,5
34404.21279770136,0,880,2
34424.23818832636,0,912,2
34444.26357895136,0,876,1
34464.28896957636,0,894,2
34484.31436020136,0,885,5
34504.33975082636,0,899,5
34524.36514145136,0,963,3
34544.39053207636,0,894,3
34564.41592270136,0,929,3
34584.44131332636,0,908,4
34604.46670395136,0,989,3
34624.49209457636,0,919,3
34644.51748520136,0,924,2
34664.54287582636,0,945,3
34684.56826645136,0,957,1
34704.59365707636,0,919,5
34724.61904770136,0,922,3
34744.64443832636,0,944,4
34764.66982895136,0,933,4
34784.69521957636,0,910,2
34804.72061020136,0,893,2
34824.74600082636,0,930,2
34844.77139145136,0,893,1
34864.79678207636,0,848,3
34884.82217270136,0,947,3
34904.84756332636,0,877,5
34924.87295395136,0,910,3
34944.89834457636,0,939,2
34964.92373520136,0,900,3
34984.94912582636,0,845,5
35004.97451645136,0,902,0
35024.99990707636,0,872,5
35045.02529770136,0,832,2
35065.05068832636,0,827,6
35085.07607895136,0,920,3
35105.10146957636,0,923,4
35125.12686020136,0,882,5
35145.15225082636,0,874,3
35165.17764145136,0,882,5
35185.20303207636,0,883,2
35205.22842270136,0,856,3
35225.25381332636,0,867,1
35245.27920395136,0,896,4
35265.30459457636,0,878,4
35285.32998520136,0,883,7
35305.35537582636,0,840,2
35325.38076645136,0,915,4
35345.40615707636,0,884,4
35365.43154770136,0,898,3
35385.45693832636,0,885,3
35405.48232895136,0,853,0
35425.50771957636,0,883,1
35445.53311020136,0,902,7
35465.55850082636,0,867,3
35485.58389145136,0,866,2
35505.60928207636,0,875,1
35525.63467270136,0,827,0
35545.66006332636,0,908,3
35565.68545395136,0,865,3
35585.71084457636,0,863,3
35605.73623520136,0,858,3
35625.76162582636,0,798,2
35645.78701645136,0,840,0
35665.81240707636,0,792,3
35685.83779770136,0,879,2
35705.86318832636,0,876,1
35725.88857895136,0,853,4
35745.91396957636,0,885,2
35765.93936020136,0,876,2
35785.96475082636,0,835,1
35805.99014145136,0,849,7
35826.01553207636,0,828,3
35846.04092270136,0,843,1
35866.06631332636,0,811,4
35886.09170395136,0,857,2
35906.11709457636,0,837,5
35926.14248520136,0,753,4
35946.16787582636,0,845,2
35966.19326645136,0,806,4
35986.21865707636,0,861,2
36006.24404770136,0,830,0
36026.26943832636,0,826,1
36046.29482895136,0,827,5
36066.32021957636,0,830,2
36086.34561020136,0,837,1
36106.37100082636,0,829,3
36126.39639145136,0,851,2
36146.42178207636,0,830,3
36166.44717270136,0,802,2
36186.47256332636,0,855,0
36206.49795395136,0,910,2
36226.52334457636,0,901,1
36246.54873520136,0,818,0
36266.57412582636,0,868,0
36286.59951645136,0,898,2
36306.62490707636,0,953,0
36326.65029770136,0,887,0
36346.67568832636,0,917,1
36366.70107895136,0,930,5
36386.72646957636,0,854,2
36406.75186020136,0,878,2
36426.77725082636,0,876,1
36446.80264145136,0,849,2
36466.82803207636,0,844,4
36486.85342270136,0,860,4
36506.87881332636,0,917,3
36526.90420395136,0,841,0
36546.92959457636,0,836,2
36566.95498520136,0,824,1
36586.98037582636,0,802,2
36607.00576645136,0,816,2
36627.03115707636,0,812,0
36647.05654770136,0,806,1
36667.08193832636,0,831,3
36687.10732895136,0,783,1
36707.13271957636,0,779,1
36727.15811020136,0,795,5
36747.18350082636,0,809,3
36767.20889145136,0,818,2
36787.23428207636,0,785,3
36807.25967270136,0,834,3
36827.28506332636,0,744,2
36847.31045395136,0,795,2
36867.33584457636,0,765,1
36887.36123520136,0,785,2
36907.38662582636,0,744,0
36927.41201645136,0,783,4
36947.43740707636,0,779,3
36967.46279770136,0,818,2
36987.48818832636,0,770,0
37007.51357895136,0,765,5
37027.53896957636,0,812,3
37047.56436020136,0,765,4
37067.58975082636,0,812,3
37087.61514145136,0,778,1
37107.64053207636,0,821,1
37127.66592270136,0,768,1
37147.69131332636,0,775,4
37167.71670395136,0,746,1
37187.74209457636,0,762,4
37207.76748520136,0,754,3
37227.79287582636,0,766,4
37247.81826645136,0,735,3
37267.84365707636,0,745,3
37287.86904770136,0,768,3
37307.89443832636,0,760,3
37327.91982895136,0,787,4
37347.94521957636,0,780,1
37367.97061020136,0,850,2
37387.99600082636,0,818,2
37408.02139145136,0,730,2
37428.04678207636,0,787,1
37448.07217270136,0,782,1
37468.09756332636,0,706,1
37488.12295395136,0,691,2
37508.14834457636,0,778,1
37528.17373520136,0,730,1
37548.19912582636,0,740,0
37568.22451645136,0,740,5
37588.24990707636,0,741,3
37608.27529770136,0,699,3
37628.30068832636,0,713,2
37648.32607895136,0,750,1
37668.35146957636,0,759,1
37688.37686020136,0,672,3
37708.40225082636,0,774,2
37728.42764145136,0,775,3
37748.45303207636,0,738,3
37768.47842270136,0,670,2
37788.50381332636,1,680,4
37808.52920395136,0,665,3
37828.55459457636,0,740,2
37848.57998520136,0,701,4
37868.60537582636,0,719,1
37888.63076645136,0,719,4
37908.65615707636,0,699,1
37928.68154770136,0,697,0
37948.70693832636,0,719,2
37968.73232895136,0,715,3
37988.75771957636,0,738,4
38008.78311020136,0,740,2
38028.80850082636,0,683,1
38048.83389145136,0,668,4
38068.85928207636,0,691,2
38088.88467270136,0,734,2
38108.91006332636,0,692,2
38128.93545395136,0,710,5
38148.96084457636,0,703,4
38168.98623520136,0,671,1
38189.01162582636,0,731,2
38209.03701645136,0,705,1
38229.06240707636,0,694,2
38249.08779770136,0,694,1
38269.11318832636,0,657,2
38289.13857895136,0,665,3
38309.16396957636,0,668,2
38329.18936020136,0,694,3
38349.21475082636,0,699,2
38369.24014145136,0,729,4
38389.26553207636,0,697,2
38409.29092270136,0,682,3
38429.31631332636,0,720,2
38449.34170395136,0,643,1
38469.36709457636,0,700,0
38489.39248520136,0,672,5
38509.41787582636,0,665,2
38529.44326645136,0,711,5
38549.46865707636,0,668,3
38569.49404770136,0,654,2
38589.51943832636,0,680,0
38609.54482895136,0,678,2
38629.57021957636,0,661,2
38649.59561020136,0,660,1
38669.62100082636,0,658,1
38689.64639145136,0,647,2
38709.67178207636,0,635,3
38729.69717270136,0,642,1
38749.72256332636,0,639,3
38769.74795395136,0,648,2
38789.77334457636,0,617,4
38809.79873520136,0,669,0
38829.82412582636,0,643,1
38849.84951645136,0,614,1
38869.87490707636,0,619,2
38889.90029770136,0,635,2
38909.92568832636,0,635,1
38929.95107895136,0,615,0
38949.97646957636,0,658,2
38970.00186020136,0,630,4
38990.02725082636,0,590,2
39010.05264145136,0,626,2
39030.07803207636,0,618,1
39050.10342270136,0,630,2
39070.12881332636,0,605,6
39090.15420395136,0,620,0
39110.17959457636,0,627,1
39130.20498520136,0,646,2
39150.23037582636,0,628,1
39170.25576645136,0,593,0
39190.28115707636,0,612,2
39210.30654770136,0,601,1
39230.33193832636,0,592,1
39250.35732895136,0,624,3
39270.38271957636,0,610,5
39290.40811020136,0,598,3
39310.43350082636,0,590,4
39330.45889145136,0,571,2
39350.48428207636,0,636,3
39370.50967270136,0,621,3
39390.53506332636,0,616,1
39410.56045395136,0,593,0
39430.58584457636,0,579,2
39450.61123520136,0,595,3
39470.63662582636,0,591,3
39490.66201645136,0,565,1
39510.68740707636,0,593,2
39530.71279770136,0,587,1
39550.73818832636,0,569,3
39570.76357895136,0,546,1
39590.78896957636,0,579,0
39610.81436020136,0,528,1
39630.83975082636,0,562,1
39650.86514145136,0,563,1
39670.89053207636,0,537,2
39690.91592270136,0,566,1
39710.94131332636,0,538,6
39730.96670395136,0,583,1
39750.99209457636,0,562,3
39771.01748520136,0,549,3
39791.04287582636,0,552,1
39811.06826645136,0,566,4
39831.09365707636,0,533,2
39851.11904770136,0,517,1
39871.14443832636,0,574,1
39891.16982895136,0,560,2
39911.19521957636,0,565,1
39931.22061020136,0,514,4
39951.24600082636,0,511,0
39971.27139145136,0,537,2
39991.29678207636,0,526,2
40011.32217270136,0,551,2
40031.34756332636,0,550,2
40051.37295395136,0,511,3
40071.39834457636,0,530,0
40091.42373520136,0,486,5
40111.44912582636,0,525,0
40131.47451645136,0,518,2
40151.49990707636,0,485,3
40171.52529770136,0,504,0
40191.55068832636,0,529,4
40211.57607895136,0,507,3
40231.60146957636,0,520,1
40251.62686020136,0,499,1
40271.65225082636,0,498,1
40291.67764145136,0,493,2
40311.70303207636,0,517,0
40331.72842270136,0,514,1
40351.75381332636,0,501,1
40371.77920395136,0,505,1
40391.80459457636,0,482,0
40411.82998520136,0,472,4
40431.85537582636,0,515,3
40451.88076645136,0,465,2
40471.90615707636,0,466,2
40491.93154770136,0,472,2
40511.95693832636,0,495,1
40531.98232895136,0,484,1
40552.00771957636,0,482,1
40572.03311020136,0,444,0
40592.05850082636,0,444,1
40612.08389145136,0,464,1
40632.10928207636,0,472,0
40652.13467270136,0,428,1
40672.16006332636,0,464,1
40692.18545395136,0,429,4
40712.21084457636,0,432,1
40732.23623520136,0,447,3
40752.26162582636,0,496,0
40772.28701645136,0,422,2
40792.31240707636,0,441,2
40812.33779770136,0,431,0
40832.36318832636,0,465,3
40852.38857895136,0,451,1
40872.41396957636,0,419,4
40892.43936020136,0,450,0
40912.46475082636,0,426,1
40932.49014145136,0,427,2
40952.51553207636,0,405,1
40972.54092270136,0,411,1
40992.56631332636,0,415,1
