Instrument,900G7741
Date,2023/05/03
Time,15:06:10
Assay #,0001
Application,Alloys 2
Method,Auto
Assay Duration (set),5s
Assay Duration (total actual),24.69s
Temperature (Detector),-27.0 C
Temperature (Ambient),34.33 C
Phase Count,2
Phases,"Phase 1(5s): 40.0kV, 7.75uA (Ti:25um/Al:300um)","Phase 2(0s): 15.0kV, 15.55uA (No Filter)",
 
 
RESULTS:
Z,Compound,Concentration(%),Error(1SD)
3,Li,0.0,100.0
4,Be,0.0,100.0
6,C,0.0,100.0
12,Mg,0.0,100.0
13,Al,0.0,0.1081
14,Si,0.4102,0.0343
15,P,0.0171,0.0072
16,S,0.0,0.0144
22,Ti,0.0,0.0037
23,V,0.0448,0.0128
24,Cr,22.9547,0.0938
25,Mn,1.2864,0.049
26,Fe,66.2767,0.2277
27,Co,0.0904,0.0415
28,Ni,5.5143,0.0673
29,Cu,0.0766,0.0102
30,Zn,0.0,100.0
33,As,0.0,100.0
34,Se,0.0,100.0
37,Rb,0.0,100.0
38,Sr,0.0,100.0
39,Y,0.0,100.0
40,Zr,0.0,0.0028
41,Nb,0.0,0.0032
42,Mo,3.3002,0.0227
44,Ru,0.0,100.0
45,Rh,0.0,100.0
46,Pd,0.0,100.0
47,Ag,0.0,100.0
48,Cd,0.0,100.0
49,In,0.0,100.0
50,Sn,0.0,0.0218
51,Sb,0.0,100.0
52,Te,0.0,100.0
72,Hf,0.0,100.0
73,Ta,0.0,0.008
74,W,0.0215,0.0088
75,Re,0.0,100.0
76,Os,0.0,100.0
77,Ir,0.0,100.0
78,Pt,0.0,100.0
79,Au,0.0,100.0
82,Pb,0.0073,0.0126
83,Bi,0.0,100.0
92,U,0.0,100.0
 
 
SPECTRA:
eV Channel Start,-0.3794216513633728,0.4890158772468567,
eV per Channel,20.019672393798828,20.019672393798828,
 
Energy (eV),Counts (Phase 1),Counts (Phase 2),Counts (Phase 3)
-0.3794216513633728,0,0,
19.640250742435455,0,0,
39.65992313623428,0,0,
59.67959553003311,0,0,
79.69926792383194,0,0,
99.71894031763077,0,0,
119.7386127114296,0,0,
139.75828510522842,0,0,
159.77795749902725,0,0,
179.79762989282608,0,0,
199.8173022866249,0,0,
219.83697468042374,0,0,
239.85664707422256,0,0,
259.8763194680214,0,0,
279.8959918618202,0,1,
299.91566425561905,4,15,
319.9353366494179,33,87,
339.9550090432167,147,390,
359.97468143701553,474,1119,
379.99435383081436,824,1997,
400.0140262246132,863,1942,
420.033698618412,488,1083,
440.05337101221085,149,361,
460.0730434060097,30,76,
480.0927157998085,4,11,
500.11238819360733,0,2,
520.1320605874062,0,0,
540.151732981205,0,0,
560.1714053750038,1,0,
580.1910777688026,0,0,
600.2107501626015,0,1,
620.2304225564003,0,0,
640.2500949501991,0,0,
660.269767343998,0,0,
680.2894397377968,7,22,
700.3091121315956,14,12,
720.3287845253944,15,13,
740.3484569191933,9,10,
760.3681293129921,13,14,
780.3878017067909,9,12,
800.4074741005898,4,14,
820.4271464943886,8,14,
840.4468188881874,3,14,
860.4664912819862,4,18,
880.4861636757851,7,12,
900.5058360695839,14,24,
920.5255084633827,15,21,
940.5451808571815,4,20,
960.5648532509804,11,21,
980.5845256447792,9,13,
1000.604198038578,6,10,
1020.6238704323769,6,18,
1040.6435428261757,9,18,
1060.6632152199745,7,15,
1080.6828876137733,6,15,
1100.7025600075722,13,29,
1120.722232401371,3,15,
1140.7419047951698,8,19,
1160.7615771889687,9,10,
1180.7812495827675,7,19,
1200.8009219765663,11,24,
1220.8205943703651,9,24,
1240.840266764164,3,19,
1260.8599391579628,7,10,
1280.8796115517616,6,19,
1300.8992839455605,8,15,
1320.9189563393593,5,23,
1340.938628733158,8,18,
1360.958301126957,5,17,
1380.9779735207558,6,16,
1400.9976459145546,5,30,
1421.0173183083534,8,42,
1441.0369907021523,20,67,
1461.056663095951,19,131,
1481.07633548975,14,111,
1501.0960078835487,16,89,
1521.1156802773476,7,87,
1541.1353526711464,7,28,
1561.1550250649452,2,31,
1581.174697458744,7,30,
1601.1943698525429,4,10,
1621.2140422463417,5,18,
1641.2337146401405,6,18,
1661.2533870339394,3,37,
1681.2730594277382,6,50,
1701.292731821537,4,104,
1721.3124042153358,6,116,
1741.3320766091347,4,116,
1761.3517490029335,4,100,
1781.3714213967323,6,66,
1801.3910937905312,3,50,
1821.41076618433,3,41,
1841.4304385781288,4,45,
1861.4501109719276,4,27,
1881.4697833657265,2,32,
1901.4894557595253,2,30,
1921.5091281533241,5,34,
1941.528800547123,8,38,
1961.5484729409218,5,54,
1981.5681453347206,5,66,
2001.5878177285194,1,70,
2021.6074901223183,4,71,
2041.627162516117,8,62,
2061.646834909916,14,63,
2081.6665073037148,3,53,
2101.6861796975136,9,48,
2121.7058520913124,6,54,
2141.7255244851112,6,58,
2161.74519687891,8,78,
2181.764869272709,5,90,
2201.7845416665077,8,201,
2221.8042140603065,5,377,
2241.8238864541054,16,646,
2261.843558847904,21,900,
2281.863231241703,22,1117,
2301.882903635502,15,1141,
2321.9025760293007,20,1041,
2341.9222484230995,18,834,
2361.9419208168983,16,745,
2381.961593210697,19,742,
2401.981265604496,16,662,
2422.000937998295,16,509,
2442.0206103920937,11,364,
2462.0402827858925,13,286,
2482.0599551796913,6,198,
2502.07962757349,5,183,
2522.099299967289,8,140,
2542.118972361088,6,152,
2562.1386447548866,2,160,
2582.1583171486855,10,205,
2602.1779895424843,6,295,
2622.197661936283,7,374,
2642.217334330082,6,472,
2662.2370067238808,7,565,
2682.2566791176796,4,673,
2702.2763515114784,2,682,
2722.2960239052773,4,565,
2742.315696299076,6,416,
2762.335368692875,5,339,
2782.3550410866737,4,327,
2802.3747134804726,7,319,
2822.3943858742714,7,393,
2842.41405826807,10,383,
2862.433730661869,7,383,
2882.453403055668,9,416,
2902.4730754494667,8,482,
2922.4927478432655,9,546,
2942.5124202370644,10,678,
2962.532092630863,6,717,
2982.551765024662,4,550,
3002.571437418461,9,409,
3022.5911098122597,8,260,
3042.6107822060585,2,150,
3062.6304545998573,6,120,
3082.650126993656,5,88,
3102.669799387455,4,90,
3122.689471781254,5,102,
3142.7091441750526,4,105,
3162.7288165688515,2,123,
3182.7484889626503,5,137,
3202.768161356449,6,119,
3222.787833750248,3,128,
3242.807506144047,8,129,
3262.8271785378456,7,130,
3282.8468509316444,9,160,
3302.8665233254433,5,200,
3322.886195719242,1,212,
3342.905868113041,9,263,
3362.9255405068398,5,251,
3382.9452129006386,4,269,
3402.9648852944374,6,253,
3422.9845576882362,4,259,
3443.004230082035,8,280,
3463.023902475834,6,278,
3483.0435748696327,4,257,
3503.0632472634315,3,259,
3523.0829196572304,11,277,
3543.102592051029,6,364,
3563.122264444828,11,335,
3583.141936838627,12,381,
3603.1616092324257,23,474,
3623.1812816262245,19,544,
3643.2009540200233,32,634,
3663.220626413822,28,637,
3683.240298807621,38,702,
3703.25997120142,34,589,
3723.2796435952187,19,524,
3743.2993159890175,17,404,
3763.3189883828163,8,359,
3783.338660776615,9,343,
3803.358333170414,4,325,
3823.378005564213,9,338,
3843.3976779580116,4,289,
3863.4173503518105,4,304,
3883.4370227456093,5,286,
3903.456695139408,4,258,
3923.476367533207,7,260,
3943.4960399270058,4,227,
3963.5157123208046,6,236,
3983.5353847146034,6,232,
4003.5550571084023,8,223,
4023.574729502201,3,217,
4043.594401896,14,219,
4063.6140742897987,10,222,
4083.6337466835976,3,199,
4103.653419077396,7,194,
4123.673091471195,12,206,
4143.692763864994,5,211,
4163.712436258793,12,223,
4183.732108652592,5,211,
4203.7517810463905,8,187,
4223.771453440189,10,192,
4243.791125833988,9,177,
4263.810798227787,6,152,
4283.830470621586,5,148,
4303.850143015385,8,152,
4323.8698154091835,2,140,
4343.889487802982,3,133,
4363.909160196781,7,133,
4383.92883259058,7,125,
4403.948504984379,6,132,
4423.968177378178,5,135,
4443.9878497719765,5,116,
4464.007522165775,10,149,
4484.027194559574,9,133,
4504.046866953373,7,142,
4524.066539347172,9,156,
4544.086211740971,13,154,
4564.105884134769,11,218,
4584.125556528568,25,268,
4604.145228922367,31,365,
4624.164901316166,47,433,
4644.184573709965,40,457,
4664.204246103764,43,462,
4684.223918497562,33,400,
4704.243590891361,30,326,
4724.26326328516,30,266,
4744.282935678959,15,227,
4764.302608072758,13,175,
4784.322280466557,9,169,
4804.341952860355,8,159,
4824.361625254154,9,114,
4844.381297647953,7,141,
4864.400970041752,12,160,
4884.420642435551,8,214,
4904.4403148293495,9,221,
4924.459987223148,17,225,
4944.479659616947,11,254,
4964.499332010746,24,250,
4984.519004404545,17,268,
5004.538676798344,17,250,
5024.5583491921425,12,215,
5044.578021585941,10,210,
5064.59769397974,10,199,
5084.617366373539,9,213,
5104.637038767338,15,224,
5124.656711161137,15,247,
5144.6763835549355,20,276,
5164.696055948734,20,329,
5184.715728342533,26,333,
5204.735400736332,33,474,
5224.755073130131,49,710,
5244.77474552393,82,1109,
5264.794417917728,203,2157,
5284.814090311527,437,4594,
5304.833762705326,864,9225,
5324.853435099125,1558,16589,
5344.873107492924,2567,27144,
5364.892779886723,3740,39638,
5384.912452280521,4853,51105,
5404.93212467432,5294,57181,
5424.951797068119,5284,56629,
5444.971469461918,4630,49450,
5464.991141855717,3598,37960,
5485.0108142495155,2284,25398,
5505.030486643314,1450,15187,
5525.050159037113,719,8174,
5545.069831430912,343,4015,
5565.089503824711,157,1713,
5585.10917621851,71,840,
5605.1288486123085,38,517,
5625.148521006107,20,392,
5645.168193399906,28,357,
5665.187865793705,25,331,
5685.207538187504,32,363,
5705.227210581303,28,379,
5725.2468829751015,31,432,
5745.2665553689,43,512,
5765.286227762699,75,665,
5785.305900156498,92,1064,
5805.325572550297,148,1616,
5825.345244944096,268,2501,
5845.364917337894,425,3908,
5865.384589731693,622,5624,
5885.404262125492,841,7353,
5905.423934519291,950,9105,
5925.44360691309,1076,9728,
5945.463279306889,1022,9715,
5965.482951700687,938,8917,
5985.502624094486,746,7297,
6005.522296488285,573,5523,
6025.541968882084,334,3627,
6045.561641275883,215,2194,
6065.581313669682,118,1202,
6085.60098606348,69,711,
6105.620658457279,46,518,
6125.640330851078,26,407,
6145.660003244877,24,416,
6165.679675638676,38,440,
6185.6993480324745,60,586,
6205.719020426273,93,931,
6225.738692820072,197,1689,
6245.758365213871,440,3325,
6265.77803760767,913,7025,
6285.797710001469,1641,13653,
6305.8173823952675,3228,24247,
6325.837054789066,5158,38946,
6345.856727182865,7491,56478,
6365.876399576664,9604,72411,
6385.896071970463,10958,83819,
6405.915744364262,11395,85945,
6425.9354167580605,10468,79766,
6445.955089151859,8482,65330,
6465.974761545658,6367,48219,
6485.994433939457,4098,31881,
6506.014106333256,2392,18834,
6526.033778727055,1316,10155,
6546.053451120853,576,4990,
6566.073123514652,259,2331,
6586.092795908451,134,1148,
6606.11246830225,63,623,
6626.132140696049,34,409,
6646.151813089848,31,338,
6666.171485483646,28,304,
6686.191157877445,25,244,
6706.210830271244,27,263,
6726.230502665043,19,275,
6746.250175058842,34,305,
6766.2698474526405,24,331,
6786.289519846439,30,342,
6806.309192240238,32,390,
6826.328864634037,46,410,
6846.348537027836,55,492,
6866.368209421635,62,577,
6886.3878818154335,84,819,
6906.407554209232,176,1165,
6926.427226603031,244,1853,
6946.44689899683,420,3021,
6966.466571390629,622,4612,
6986.486243784428,919,6663,
7006.5059161782265,1249,8868,
7026.525588572025,1591,10692,
7046.545260965824,1667,12106,
7066.564933359623,1724,12037,
7086.584605753422,1503,10773,
7106.604278147221,1294,8849,
7126.623950541019,938,6652,
7146.643622934818,576,4485,
7166.663295328617,374,2655,
7186.682967722416,188,1465,
7206.702640116215,110,788,
7226.722312510014,45,384,
7246.741984903812,28,202,
7266.761657297611,17,140,
7286.78132969141,16,123,
7306.801002085209,28,199,
7326.820674479008,57,339,
7346.840346872807,99,568,
7366.860019266605,180,949,
7386.879691660404,268,1521,
7406.899364054203,406,2234,
7426.919036448002,538,2926,
7446.938708841801,640,3536,
7466.9583812355995,719,3756,
7486.978053629398,693,3876,
7506.997726023197,649,3344,
7527.017398416996,489,2806,
7547.037070810795,389,2087,
7567.056743204594,256,1370,
7587.0764155983925,148,880,
7607.096087992191,69,453,
7627.11576038599,48,269,
7647.135432779789,18,160,
7667.155105173588,10,106,
7687.174777567387,8,95,
7707.1944499611855,1,60,
7727.214122354984,3,70,
7747.233794748783,1,64,
7767.253467142582,3,58,
7787.273139536381,1,60,
7807.29281193018,5,56,
7827.312484323978,3,43,
7847.332156717777,0,52,
7867.351829111576,0,62,
7887.371501505375,1,46,
7907.391173899174,3,59,
7927.410846292973,5,54,
7947.430518686771,7,59,
7967.45019108057,13,82,
7987.469863474369,14,82,
8007.489535868168,13,94,
8027.509208261967,11,115,
8047.5288806557655,13,115,
8067.548553049564,21,116,
8087.568225443363,18,97,
8107.587897837162,26,156,
8127.607570230961,29,152,
8147.62724262476,32,186,
8167.6469150185585,49,254,
8187.666587412357,48,334,
8207.686259806156,93,429,
8227.705932199955,97,521,
8247.725604593754,100,644,
8267.745276987553,111,631,
8287.764949381351,103,571,
8307.78462177515,87,561,
8327.80429416895,74,409,
8347.823966562748,58,349,
8367.843638956547,33,229,
8387.863311350346,37,163,
8407.882983744144,16,117,
8427.902656137943,6,82,
8447.922328531742,4,62,
8467.942000925541,2,59,
8487.96167331934,3,44,
8507.981345713139,1,42,
8528.001018106937,2,53,
8548.020690500736,3,49,
8568.040362894535,0,47,
8588.060035288334,2,60,
8608.079707682133,3,49,
8628.099380075932,0,64,
8648.11905246973,1,52,
8668.13872486353,0,55,
8688.158397257328,1,65,
8708.178069651127,2,68,
8728.197742044926,0,73,
8748.217414438725,1,71,
8768.237086832523,1,62,
8788.256759226322,3,65,
8808.276431620121,2,57,
8828.29610401392,1,61,
8848.315776407719,1,62,
8868.335448801517,2,61,
8888.355121195316,3,51,
8908.374793589115,2,65,
8928.394465982914,5,62,
8948.414138376713,4,75,
8968.433810770512,2,55,
8988.45348316431,0,58,
9008.47315555811,4,64,
9028.492827951908,0,77,
9048.512500345707,2,51,
9068.532172739506,1,68,
9088.551845133305,2,73,
9108.571517527103,2,44,
9128.591189920902,0,79,
9148.610862314701,2,68,
9168.6305347085,0,60,
9188.650207102299,2,65,
9208.669879496098,4,62,
9228.689551889896,1,66,
9248.709224283695,3,55,
9268.728896677494,1,55,
9288.748569071293,4,64,
9308.768241465092,2,69,
9328.78791385889,3,58,
9348.80758625269,0,74,
9368.827258646488,1,63,
9388.846931040287,2,61,
9408.866603434086,2,59,
9428.886275827885,0,59,
9448.905948221684,0,60,
9468.925620615482,1,42,
9488.945293009281,1,60,
9508.96496540308,0,44,
9528.984637796879,1,44,
9549.004310190678,3,49,
9569.023982584476,1,62,
9589.043654978275,0,40,
9609.063327372074,4,59,
9629.082999765873,2,57,
9649.102672159672,2,57,
9669.12234455347,2,52,
9689.14201694727,3,39,
9709.161689341068,2,50,
9729.181361734867,2,46,
9749.201034128666,5,41,
9769.220706522465,2,60,
9789.240378916264,3,55,
9809.260051310062,1,41,
9829.279723703861,1,62,
9849.29939609766,1,57,
9869.319068491459,3,52,
9889.338740885258,2,53,
9909.358413279057,5,45,
9929.378085672855,3,54,
9949.397758066654,0,55,
9969.417430460453,5,57,
9989.437102854252,3,50,
10009.45677524805,3,58,
10029.47644764185,2,56,
10049.496120035648,2,61,
10069.515792429447,3,56,
10089.535464823246,1,60,
10109.555137217045,5,53,
10129.574809610844,2,49,
10149.594482004642,0,55,
10169.614154398441,2,60,
10189.63382679224,0,54,
10209.653499186039,2,56,
10229.673171579838,0,54,
10249.692843973637,2,64,
10269.712516367435,2,48,
10289.732188761234,2,39,
10309.751861155033,3,34,
10329.771533548832,1,50,
10349.79120594263,1,51,
10369.81087833643,1,50,
10389.830550730228,2,47,
10409.850223124027,1,48,
10429.869895517826,5,53,
10449.889567911625,2,47,
10469.909240305424,5,68,
10489.928912699223,2,49,
10509.948585093021,8,44,
10529.96825748682,3,39,
10549.987929880619,2,46,
10570.007602274418,6,46,
10590.027274668217,2,49,
10610.046947062016,3,64,
10630.066619455814,3,51,
10650.086291849613,5,72,
10670.105964243412,2,73,
10690.12563663721,4,87,
10710.14530903101,1,116,
10730.164981424809,2,165,
10750.184653818607,7,175,
10770.204326212406,5,236,
10790.223998606205,5,291,
10810.243671000004,10,323,
10830.263343393803,12,329,
10850.283015787601,3,346,
10870.3026881814,8,312,
10890.3223605752,6,250,
10910.342032968998,2,241,
10930.361705362797,8,189,
10950.381377756596,3,132,
10970.401050150394,2,102,
10990.420722544193,5,90,
11010.440394937992,1,73,
11030.460067331791,2,60,
11050.47973972559,4,38,
11070.499412119389,1,40,
11090.519084513187,4,50,
11110.538756906986,2,39,
11130.558429300785,1,44,
11150.578101694584,4,55,
11170.597774088383,4,71,
11190.617446482182,1,43,
11210.63711887598,3,69,
11230.65679126978,6,79,
11250.676463663578,5,100,
11270.696136057377,3,95,
11290.715808451176,7,113,
11310.735480844975,2,119,
11330.755153238773,4,146,
11350.774825632572,5,131,
11370.794498026371,8,157,
11390.81417042017,6,127,
11410.833842813969,8,137,
11430.853515207767,5,124,
11450.873187601566,4,71,
11470.892859995365,2,86,
11490.912532389164,1,59,
11510.932204782963,1,75,
11530.951877176762,2,49,
11550.97154957056,5,41,
11570.99122196436,3,34,
11591.010894358158,2,46,
11611.030566751957,5,61,
11631.050239145756,2,72,
11651.069911539555,6,124,
11671.089583933353,6,165,
11691.109256327152,6,242,
11711.128928720951,10,314,
11731.14860111475,13,477,
11751.168273508549,25,610,
11771.187945902348,33,722,
11791.207618296146,25,838,
11811.227290689945,35,910,
11831.246963083744,25,956,
11851.266635477543,37,904,
11871.286307871342,24,765,
11891.30598026514,18,632,
11911.32565265894,17,521,
11931.345325052738,15,379,
11951.364997446537,16,261,
11971.384669840336,4,185,
11991.404342234135,8,126,
12011.424014627934,7,101,
12031.443687021732,4,67,
12051.463359415531,0,42,
12071.48303180933,6,48,
12091.502704203129,2,38,
12111.522376596928,3,46,
12131.542048990726,5,38,
12151.561721384525,7,49,
12171.581393778324,6,61,
12191.601066172123,8,55,
12211.620738565922,5,80,
12231.64041095972,4,86,
12251.66008335352,14,114,
12271.679755747318,4,134,
12291.699428141117,11,176,
12311.719100534916,6,173,
12331.738772928715,9,224,
12351.758445322514,12,222,
12371.778117716312,6,254,
12391.797790110111,11,258,
12411.81746250391,10,249,
12431.837134897709,15,232,
12451.856807291508,12,227,
12471.876479685307,8,202,
12491.896152079105,7,200,
12511.915824472904,8,163,
12531.935496866703,8,134,
12551.955169260502,6,117,
12571.9748416543,5,104,
12591.9945140481,4,97,
12612.014186441898,7,80,
12632.033858835697,5,101,
12652.053531229496,10,121,
12672.073203623295,13,153,
12692.092876017094,21,275,
12712.112548410892,17,326,
12732.132220804691,18,433,
12752.15189319849,26,562,
12772.171565592289,18,576,
12792.191237986088,30,698,
12812.210910379887,31,740,
12832.230582773685,37,702,
12852.250255167484,24,627,
12872.269927561283,24,604,
12892.289599955082,16,465,
12912.30927234888,18,389,
12932.32894474268,15,297,
12952.348617136478,20,235,
12972.368289530277,3,163,
12992.387961924076,9,116,
13012.407634317875,5,98,
13032.427306711674,3,77,
13052.446979105473,3,67,
13072.466651499271,5,44,
13092.48632389307,8,44,
13112.505996286869,7,31,
13132.525668680668,3,29,
13152.545341074467,8,22,
13172.565013468266,3,17,
13192.584685862064,9,25,
13212.604358255863,6,31,
13232.624030649662,5,33,
13252.64370304346,10,30,
13272.66337543726,2,38,
13292.683047831059,6,49,
13312.702720224857,10,52,
13332.722392618656,3,70,
13352.742065012455,9,99,
13372.761737406254,7,116,
13392.781409800053,7,142,
13412.801082193851,14,154,
13432.82075458765,9,196,
13452.84042698145,18,193,
13472.860099375248,19,227,
13492.879771769047,14,230,
13512.899444162846,13,166,
13532.919116556644,11,137,
13552.938788950443,7,129,
13572.958461344242,9,109,
13592.978133738041,13,67,
13612.99780613184,10,76,
13633.017478525639,11,37,
13653.037150919437,3,40,
13673.056823313236,2,31,
13693.076495707035,6,28,
13713.096168100834,6,26,
13733.115840494633,9,32,
13753.135512888432,8,29,
13773.15518528223,8,40,
13793.17485767603,9,47,
13813.194530069828,8,61,
13833.214202463627,11,69,
13853.233874857426,12,63,
13873.253547251225,3,78,
13893.273219645023,8,69,
13913.292892038822,17,62,
13933.312564432621,6,68,
13953.33223682642,9,63,
13973.351909220219,10,58,
13993.371581614017,5,48,
14013.391254007816,5,35,
14033.410926401615,6,30,
14053.430598795414,7,34,
14073.450271189213,6,29,
14093.469943583012,11,20,
14113.48961597681,3,30,
14133.50928837061,6,21,
14153.528960764408,7,25,
14173.548633158207,6,13,
14193.568305552006,7,27,
14213.587977945805,5,23,
14233.607650339603,4,18,
14253.627322733402,7,11,
14273.646995127201,8,8,
14293.666667521,7,7,
14313.686339914799,5,8,
14333.706012308598,7,10,
14353.725684702396,13,9,
14373.745357096195,8,11,
14393.765029489994,6,13,
14413.784701883793,9,11,
14433.804374277592,6,9,
14453.82404667139,8,11,
14473.84371906519,3,10,
14493.863391458988,8,14,
14513.883063852787,5,21,
14533.902736246586,7,12,
14553.922408640385,6,23,
14573.942081034184,7,23,
14593.961753427982,6,23,
14613.981425821781,8,14,
14634.00109821558,5,17,
14654.020770609379,4,17,
14674.040443003178,11,17,
14694.060115396976,9,11,
14714.079787790775,5,13,
14734.099460184574,7,14,
14754.119132578373,6,13,
14774.138804972172,4,6,
14794.15847736597,13,9,
14814.17814975977,2,5,
14834.197822153568,4,11,
14854.217494547367,7,6,
14874.237166941166,6,10,
14894.256839334965,10,4,
14914.276511728764,7,1,
14934.296184122562,7,4,
14954.315856516361,10,2,
14974.33552891016,10,2,
14994.355201303959,8,9,
15014.374873697758,16,2,
15034.394546091557,8,2,
15054.414218485355,10,4,
15074.433890879154,13,2,
15094.453563272953,9,7,
15114.473235666752,3,4,
15134.49290806055,7,1,
15154.51258045435,6,6,
15174.532252848148,15,1,
15194.551925241947,10,5,
15214.571597635746,4,3,
15234.591270029545,9,1,
15254.610942423344,14,2,
15274.630614817142,3,4,
15294.650287210941,9,4,
15314.66995960474,4,2,
15334.689631998539,4,0,
15354.709304392338,5,4,
15374.728976786137,9,2,
15394.748649179935,9,4,
15414.768321573734,9,5,
15434.787993967533,5,4,
15454.807666361332,10,1,
15474.82733875513,7,1,
15494.84701114893,7,1,
15514.866683542728,10,3,
15534.886355936527,5,3,
15554.906028330326,6,2,
15574.925700724125,7,1,
15594.945373117924,9,2,
15614.965045511723,6,3,
15634.984717905521,10,3,
15655.00439029932,8,1,
15675.024062693119,6,2,
15695.043735086918,9,3,
15715.063407480717,14,0,
15735.083079874516,9,4,
15755.102752268314,14,5,
15775.122424662113,6,1,
15795.142097055912,11,0,
15815.16176944971,7,2,
15835.18144184351,5,1,
15855.201114237309,5,1,
15875.220786631107,12,0,
15895.240459024906,5,4,
15915.260131418705,7,1,
15935.279803812504,6,1,
15955.299476206303,7,2,
15975.319148600101,16,2,
15995.3388209939,12,0,
16015.3584933877,10,2,
16035.378165781498,6,3,
16055.397838175297,10,4,
16075.417510569096,5,2,
16095.437182962894,5,2,
16115.456855356693,13,7,
16135.476527750492,3,4,
16155.496200144291,8,2,
16175.51587253809,8,1,
16195.535544931889,10,4,
16215.555217325687,6,8,
16235.574889719486,5,2,
16255.594562113285,8,0,
16275.614234507084,13,0,
16295.633906900883,12,2,
16315.653579294682,7,2,
16335.67325168848,11,4,
16355.69292408228,11,0,
16375.712596476078,8,2,
16395.732268869877,11,1,
16415.751941263676,7,3,
16435.771613657475,11,2,
16455.791286051273,7,0,
16475.810958445072,11,1,
16495.83063083887,7,4,
16515.85030323267,10,0,
16535.86997562647,12,1,
16555.889648020267,11,0,
16575.909320414066,7,4,
16595.928992807865,8,1,
16615.948665201664,11,1,
16635.968337595463,9,5,
16655.98800998926,21,2,
16676.00768238306,8,0,
16696.02735477686,14,2,
16716.047027170658,22,2,
16736.066699564457,9,1,
16756.086371958256,8,1,
16776.106044352055,14,2,
16796.125716745853,18,4,
16816.145389139652,15,1,
16836.16506153345,14,0,
16856.18473392725,9,2,
16876.20440632105,16,0,
16896.224078714848,11,2,
16916.243751108646,14,2,
16936.263423502445,10,0,
16956.283095896244,21,0,
16976.302768290043,16,0,
16996.32244068384,12,1,
17016.34211307764,8,1,
17036.36178547144,12,2,
17056.38145786524,18,1,
17076.401130259037,18,2,
17096.420802652836,21,3,
17116.440475046635,26,2,
17136.460147440434,40,3,
17156.479819834232,52,9,
17176.49949222803,76,9,
17196.51916462183,117,3,
17216.53883701563,177,3,
17236.558509409428,260,6,
17256.578181803226,331,6,
17276.597854197025,457,4,
17296.617526590824,610,7,
17316.637198984623,737,7,
17336.65687137842,909,3,
17356.67654377222,1034,4,
17376.69621616602,1214,2,
17396.71588855982,1366,2,
17416.735560953617,1430,3,
17436.755233347416,1508,4,
17456.774905741215,1561,0,
17476.794578135014,1381,1,
17496.814250528812,1279,0,
17516.83392292261,1192,1,
17536.85359531641,1022,2,
17556.87326771021,834,1,
17576.892940104008,698,0,
17596.912612497807,554,1,
17616.932284891605,405,1,
17636.951957285404,253,2,
17656.971629679203,201,2,
17676.991302073002,134,0,
17697.0109744668,71,2,
17717.0306468606,45,0,
17737.0503192544,33,4,
17757.069991648197,23,1,
17777.089664041996,25,2,
17797.109336435795,13,3,
17817.129008829594,13,5,
17837.148681223392,9,2,
17857.16835361719,16,3,
17877.18802601099,9,2,
17897.20769840479,8,1,
17917.227370798588,13,2,
17937.247043192387,9,1,
17957.266715586185,8,1,
17977.286387979984,17,1,
17997.306060373783,10,3,
18017.325732767582,5,1,
18037.34540516138,14,3,
18057.36507755518,9,1,
18077.38474994898,6,1,
18097.404422342777,9,3,
18117.424094736576,14,3,
18137.443767130375,8,1,
18157.463439524174,11,3,
18177.483111917973,10,4,
18197.50278431177,14,0,
18217.52245670557,15,5,
18237.54212909937,11,6,
18257.561801493168,11,11,
18277.581473886967,12,3,
18297.601146280766,7,4,
18317.620818674564,11,11,
18337.640491068363,14,5,
18357.660163462162,11,3,
18377.67983585596,10,5,
18397.69950824976,13,5,
18417.71918064356,10,1,
18437.738853037357,16,3,
18457.758525431156,7,2,
18477.778197824955,13,4,
18497.797870218754,7,1,
18517.817542612553,8,1,
18537.83721500635,13,1,
18557.85688740015,13,3,
18577.87655979395,19,1,
18597.896232187748,16,2,
18617.915904581547,19,0,
18637.935576975346,14,1,
18657.955249369144,13,0,
18677.974921762943,14,0,
18697.994594156742,12,1,
18718.01426655054,19,3,
18738.03393894434,12,2,
18758.05361133814,7,2,
18778.073283731937,13,2,
18798.092956125736,16,2,
18818.112628519535,16,4,
18838.132300913334,5,2,
18858.151973307133,13,8,
18878.17164570093,17,2,
18898.19131809473,22,2,
18918.21099048853,22,5,
18938.230662882328,19,2,
18958.250335276127,18,2,
18978.270007669926,17,2,
18998.289680063725,25,3,
19018.309352457523,19,1,
19038.329024851322,22,1,
19058.34869724512,23,2,
19078.36836963892,20,2,
19098.38804203272,15,4,
19118.407714426517,19,1,
19138.427386820316,18,3,
19158.447059214115,12,5,
19178.466731607914,20,1,
19198.486404001713,13,8,
19218.50607639551,25,6,
19238.52574878931,23,2,
19258.54542118311,21,5,
19278.565093576908,18,5,
19298.584765970707,23,9,
19318.604438364506,19,3,
19338.624110758305,22,4,
19358.643783152103,22,3,
19378.663455545902,28,5,
19398.6831279397,44,3,
19418.7028003335,41,4,
19438.7224727273,86,0,
19458.742145121098,96,0,
19478.761817514896,124,1,
19498.781489908695,148,1,
19518.801162302494,200,0,
19538.820834696293,216,1,
19558.84050709009,249,0,
19578.86017948389,243,0,
19598.87985187769,267,0,
19618.89952427149,217,0,
19638.919196665287,223,1,
19658.938869059086,228,1,
19678.958541452885,195,0,
19698.978213846684,166,1,
19718.997886240482,136,2,
19739.01755863428,105,2,
19759.03723102808,66,1,
19779.05690342188,52,2,
19799.076575815678,47,0,
19819.096248209476,44,1,
19839.115920603275,43,2,
19859.135592997074,43,1,
19879.155265390873,42,0,
19899.17493778467,42,1,
19919.19461017847,52,0,
19939.21428257227,53,1,
19959.23395496607,49,1,
19979.253627359867,67,0,
19999.273299753666,65,3,
20019.292972147465,58,0,
20039.312644541264,53,0,
20059.332316935062,68,2,
20079.35198932886,50,1,
20099.37166172266,55,1,
20119.39133411646,62,1,
20139.411006510258,54,0,
20159.430678904057,60,1,
20179.450351297855,63,2,
20199.470023691654,59,0,
20219.489696085453,51,0,
20239.509368479252,50,0,
20259.52904087305,39,1,
20279.54871326685,43,0,
20299.56838566065,31,0,
20319.588058054447,24,1,
20339.607730448246,17,2,
20359.627402842045,26,1,
20379.647075235844,19,0,
20399.666747629642,17,1,
20419.68642002344,8,0,
20439.70609241724,6,2,
20459.72576481104,7,0,
20479.745437204838,6,0,
20499.765109598637,5,0,
20519.784781992435,10,0,
20539.804454386234,6,0,
20559.824126780033,12,0,
20579.843799173832,6,0,
20599.86347156763,6,0,
20619.88314396143,10,0,
20639.90281635523,5,0,
20659.922488749027,8,1,
20679.942161142826,5,0,
20699.961833536625,6,0,
20719.981505930424,10,1,
20740.001178324223,9,0,
20760.02085071802,6,0,
20780.04052311182,11,0,
20800.06019550562,6,0,
20820.079867899418,10,0,
20840.099540293217,5,0,
20860.119212687016,6,0,
20880.138885080814,3,0,
20900.158557474613,8,1,
20920.178229868412,5,1,
20940.19790226221,8,0,
20960.21757465601,7,0,
20980.23724704981,5,0,
21000.256919443607,12,0,
21020.276591837406,4,0,
21040.296264231205,6,0,
21060.315936625004,9,0,
21080.335609018803,4,0,
21100.3552814126,10,0,
21120.3749538064,7,0,
21140.3946262002,6,0,
21160.414298593998,6,0,
21180.433970987797,11,1,
21200.453643381596,9,0,
21220.473315775394,10,0,
21240.492988169193,10,0,
21260.512660562992,8,0,
21280.53233295679,11,0,
21300.55200535059,10,0,
21320.57167774439,10,0,
21340.591350138187,14,0,
21360.611022531986,10,0,
21380.630694925785,10,0,
21400.650367319584,4,0,
21420.670039713383,12,0,
21440.68971210718,7,0,
21460.70938450098,12,0,
21480.72905689478,7,0,
21500.748729288578,9,0,
21520.768401682377,5,0,
21540.788074076176,8,0,
21560.807746469975,13,0,
21580.827418863773,7,0,
21600.847091257572,7,0,
21620.86676365137,11,0,
21640.88643604517,5,0,
21660.90610843897,8,0,
21680.925780832767,5,0,
21700.945453226566,7,0,
21720.965125620365,7,0,
21740.984798014164,6,0,
21761.004470407963,9,0,
21781.02414280176,5,0,
21801.04381519556,4,0,
21821.06348758936,5,0,
21841.083159983158,5,0,
21861.102832376957,9,0,
21881.122504770756,4,0,
21901.142177164555,7,0,
21921.161849558353,5,0,
21941.181521952152,6,0,
21961.20119434595,6,0,
21981.22086673975,5,0,
22001.24053913355,7,0,
22021.260211527348,7,0,
22041.279883921146,11,0,
22061.299556314945,4,0,
22081.319228708744,8,0,
22101.338901102543,4,0,
22121.35857349634,4,0,
22141.37824589014,5,0,
22161.39791828394,6,0,
22181.41759067774,10,0,
22201.437263071537,2,0,
22221.456935465336,8,0,
22241.476607859135,7,0,
22261.496280252934,7,0,
22281.515952646732,5,0,
22301.53562504053,11,0,
22321.55529743433,5,0,
22341.57496982813,5,0,
22361.594642221928,10,0,
22381.614314615726,5,0,
22401.633987009525,9,0,
22421.653659403324,3,0,
22441.673331797123,1,0,
22461.69300419092,9,0,
22481.71267658472,5,0,
22501.73234897852,14,0,
22521.75202137232,10,0,
22541.771693766117,5,0,
22561.791366159916,14,0,
22581.811038553715,18,0,
22601.830710947514,6,0,
22621.850383341312,11,0,
22641.87005573511,9,0,
22661.88972812891,10,0,
22681.90940052271,15,0,
22701.929072916508,14,0,
22721.948745310307,10,0,
22741.968417704105,14,0,
22761.988090097904,14,0,
22782.007762491703,11,0,
22802.027434885502,11,0,
22822.0471072793,15,0,
22842.0667796731,14,0,
22862.0864520669,10,0,
22882.106124460697,7,0,
22902.125796854496,7,1,
22922.145469248295,12,0,
22942.165141642094,7,0,
22962.184814035892,4,0,
22982.20448642969,13,0,
23002.22415882349,8,0,
23022.24383121729,11,0,
23042.263503611088,9,0,
23062.283176004887,9,0,
23082.302848398685,6,0,
23102.322520792484,7,0,
23122.342193186283,6,0,
23142.361865580082,10,0,
23162.38153797388,8,0,
23182.40121036768,6,0,
23202.42088276148,5,0,
23222.440555155277,5,0,
23242.460227549076,5,0,
23262.479899942875,6,0,
23282.499572336674,12,0,
23302.519244730473,9,0,
23322.53891712427,11,0,
23342.55858951807,6,0,
23362.57826191187,7,0,
23382.597934305668,8,0,
23402.617606699467,7,0,
23422.637279093266,7,0,
23442.656951487064,5,0,
23462.676623880863,3,0,
23482.696296274662,2,0,
23502.71596866846,7,0,
23522.73564106226,7,0,
23542.75531345606,9,0,
23562.774985849857,9,0,
23582.794658243656,7,0,
23602.814330637455,4,0,
23622.834003031254,0,0,
23642.853675425053,3,0,
23662.87334781885,4,0,
23682.89302021265,7,1,
23702.91269260645,7,0,
23722.932365000248,8,1,
23742.952037394047,4,0,
23762.971709787846,12,0,
23782.991382181644,9,0,
23803.011054575443,10,0,
23823.030726969242,11,0,
23843.05039936304,11,0,
23863.07007175684,11,0,
23883.08974415064,13,0,
23903.109416544437,11,0,
23923.129088938236,10,0,
23943.148761332035,9,0,
23963.168433725834,7,0,
23983.188106119633,10,0,
24003.20777851343,8,0,
24023.22745090723,9,0,
24043.24712330103,9,0,
24063.266795694828,5,0,
24083.286468088627,3,0,
24103.306140482426,2,0,
24123.325812876225,6,0,
24143.345485270023,6,0,
24163.365157663822,9,0,
24183.38483005762,7,0,
24203.40450245142,4,0,
24223.42417484522,7,0,
24243.443847239017,4,0,
24263.463519632816,4,0,
24283.483192026615,10,0,
24303.502864420414,1,0,
24323.522536814213,7,0,
24343.54220920801,3,0,
24363.56188160181,4,0,
24383.58155399561,6,0,
24403.601226389408,8,0,
24423.620898783207,3,0,
24443.640571177006,2,0,
24463.660243570805,5,0,
24483.679915964603,6,0,
24503.699588358402,5,0,
24523.7192607522,4,0,
24543.738933146,2,0,
24563.7586055398,3,0,
24583.778277933598,5,0,
24603.797950327396,8,0,
24623.817622721195,5,0,
24643.837295114994,2,0,
24663.856967508793,4,0,
24683.87663990259,8,0,
24703.89631229639,3,0,
24723.91598469019,4,1,
24743.93565708399,3,0,
24763.955329477787,3,0,
24783.975001871586,4,0,
24803.994674265385,6,0,
24824.014346659184,5,0,
24844.034019052982,7,0,
24864.05369144678,5,0,
24884.07336384058,8,0,
24904.09303623438,5,0,
24924.112708628178,4,0,
24944.132381021976,4,0,
24964.152053415775,4,0,
24984.171725809574,8,0,
25004.191398203373,3,1,
25024.21107059717,4,0,
25044.23074299097,8,0,
25064.25041538477,5,0,
25084.27008777857,5,0,
25104.289760172367,8,0,
25124.309432566166,7,0,
25144.329104959965,5,0,
25164.348777353764,7,1,
25184.368449747562,2,0,
25204.38812214136,0,0,
25224.40779453516,10,0,
25244.42746692896,6,0,
25264.447139322758,7,0,
25284.466811716557,8,0,
25304.486484110355,2,0,
25324.506156504154,5,0,
25344.525828897953,11,0,
25364.545501291752,4,0,
25384.56517368555,3,0,
25404.58484607935,5,0,
25424.60451847315,5,0,
25444.624190866947,5,0,
25464.643863260746,7,0,
25484.663535654545,3,0,
25504.683208048344,2,0,
25524.702880442142,4,0,
25544.72255283594,2,0,
25564.74222522974,3,0,
25584.76189762354,6,1,
25604.781570017338,5,0,
25624.801242411137,9,0,
25644.820914804935,5,0,
25664.840587198734,6,0,
25684.860259592533,3,0,
25704.879931986332,2,0,
25724.89960438013,3,0,
25744.91927677393,5,0,
25764.93894916773,4,0,
25784.958621561527,3,0,
25804.978293955326,4,0,
25824.997966349125,7,0,
25845.017638742924,4,0,
25865.037311136723,3,0,
25885.05698353052,6,0,
25905.07665592432,4,0,
25925.09632831812,2,0,
25945.116000711918,1,0,
25965.135673105717,5,0,
25985.155345499516,4,0,
26005.175017893314,10,0,
26025.194690287113,4,0,
26045.214362680912,6,0,
26065.23403507471,2,0,
26085.25370746851,4,0,
26105.27337986231,3,0,
26125.293052256107,5,0,
26145.312724649906,8,0,
26165.332397043705,6,0,
26185.352069437504,5,0,
26205.371741831303,3,0,
26225.3914142251,2,0,
26245.4110866189,5,0,
26265.4307590127,2,0,
26285.450431406498,6,0,
26305.470103800297,5,0,
26325.489776194096,5,0,
26345.509448587894,3,0,
26365.529120981693,4,0,
26385.548793375492,4,0,
26405.56846576929,4,0,
26425.58813816309,3,0,
26445.60781055689,6,0,
26465.627482950687,7,0,
26485.647155344486,0,0,
26505.666827738285,3,0,
26525.686500132084,7,0,
26545.706172525883,3,0,
26565.72584491968,4,0,
26585.74551731348,4,0,
26605.76518970728,6,0,
26625.784862101078,5,0,
26645.804534494877,7,0,
26665.824206888676,5,0,
26685.843879282475,3,0,
26705.863551676273,3,0,
26725.883224070072,5,0,
26745.90289646387,9,0,
26765.92256885767,3,0,
26785.94224125147,6,0,
26805.961913645267,2,0,
26825.981586039066,6,0,
26846.001258432865,2,0,
26866.020930826664,3,0,
26886.040603220463,2,0,
26906.06027561426,2,0,
26926.07994800806,3,0,
26946.09962040186,0,0,
26966.119292795658,6,0,
26986.138965189457,2,0,
27006.158637583256,6,0,
27026.178309977055,5,0,
27046.197982370853,2,0,
27066.217654764652,5,0,
27086.23732715845,3,0,
27106.25699955225,3,0,
27126.27667194605,2,0,
27146.296344339848,3,0,
27166.316016733646,3,0,
27186.335689127445,6,0,
27206.355361521244,6,0,
27226.375033915043,1,0,
27246.39470630884,7,0,
27266.41437870264,3,0,
27286.43405109644,4,0,
27306.45372349024,2,0,
27326.473395884037,5,0,
27346.493068277836,5,0,
27366.512740671635,2,0,
27386.532413065434,6,0,
27406.552085459232,6,0,
27426.57175785303,2,0,
27446.59143024683,5,0,
27466.61110264063,3,0,
27486.630775034428,2,0,
27506.650447428226,3,0,
27526.670119822025,2,0,
27546.689792215824,3,0,
27566.709464609623,7,0,
27586.72913700342,7,0,
27606.74880939722,6,0,
27626.76848179102,9,0,
27646.78815418482,2,0,
27666.807826578617,0,0,
27686.827498972416,4,0,
27706.847171366215,1,0,
27726.866843760014,3,0,
27746.886516153812,2,0,
27766.90618854761,5,0,
27786.92586094141,4,0,
27806.94553333521,1,0,
27826.965205729008,5,0,
27846.984878122807,1,0,
27867.004550516605,3,0,
27887.024222910404,2,0,
27907.043895304203,10,0,
27927.063567698002,1,0,
27947.0832400918,6,0,
27967.1029124856,4,0,
27987.1225848794,1,0,
28007.142257273197,2,0,
28027.161929666996,2,0,
28047.181602060795,2,0,
28067.201274454594,1,0,
28087.220946848392,8,0,
28107.24061924219,4,0,
28127.26029163599,4,0,
28147.27996402979,2,0,
28167.299636423588,5,0,
28187.319308817387,5,0,
28207.338981211185,3,0,
28227.358653604984,2,0,
28247.378325998783,5,0,
28267.397998392582,2,0,
28287.41767078638,2,0,
28307.43734318018,7,0,
28327.45701557398,4,0,
28347.476687967777,1,0,
28367.496360361576,4,0,
28387.516032755375,6,0,
28407.535705149174,1,0,
28427.555377542973,3,0,
28447.57504993677,3,0,
28467.59472233057,5,0,
28487.61439472437,4,0,
28507.634067118168,2,0,
28527.653739511967,4,0,
28547.673411905766,3,0,
28567.693084299564,1,0,
28587.712756693363,3,0,
28607.732429087162,3,0,
28627.75210148096,6,0,
28647.77177387476,4,0,
28667.79144626856,3,0,
28687.811118662357,1,0,
28707.830791056156,4,0,
28727.850463449955,2,0,
28747.870135843754,2,0,
28767.889808237553,6,0,
28787.90948063135,3,0,
28807.92915302515,5,0,
28827.94882541895,3,0,
28847.968497812748,3,0,
28867.988170206547,2,0,
28888.007842600346,4,0,
28908.027514994144,3,0,
28928.047187387943,4,0,
28948.066859781742,3,0,
28968.08653217554,2,0,
28988.10620456934,2,0,
29008.12587696314,3,0,
29028.145549356937,3,0,
29048.165221750736,2,0,
29068.184894144535,3,0,
29088.204566538334,4,0,
29108.224238932133,2,0,
29128.24391132593,2,0,
29148.26358371973,0,0,
29168.28325611353,3,0,
29188.302928507328,2,0,
29208.322600901127,2,0,
29228.342273294926,5,0,
29248.361945688725,3,0,
29268.381618082523,0,0,
29288.401290476322,4,0,
29308.42096287012,8,0,
29328.44063526392,4,0,
29348.46030765772,4,0,
29368.479980051517,3,0,
29388.499652445316,1,0,
29408.519324839115,2,0,
29428.538997232914,2,0,
29448.558669626713,1,0,
29468.57834202051,1,0,
29488.59801441431,0,0,
29508.61768680811,1,0,
29528.637359201908,4,0,
29548.657031595707,2,0,
29568.676703989506,4,0,
29588.696376383305,3,0,
29608.716048777103,4,0,
29628.735721170902,1,0,
29648.7553935647,7,0,
29668.7750659585,5,0,
29688.7947383523,3,0,
29708.814410746098,1,0,
29728.834083139896,0,0,
29748.853755533695,2,0,
29768.873427927494,0,0,
29788.893100321293,1,0,
29808.91277271509,6,0,
29828.93244510889,2,0,
29848.95211750269,2,0,
29868.97178989649,4,0,
29888.991462290287,5,0,
29909.011134684086,2,0,
29929.030807077885,5,0,
29949.050479471684,3,0,
29969.070151865482,2,0,
29989.08982425928,8,0,
30009.10949665308,3,0,
30029.12916904688,4,0,
30049.148841440678,5,0,
30069.168513834476,1,0,
30089.188186228275,6,0,
30109.207858622074,1,0,
30129.227531015873,2,0,
30149.24720340967,2,0,
30169.26687580347,2,0,
30189.28654819727,3,0,
30209.30622059107,3,0,
30229.325892984867,2,0,
30249.345565378666,1,0,
30269.365237772465,2,0,
30289.384910166264,0,0,
30309.404582560062,3,0,
30329.42425495386,2,0,
30349.44392734766,1,0,
30369.46359974146,0,0,
30389.483272135258,2,0,
30409.502944529057,1,0,
30429.522616922855,2,0,
30449.542289316654,1,0,
30469.561961710453,3,0,
30489.581634104252,1,0,
30509.60130649805,2,0,
30529.62097889185,3,0,
30549.64065128565,2,0,
30569.660323679447,3,0,
30589.679996073246,3,0,
30609.699668467045,4,0,
30629.719340860844,3,0,
30649.739013254642,1,0,
30669.75868564844,0,0,
30689.77835804224,3,0,
30709.79803043604,1,0,
30729.817702829838,3,0,
30749.837375223637,3,0,
30769.857047617435,1,0,
30789.876720011234,3,0,
30809.896392405033,3,0,
30829.916064798832,2,0,
30849.93573719263,3,0,
30869.95540958643,2,0,
30889.97508198023,3,0,
30909.994754374027,3,0,
30930.014426767826,3,0,
30950.034099161625,1,0,
30970.053771555424,1,0,
30990.073443949223,3,0,
31010.09311634302,3,0,
31030.11278873682,4,0,
31050.13246113062,3,0,
31070.152133524418,2,0,
31090.171805918217,2,0,
31110.191478312016,0,0,
31130.211150705814,1,0,
31150.230823099613,4,0,
31170.250495493412,5,0,
31190.27016788721,3,0,
31210.28984028101,1,0,
31230.30951267481,0,0,
31250.329185068607,5,0,
31270.348857462406,3,0,
31290.368529856205,3,0,
31310.388202250004,2,0,
31330.407874643803,4,0,
31350.4275470376,1,0,
31370.4472194314,2,0,
31390.4668918252,2,0,
31410.486564218998,3,0,
31430.506236612797,1,0,
31450.525909006596,1,0,
31470.545581400394,3,0,
31490.565253794193,3,0,
31510.584926187992,1,0,
31530.60459858179,2,0,
31550.62427097559,2,0,
31570.64394336939,0,0,
31590.663615763187,3,0,
31610.683288156986,2,0,
31630.702960550785,0,0,
31650.722632944584,1,0,
31670.742305338383,0,0,
31690.76197773218,3,0,
31710.78165012598,1,0,
31730.80132251978,5,0,
31750.820994913578,1,0,
31770.840667307377,2,0,
31790.860339701176,4,0,
31810.880012094975,3,0,
31830.899684488773,1,0,
31850.919356882572,2,0,
31870.93902927637,2,0,
31890.95870167017,1,0,
31910.97837406397,5,0,
31930.998046457767,4,0,
31951.017718851566,3,0,
31971.037391245365,1,0,
31991.057063639164,2,0,
32011.076736032963,3,0,
32031.09640842676,0,0,
32051.11608082056,2,0,
32071.13575321436,2,0,
32091.155425608158,1,0,
32111.175098001957,1,0,
32131.194770395756,0,0,
32151.214442789555,3,0,
32171.234115183353,1,0,
32191.253787577152,2,0,
32211.27345997095,3,0,
32231.29313236475,5,0,
32251.31280475855,0,0,
32271.332477152348,1,0,
32291.352149546146,3,0,
32311.371821939945,4,0,
32331.391494333744,3,0,
32351.411166727543,1,0,
32371.43083912134,3,0,
32391.45051151514,3,0,
32411.47018390894,2,0,
32431.48985630274,0,0,
32451.509528696537,0,0,
32471.529201090336,0,0,
32491.548873484135,3,0,
32511.568545877934,1,0,
32531.588218271732,1,0,
32551.60789066553,2,0,
32571.62756305933,1,0,
32591.64723545313,1,0,
32611.666907846928,3,0,
32631.686580240726,2,0,
32651.706252634525,1,0,
32671.725925028324,2,0,
32691.745597422123,2,0,
32711.76526981592,2,0,
32731.78494220972,1,0,
32751.80461460352,1,0,
32771.82428699732,0,0,
32791.84395939112,3,0,
32811.863631784916,2,0,
32831.883304178715,2,0,
32851.90297657251,1,0,
32871.92264896631,2,0,
32891.94232136011,0,0,
32911.96199375391,2,0,
32931.98166614771,4,0,
32952.00133854151,0,0,
32972.02101093531,1,0,
32992.040683329105,0,0,
33012.060355722904,1,0,
33032.0800281167,3,0,
33052.0997005105,2,0,
33072.1193729043,2,0,
33092.1390452981,1,0,
33112.1587176919,0,0,
33132.1783900857,2,0,
33152.198062479496,2,0,
33172.217734873295,1,0,
33192.237407267094,2,0,
33212.25707966089,2,0,
33232.27675205469,1,0,
33252.29642444849,0,0,
33272.31609684229,1,0,
33292.33576923609,1,0,
33312.35544162989,2,0,
33332.375114023685,3,0,
33352.394786417484,1,0,
33372.41445881128,0,0,
33392.43413120508,1,0,
33412.45380359888,1,0,
33432.47347599268,0,0,
33452.49314838648,0,0,
33472.51282078028,0,0,
33492.532493174076,1,0,
33512.552165567875,0,0,
33532.571837961674,1,0,
33552.59151035547,0,0,
33572.61118274927,1,0,
33592.63085514307,0,0,
33612.65052753687,1,0,
33632.67019993067,0,0,
33652.68987232447,1,0,
33672.709544718266,0,0,
33692.729217112064,0,0,
33712.74888950586,1,0,
33732.76856189966,0,0,
33752.78823429346,2,0,
33772.80790668726,2,0,
33792.82757908106,1,0,
33812.84725147486,1,0,
33832.866923868656,0,0,
33852.886596262455,1,0,
33872.906268656254,1,0,
33892.92594105005,1,0,
33912.94561344385,3,0,
33932.96528583765,3,0,
33952.98495823145,0,0,
33973.00463062525,3,0,
33993.02430301905,3,0,
34013.043975412846,0,0,
34033.063647806644,1,0,
34053.08332020044,0,0,
34073.10299259424,1,0,
34093.12266498804,2,0,
34113.14233738184,1,0,
34133.16200977564,2,0,
34153.18168216944,3,0,
34173.201354563236,1,0,
34193.221026957035,2,0,
34213.240699350834,2,0,
34233.26037174463,3,0,
34253.28004413843,2,0,
34273.29971653223,2,0,
34293.31938892603,0,0,
34313.33906131983,1,0,
34333.35873371363,1,0,
34353.378406107426,3,0,
34373.398078501225,0,0,
34393.41775089502,1,0,
34413.43742328882,0,0,
34433.45709568262,2,0,
34453.47676807642,1,0,
34473.49644047022,0,0,
34493.51611286402,2,0,
34513.535785257816,1,0,
34533.555457651615,0,0,
34553.575130045414,0,0,
34573.59480243921,3,0,
34593.61447483301,0,0,
34613.63414722681,2,0,
34633.65381962061,0,0,
34653.67349201441,0,0,
34673.69316440821,2,0,
34693.712836802006,1,0,
34713.732509195805,3,0,
34733.7521815896,0,0,
34753.7718539834,0,0,
34773.7915263772,3,0,
34793.811198771,1,0,
34813.8308711648,1,0,
34833.8505435586,2,0,
34853.8702159524,3,0,
34873.889888346195,1,0,
34893.909560739994,1,0,
34913.92923313379,0,0,
34933.94890552759,0,0,
34953.96857792139,0,0,
34973.98825031519,2,0,
34994.00792270899,1,0,
35014.02759510279,1,0,
35034.047267496586,2,0,
35054.066939890385,2,0,
35074.08661228418,1,0,
35094.10628467798,0,0,
35114.12595707178,2,0,
35134.14562946558,0,0,
35154.16530185938,2,0,
35174.18497425318,0,0,
35194.20464664698,3,0,
35214.224319040775,1,0,
35234.243991434574,0,0,
35254.26366382837,0,0,
35274.28333622217,1,0,
35294.30300861597,0,0,
35314.32268100977,1,0,
35334.34235340357,0,0,
35354.36202579737,0,0,
35374.381698191166,1,0,
35394.401370584965,1,0,
35414.42104297876,2,0,
35434.44071537256,0,0,
35454.46038776636,1,0,
35474.48006016016,1,0,
35494.49973255396,1,0,
35514.51940494776,0,0,
35534.53907734156,0,0,
35554.558749735355,0,0,
35574.578422129154,0,0,
35594.59809452295,2,0,
35614.61776691675,0,0,
35634.63743931055,1,0,
35654.65711170435,0,0,
35674.67678409815,0,0,
35694.69645649195,2,0,
35714.716128885746,0,0,
35734.735801279545,0,0,
35754.755473673344,0,0,
35774.77514606714,0,0,
35794.79481846094,2,0,
35814.81449085474,0,0,
35834.83416324854,1,0,
35854.85383564234,0,0,
35874.87350803614,0,0,
35894.893180429935,0,0,
35914.912852823734,1,0,
35934.93252521753,0,0,
35954.95219761133,0,0,
35974.97187000513,1,0,
35994.99154239893,0,0,
36015.01121479273,0,0,
36035.03088718653,0,0,
36055.050559580326,0,0,
36075.070231974125,1,0,
36095.089904367924,1,0,
36115.10957676172,1,0,
36135.12924915552,0,0,
36155.14892154932,0,0,
36175.16859394312,1,0,
36195.18826633692,0,0,
36215.20793873072,2,0,
36235.227611124516,0,0,
36255.247283518314,0,0,
36275.26695591211,0,0,
36295.28662830591,1,0,
36315.30630069971,0,0,
36335.32597309351,1,0,
36355.34564548731,0,0,
36375.36531788111,0,0,
36395.384990274906,1,0,
36415.404662668705,2,0,
36435.424335062504,0,0,
36455.4440074563,0,0,
36475.4636798501,0,0,
36495.4833522439,0,0,
36515.5030246377,0,0,
36535.5226970315,0,0,
36555.5423694253,0,0,
36575.562041819096,0,0,
36595.581714212894,0,0,
36615.60138660669,0,0,
36635.62105900049,1,0,
36655.64073139429,0,0,
36675.66040378809,0,0,
36695.68007618189,1,0,
36715.69974857569,0,0,
36735.719420969486,0,0,
36755.739093363285,0,0,
36775.758765757084,0,0,
36795.77843815088,0,0,
36815.79811054468,0,0,
36835.81778293848,0,0,
36855.83745533228,0,0,
36875.85712772608,1,0,
36895.87680011988,1,0,
36915.896472513676,0,0,
36935.916144907475,0,0,
36955.93581730127,0,0,
36975.95548969507,1,0,
36995.97516208887,0,0,
37015.99483448267,0,0,
37036.01450687647,1,0,
37056.03417927027,0,0,
37076.053851664066,0,0,
37096.073524057865,1,0,
37116.093196451664,1,0,
37136.11286884546,0,0,
37156.13254123926,0,0,
37176.15221363306,0,0,
37196.17188602686,0,0,
37216.19155842066,1,0,
37236.21123081446,0,0,
37256.230903208256,0,0,
37276.250575602055,0,0,
37296.27024799585,0,0,
37316.28992038965,0,0,
37336.30959278345,0,0,
37356.32926517725,1,0,
37376.34893757105,0,0,
37396.36860996485,0,0,
37416.38828235865,1,0,
37436.407954752445,0,0,
37456.427627146244,1,0,
37476.44729954004,0,0,
37496.46697193384,0,0,
37516.48664432764,0,0,
37536.50631672144,0,0,
37556.52598911524,0,0,
37576.54566150904,2,0,
37596.565333902836,0,0,
37616.585006296635,2,0,
37636.60467869043,0,0,
37656.62435108423,0,0,
37676.64402347803,0,0,
37696.66369587183,0,0,
37716.68336826563,0,0,
37736.70304065943,0,0,
37756.72271305323,0,0,
37776.742385447025,0,0,
37796.762057840824,0,0,
37816.78173023462,0,0,
37836.80140262842,0,0,
37856.82107502222,0,0,
37876.84074741602,0,0,
37896.86041980982,0,0,
37916.88009220362,1,0,
37936.899764597416,0,0,
37956.919436991215,0,0,
37976.93910938501,1,0,
37996.95878177881,0,0,
38016.97845417261,0,0,
38036.99812656641,0,0,
38057.01779896021,0,0,
38077.03747135401,0,0,
38097.05714374781,0,0,
38117.076816141605,0,0,
38137.096488535404,0,0,
38157.1161609292,0,0,
38177.135833323,0,0,
38197.1555057168,0,0,
38217.1751781106,2,0,
38237.1948505044,0,0,
38257.2145228982,0,0,
38277.234195291996,0,0,
38297.253867685795,0,0,
38317.273540079594,0,0,
38337.29321247339,0,0,
38357.31288486719,0,0,
38377.33255726099,0,0,
38397.35222965479,0,0,
38417.37190204859,0,0,
38437.39157444239,0,0,
38457.411246836185,0,0,
38477.430919229984,0,0,
38497.45059162378,0,0,
38517.47026401758,0,0,
38537.48993641138,0,0,
38557.50960880518,0,0,
38577.52928119898,0,0,
38597.54895359278,0,0,
38617.568625986576,0,0,
38637.588298380375,0,0,
38657.607970774174,0,0,
38677.62764316797,0,0,
38697.64731556177,0,0,
38717.66698795557,0,0,
38737.68666034937,0,0,
38757.70633274317,0,0,
38777.72600513697,0,0,
38797.745677530766,0,0,
38817.765349924564,0,0,
38837.78502231836,0,0,
38857.80469471216,0,0,
38877.82436710596,1,0,
38897.84403949976,0,0,
38917.86371189356,0,0,
38937.88338428736,0,0,
38957.903056681156,0,0,
38977.922729074955,1,0,
38997.942401468754,0,0,
39017.96207386255,0,0,
39037.98174625635,0,0,
39058.00141865015,0,0,
39078.02109104395,0,0,
39098.04076343775,0,0,
39118.06043583155,0,0,
39138.080108225346,0,0,
39158.099780619144,0,0,
39178.11945301294,0,0,
39198.13912540674,0,0,
39218.15879780054,0,0,
39238.17847019434,0,0,
39258.19814258814,0,0,
39278.21781498194,0,0,
39298.237487375736,0,0,
39318.257159769535,0,0,
39338.276832163334,0,0,
39358.29650455713,2,0,
39378.31617695093,0,0,
39398.33584934473,0,0,
39418.35552173853,0,0,
39438.37519413233,0,0,
39458.39486652613,0,0,
39478.414538919926,1,0,
39498.434211313725,0,0,
39518.45388370752,0,0,
39538.47355610132,0,0,
39558.49322849512,0,0,
39578.51290088892,0,0,
39598.53257328272,0,0,
39618.55224567652,0,0,
39638.571918070316,0,0,
39658.591590464115,0,0,
39678.611262857914,0,0,
39698.63093525171,0,0,
39718.65060764551,0,0,
39738.67028003931,0,0,
39758.68995243311,0,0,
39778.70962482691,0,0,
39798.72929722071,0,0,
39818.748969614506,0,0,
39838.768642008305,0,0,
39858.7883144021,0,0,
39878.8079867959,0,0,
39898.8276591897,0,0,
39918.8473315835,0,0,
39938.8670039773,0,0,
39958.8866763711,0,0,
39978.9063487649,0,0,
39998.926021158695,0,0,
40018.945693552494,0,0,
40038.96536594629,0,0,
40058.98503834009,0,0,
40079.00471073389,0,0,
40099.02438312769,0,0,
40119.04405552149,0,0,
40139.06372791529,0,0,
40159.083400309086,0,0,
40179.103072702885,0,0,
40199.12274509668,1,0,
40219.14241749048,0,0,
40239.16208988428,0,0,
40259.18176227808,0,0,
40279.20143467188,0,0,
40299.22110706568,0,0,
40319.24077945948,0,0,
40339.260451853275,0,0,
40359.280124247074,0,0,
40379.29979664087,0,0,
40399.31946903467,0,0,
40419.33914142847,0,0,
40439.35881382227,0,0,
40459.37848621607,0,0,
40479.39815860987,0,0,
40499.417831003666,0,0,
40519.437503397465,0,0,
40539.45717579126,0,0,
40559.47684818506,0,0,
40579.49652057886,0,0,
40599.51619297266,0,0,
40619.53586536646,0,0,
40639.55553776026,0,0,
40659.57521015406,0,0,
40679.594882547855,0,0,
40699.614554941654,0,0,
40719.63422733545,0,0,
40739.65389972925,0,0,
40759.67357212305,0,0,
40779.69324451685,0,0,
40799.71291691065,0,0,
40819.73258930445,0,0,
40839.752261698246,0,0,
40859.771934092045,0,0,
40879.791606485844,0,0,
40899.81127887964,0,0,
40919.83095127344,0,0,
40939.85062366724,0,0,
40959.87029606104,1,0,
40979.88996845484,0,0,
