Instrument,800N10235
Date,2023/02/27
Time,14:03:14
Assay #,0002
Application,Precious Metals 2
Method,Auto
Assay Duration (set),15s
Assay Duration (total actual),23.66s
Temperature (Detector),-27.0 C
Temperature (Ambient),31.94 C
Phase Count,1
Phases,"Phase 1(15s): 40.0kV, 10.8uA (Ti:25um/Al:300um)",,
 
 
RESULTS:
Z,Compound,Concentration(%),Error(1SD)
24,Cr,22.8032,0.0477
25,Mn,1.3119,0.0216
26,Fe,66.7543,0.1093
27,Co,0.0,0.0236
28,Ni,5.7004,0.0316
30,Zn,0.0,0.0009
40,Zr,0.0,0.0016
42,Mo,3.4302,0.0092
46,Pd,0.0,0.0154
47,Ag,0.0,0.008
50,Sn,0.0,0.0156
51,Sb,0.0,0.0198
74,W,0.0,0.0127
75,Re,0.0,0.0043
77,Ir,0.0,0.0026
78,Pt,0.0,0.0026
79,Au,0.0,0.0051
 
 
SPECTRA:
eV Channel Start,-0.09899464249610901,,
eV per Channel,20.025529861450195,,
 
Energy (eV),Counts (Phase 1),Counts (Phase 2),Counts (Phase 3)
-0.09899464249610901,0,,
19.926535218954086,0,,
39.95206508040428,0,,
59.97759494185448,0,,
80.00312480330467,0,,
100.02865466475487,0,,
120.05418452620506,0,,
140.07971438765526,0,,
160.10524424910545,0,,
180.13077411055565,0,,
200.15630397200584,0,,
220.18183383345604,0,,
240.20736369490623,0,,
260.23289355635643,0,,
280.2584234178066,0,,
300.2839532792568,4,,
320.309483140707,50,,
340.3350130021572,384,,
360.3605428636074,1694,,
380.3860727250576,3517,,
400.4116025865078,3509,,
420.437132447958,1704,,
440.4626623094082,408,,
460.4881921708584,44,,
480.5137220323086,9,,
500.5392518937588,2,,
520.564781755209,0,,
540.5903116166592,2,,
560.6158414781094,0,,
580.6413713395596,62,,
600.6669012010098,73,,
620.69243106246,63,,
640.7179609239101,82,,
660.7434907853603,63,,
680.7690206468105,75,,
700.7945505082607,81,,
720.8200803697109,91,,
740.8456102311611,77,,
760.8711400926113,74,,
780.8966699540615,52,,
800.9221998155117,71,,
820.9477296769619,81,,
840.9732595384121,91,,
860.9987893998623,74,,
881.0243192613125,72,,
901.0498491227627,78,,
921.0753789842129,86,,
941.1009088456631,83,,
961.1264387071133,78,,
981.1519685685635,81,,
1001.1774984300137,82,,
1021.2030282914639,75,,
1041.228558152914,73,,
1061.2540880143642,61,,
1081.2796178758144,62,,
1101.3051477372646,65,,
1121.3306775987148,72,,
1141.356207460165,72,,
1161.3817373216152,55,,
1181.4072671830654,59,,
1201.4327970445156,58,,
1221.4583269059658,67,,
1241.483856767416,64,,
1261.5093866288662,50,,
1281.5349164903164,57,,
1301.5604463517666,54,,
1321.5859762132168,72,,
1341.611506074667,46,,
1361.6370359361172,57,,
1381.6625657975674,54,,
1401.6880956590176,48,,
1421.7136255204678,63,,
1441.739155381918,58,,
1461.7646852433681,78,,
1481.7902151048183,72,,
1501.8157449662685,71,,
1521.8412748277187,59,,
1541.866804689169,53,,
1561.8923345506191,45,,
1581.9178644120693,54,,
1601.9433942735195,39,,
1621.9689241349697,42,,
1641.99445399642,39,,
1662.01998385787,36,,
1682.0455137193203,33,,
1702.0710435807705,33,,
1722.0965734422207,56,,
1742.1221033036709,56,,
1762.147633165121,45,,
1782.1731630265713,51,,
1802.1986928880215,37,,
1822.2242227494717,54,,
1842.2497526109219,49,,
1862.275282472372,51,,
1882.3008123338223,40,,
1902.3263421952724,40,,
1922.3518720567226,39,,
1942.3774019181728,51,,
1962.402931779623,27,,
1982.4284616410732,45,,
2002.4539915025234,51,,
2022.4795213639736,46,,
2042.5050512254238,43,,
2062.530581086874,41,,
2082.556110948324,43,,
2102.5816408097744,46,,
2122.6071706712246,59,,
2142.632700532675,46,,
2162.658230394125,35,,
2182.683760255575,57,,
2202.7092901170254,47,,
2222.7348199784756,55,,
2242.7603498399258,77,,
2262.785879701376,107,,
2282.811409562826,135,,
2302.8369394242764,145,,
2322.8624692857265,136,,
2342.8879991471767,106,,
2362.913529008627,118,,
2382.939058870077,107,,
2402.9645887315273,103,,
2422.9901185929775,78,,
2443.0156484544277,80,,
2463.041178315878,67,,
2483.066708177328,62,,
2503.0922380387783,59,,
2523.1177679002285,50,,
2543.1432977616787,59,,
2563.168827623129,43,,
2583.194357484579,59,,
2603.2198873460293,56,,
2623.2454172074795,54,,
2643.2709470689297,52,,
2663.29647693038,50,,
2683.32200679183,44,,
2703.3475366532803,38,,
2723.3730665147305,46,,
2743.3985963761806,40,,
2763.424126237631,42,,
2783.449656099081,54,,
2803.4751859605312,52,,
2823.5007158219814,45,,
2843.5262456834316,37,,
2863.551775544882,40,,
2883.577305406332,64,,
2903.602835267782,66,,
2923.6283651292324,71,,
2943.6538949906826,91,,
2963.679424852133,78,,
2983.704954713583,71,,
3003.730484575033,57,,
3023.7560144364834,58,,
3043.7815442979336,39,,
3063.807074159384,44,,
3083.832604020834,43,,
3103.858133882284,48,,
3123.8836637437344,36,,
3143.9091936051846,45,,
3163.9347234666348,40,,
3183.960253328085,59,,
3203.985783189535,75,,
3224.0113130509853,112,,
3244.0368429124355,122,,
3264.0623727738857,164,,
3284.087902635336,202,,
3304.113432496786,182,,
3324.1389623582363,144,,
3344.1644922196865,124,,
3364.1900220811367,88,,
3384.215551942587,61,,
3404.241081804037,65,,
3424.2666116654873,64,,
3444.2921415269375,77,,
3464.3176713883877,104,,
3484.343201249838,129,,
3504.368731111288,130,,
3524.3942609727383,120,,
3544.4197908341885,106,,
3564.4453206956387,95,,
3584.470850557089,119,,
3604.496380418539,151,,
3624.5219102799892,168,,
3644.5474401414394,220,,
3664.5729700028896,253,,
3684.59849986434,237,,
3704.62402972579,191,,
3724.64955958724,157,,
3744.6750894486904,116,,
3764.7006193101406,64,,
3784.726149171591,59,,
3804.751679033041,43,,
3824.777208894491,46,,
3844.8027387559414,47,,
3864.8282686173916,38,,
3884.853798478842,52,,
3904.879328340292,50,,
3924.904858201742,48,,
3944.9303880631924,37,,
3964.9559179246426,36,,
3984.9814477860928,49,,
4005.006977647543,40,,
4025.032507508993,37,,
4045.0580373704433,43,,
4065.0835672318935,34,,
4085.1090970933437,55,,
4105.134626954794,49,,
4125.160156816244,58,,
4145.185686677694,66,,
4165.2112165391445,79,,
4185.236746400595,90,,
4205.262276262045,69,,
4225.287806123495,60,,
4245.313335984945,52,,
4265.3388658463955,49,,
4285.364395707846,51,,
4305.389925569296,34,,
4325.415455430746,52,,
4345.440985292196,45,,
4365.4665151536465,63,,
4385.492045015097,54,,
4405.517574876547,53,,
4425.543104737997,51,,
4445.568634599447,45,,
4465.594164460897,53,,
4485.619694322348,60,,
4505.645224183798,52,,
4525.670754045248,84,,
4545.696283906698,87,,
4565.721813768148,136,,
4585.747343629599,175,,
4605.772873491049,269,,
4625.798403352499,329,,
4645.823933213949,299,,
4665.849463075399,330,,
4685.87499293685,287,,
4705.9005227983,213,,
4725.92605265975,167,,
4745.9515825212,107,,
4765.97711238265,78,,
4786.002642244101,74,,
4806.028172105551,53,,
4826.053701967001,44,,
4846.079231828451,57,,
4866.104761689901,67,,
4886.130291551352,71,,
4906.155821412802,82,,
4926.181351274252,91,,
4946.206881135702,95,,
4966.232410997152,109,,
4986.2579408586025,89,,
5006.283470720053,110,,
5026.309000581503,83,,
5046.334530442953,84,,
5066.360060304403,97,,
5086.3855901658535,86,,
5106.411120027304,91,,
5126.436649888754,92,,
5146.462179750204,90,,
5166.487709611654,128,,
5186.5132394731045,150,,
5206.538769334555,155,,
5226.564299196005,259,,
5246.589829057455,558,,
5266.615358918905,1122,,
5286.640888780355,2487,,
5306.666418641806,5350,,
5326.691948503256,10121,,
5346.717478364706,16595,,
5366.743008226156,23901,,
5386.768538087606,30732,,
5406.794067949057,34099,,
5426.819597810507,32568,,
5446.845127671957,27716,,
5466.870657533407,20258,,
5486.896187394857,12912,,
5506.921717256308,7360,,
5526.947247117758,3673,,
5546.972776979208,1694,,
5566.998306840658,743,,
5587.023836702108,365,,
5607.049366563559,250,,
5627.074896425009,185,,
5647.100426286459,171,,
5667.125956147909,153,,
5687.151486009359,157,,
5707.17701587081,173,,
5727.20254573226,206,,
5747.22807559371,271,,
5767.25360545516,387,,
5787.27913531661,590,,
5807.3046651780605,1000,,
5827.330195039511,1711,,
5847.355724900961,2693,,
5867.381254762411,3724,,
5887.406784623861,4970,,
5907.4323144853115,6111,,
5927.457844346762,6650,,
5947.483374208212,6473,,
5967.508904069662,5554,,
5987.534433931112,4414,,
6007.5599637925625,3209,,
6027.585493654013,1962,,
6047.611023515463,1166,,
6067.636553376913,606,,
6087.662083238363,351,,
6107.6876130998135,210,,
6127.713142961264,204,,
6147.738672822714,196,,
6167.764202684164,228,,
6187.789732545614,353,,
6207.815262407064,549,,
6227.840792268515,1144,,
6247.866322129965,2569,,
6267.891851991415,5548,,
6287.917381852865,11335,,
6307.942911714315,20466,,
6327.968441575766,33323,,
6347.993971437216,48110,,
6368.019501298666,61035,,
6388.045031160116,69785,,
6408.070561021566,70253,,
6428.096090883017,62676,,
6448.121620744467,49484,,
6468.147150605917,35234,,
6488.172680467367,22110,,
6508.198210328817,12516,,
6528.223740190268,6264,,
6548.249270051718,3090,,
6568.274799913168,1341,,
6588.300329774618,651,,
6608.325859636068,353,,
6628.3513894975185,260,,
6648.376919358969,196,,
6668.402449220419,173,,
6688.427979081869,167,,
6708.453508943319,154,,
6728.4790388047695,162,,
6748.50456866622,178,,
6768.53009852767,156,,
6788.55562838912,187,,
6808.58115825057,231,,
6828.6066881120205,246,,
6848.632217973471,374,,
6868.657747834921,438,,
6888.683277696371,590,,
6908.708807557821,988,,
6928.7343374192715,1644,,
6948.759867280722,2681,,
6968.785397142172,4308,,
6988.810927003622,6175,,
7008.836456865072,8250,,
7028.861986726522,9880,,
7048.887516587973,10791,,
7068.913046449423,10410,,
7088.938576310873,9072,,
7108.964106172323,7205,,
7128.989636033773,5052,,
7149.015165895224,3346,,
7169.040695756674,1998,,
7189.066225618124,1041,,
7209.091755479574,503,,
7229.117285341024,252,,
7249.142815202475,118,,
7269.168345063925,105,,
7289.193874925375,100,,
7309.219404786825,153,,
7329.244934648275,341,,
7349.270464509726,702,,
7369.295994371176,1173,,
7389.321524232626,1789,,
7409.347054094076,2683,,
7429.372583955526,3452,,
7449.398113816977,4171,,
7469.423643678427,4440,,
7489.449173539877,4246,,
7509.474703401327,3733,,
7529.500233262777,3007,,
7549.5257631242275,2067,,
7569.551292985678,1327,,
7589.576822847128,790,,
7609.602352708578,378,,
7629.627882570028,225,,
7649.6534124314785,109,,
7669.678942292929,52,,
7689.704472154379,29,,
7709.730002015829,25,,
7729.755531877279,22,,
7749.7810617387295,18,,
7769.80659160018,18,,
7789.83212146163,16,,
7809.85765132308,23,,
7829.88318118453,24,,
7849.90871104598,17,,
7869.934240907431,18,,
7889.959770768881,20,,
7909.985300630331,24,,
7930.010830491781,35,,
7950.036360353231,46,,
7970.061890214682,64,,
7990.087420076132,76,,
8010.112949937582,87,,
8030.138479799032,112,,
8050.164009660482,96,,
8070.189539521933,128,,
8090.215069383383,119,,
8110.240599244833,97,,
8130.266129106283,123,,
8150.291658967733,191,,
8170.317188829184,294,,
8190.342718690634,375,,
8210.368248552084,552,,
8230.393778413534,615,,
8250.419308274984,757,,
8270.444838136435,745,,
8290.470367997885,694,,
8310.495897859335,571,,
8330.521427720785,458,,
8350.546957582235,332,,
8370.572487443686,213,,
8390.598017305136,130,,
8410.623547166586,68,,
8430.649077028036,40,,
8450.674606889486,29,,
8470.700136750937,18,,
8490.725666612387,15,,
8510.751196473837,11,,
8530.776726335287,13,,
8550.802256196737,4,,
8570.827786058187,14,,
8590.853315919638,9,,
8610.878845781088,16,,
8630.904375642538,6,,
8650.929905503988,15,,
8670.955435365438,15,,
8690.980965226889,9,,
8711.006495088339,5,,
8731.032024949789,12,,
8751.05755481124,13,,
8771.08308467269,10,,
8791.10861453414,13,,
8811.13414439559,7,,
8831.15967425704,16,,
8851.18520411849,12,,
8871.21073397994,21,,
8891.23626384139,35,,
8911.26179370284,28,,
8931.287323564291,22,,
8951.312853425741,19,,
8971.338383287191,19,,
8991.363913148642,17,,
9011.389443010092,14,,
9031.414972871542,13,,
9051.440502732992,16,,
9071.466032594442,11,,
9091.491562455893,12,,
9111.517092317343,10,,
9131.542622178793,11,,
9151.568152040243,6,,
9171.593681901693,15,,
9191.619211763144,19,,
9211.644741624594,9,,
9231.670271486044,14,,
9251.695801347494,14,,
9271.721331208944,12,,
9291.746861070395,11,,
9311.772390931845,18,,
9331.797920793295,17,,
9351.823450654745,12,,
9371.848980516195,11,,
9391.874510377645,11,,
9411.900040239096,18,,
9431.925570100546,8,,
9451.951099961996,11,,
9471.976629823446,11,,
9492.002159684896,13,,
9512.027689546347,5,,
9532.053219407797,11,,
9552.078749269247,16,,
9572.104279130697,11,,
9592.129808992147,17,,
9612.155338853598,17,,
9632.180868715048,17,,
9652.206398576498,14,,
9672.231928437948,17,,
9692.257458299398,14,,
9712.282988160849,18,,
9732.308518022299,16,,
9752.334047883749,12,,
9772.3595777452,9,,
9792.38510760665,18,,
9812.4106374681,9,,
9832.43616732955,19,,
9852.461697191,11,,
9872.48722705245,14,,
9892.5127569139,16,,
9912.53828677535,11,,
9932.5638166368,16,,
9952.589346498251,16,,
9972.614876359701,20,,
9992.640406221151,17,,
10012.665936082602,16,,
10032.691465944052,9,,
10052.716995805502,14,,
10072.742525666952,16,,
10092.768055528402,18,,
10112.793585389853,12,,
10132.819115251303,11,,
10152.844645112753,17,,
10172.870174974203,15,,
10192.895704835653,6,,
10212.921234697104,16,,
10232.946764558554,14,,
10252.972294420004,10,,
10272.997824281454,17,,
10293.023354142904,20,,
10313.048884004354,13,,
10333.074413865805,16,,
10353.099943727255,13,,
10373.125473588705,15,,
10393.151003450155,14,,
10413.176533311605,15,,
10433.202063173056,28,,
10453.227593034506,30,,
10473.253122895956,22,,
10493.278652757406,22,,
10513.304182618856,29,,
10533.329712480307,28,,
10553.355242341757,34,,
10573.380772203207,35,,
10593.406302064657,26,,
10613.431831926107,21,,
10633.457361787558,16,,
10653.482891649008,21,,
10673.508421510458,28,,
10693.533951371908,18,,
10713.559481233358,29,,
10733.585011094809,41,,
10753.610540956259,43,,
10773.636070817709,60,,
10793.66160067916,68,,
10813.68713054061,89,,
10833.71266040206,89,,
10853.73819026351,82,,
10873.76372012496,58,,
10893.78924998641,69,,
10913.81477984786,52,,
10933.84030970931,59,,
10953.86583957076,24,,
10973.891369432211,21,,
10993.916899293661,26,,
11013.942429155111,19,,
11033.967959016562,29,,
11053.993488878012,19,,
11074.019018739462,18,,
11094.044548600912,20,,
11114.070078462362,23,,
11134.095608323812,20,,
11154.121138185263,21,,
11174.146668046713,28,,
11194.172197908163,19,,
11214.197727769613,27,,
11234.223257631063,29,,
11254.248787492514,28,,
11274.274317353964,33,,
11294.299847215414,36,,
11314.325377076864,37,,
11334.350906938314,44,,
11354.376436799765,39,,
11374.401966661215,53,,
11394.427496522665,32,,
11414.453026384115,43,,
11434.478556245565,39,,
11454.504086107016,35,,
11474.529615968466,38,,
11494.555145829916,14,,
11514.580675691366,28,,
11534.606205552816,30,,
11554.631735414267,29,,
11574.657265275717,22,,
11594.682795137167,24,,
11614.708324998617,26,,
11634.733854860067,30,,
11654.759384721518,49,,
11674.784914582968,67,,
11694.810444444418,93,,
11714.835974305868,133,,
11734.861504167318,175,,
11754.887034028769,201,,
11774.912563890219,237,,
11794.938093751669,267,,
11814.96362361312,286,,
11834.98915347457,306,,
11855.01468333602,292,,
11875.04021319747,248,,
11895.06574305892,185,,
11915.09127292037,138,,
11935.11680278182,105,,
11955.14233264327,86,,
11975.16786250472,77,,
11995.19339236617,36,,
12015.218922227621,35,,
12035.244452089071,37,,
12055.269981950521,35,,
12075.295511811972,32,,
12095.321041673422,32,,
12115.346571534872,23,,
12135.372101396322,38,,
12155.397631257772,22,,
12175.423161119223,39,,
12195.448690980673,42,,
12215.474220842123,43,,
12235.499750703573,50,,
12255.525280565023,49,,
12275.550810426474,57,,
12295.576340287924,69,,
12315.601870149374,97,,
12335.627400010824,89,,
12355.652929872274,83,,
12375.678459733725,114,,
12395.703989595175,97,,
12415.729519456625,93,,
12435.755049318075,99,,
12455.780579179525,93,,
12475.806109040976,80,,
12495.831638902426,92,,
12515.857168763876,76,,
12535.882698625326,60,,
12555.908228486776,48,,
12575.933758348227,42,,
12595.959288209677,53,,
12615.984818071127,51,,
12636.010347932577,53,,
12656.035877794027,83,,
12676.061407655478,103,,
12696.086937516928,122,,
12716.112467378378,158,,
12736.137997239828,227,,
12756.163527101278,258,,
12776.189056962729,286,,
12796.214586824179,288,,
12816.240116685629,302,,
12836.265646547079,292,,
12856.29117640853,274,,
12876.31670626998,246,,
12896.34223613143,216,,
12916.36776599288,160,,
12936.39329585433,150,,
12956.41882571578,86,,
12976.44435557723,84,,
12996.46988543868,59,,
13016.49541530013,61,,
13036.520945161581,52,,
13056.546475023031,64,,
13076.572004884481,33,,
13096.597534745932,28,,
13116.623064607382,33,,
13136.648594468832,40,,
13156.674124330282,35,,
13176.699654191732,37,,
13196.725184053183,37,,
13216.750713914633,43,,
13236.776243776083,36,,
13256.801773637533,55,,
13276.827303498983,42,,
13296.852833360434,57,,
13316.878363221884,66,,
13336.903893083334,56,,
13356.929422944784,67,,
13376.954952806234,92,,
13396.980482667685,109,,
13417.006012529135,111,,
13437.031542390585,116,,
13457.057072252035,113,,
13477.082602113485,115,,
13497.108131974936,130,,
13517.133661836386,114,,
13537.159191697836,92,,
13557.184721559286,98,,
13577.210251420736,84,,
13597.235781282187,52,,
13617.261311143637,65,,
13637.286841005087,51,,
13657.312370866537,44,,
13677.337900727987,45,,
13697.363430589437,49,,
13717.388960450888,40,,
13737.414490312338,52,,
13757.440020173788,60,,
13777.465550035238,49,,
13797.491079896688,64,,
13817.516609758139,51,,
13837.542139619589,54,,
13857.567669481039,66,,
13877.59319934249,73,,
13897.61872920394,69,,
13917.64425906539,69,,
13937.66978892684,52,,
13957.69531878829,72,,
13977.72084864974,69,,
13997.74637851119,58,,
14017.77190837264,53,,
14037.79743823409,51,,
14057.822968095541,60,,
14077.848497956991,52,,
14097.874027818441,49,,
14117.899557679892,57,,
14137.925087541342,49,,
14157.950617402792,61,,
14177.976147264242,43,,
14198.001677125692,53,,
14218.027206987143,36,,
14238.052736848593,45,,
14258.078266710043,53,,
14278.103796571493,38,,
14298.129326432943,48,,
14318.154856294394,59,,
14338.180386155844,40,,
14358.205916017294,58,,
14378.231445878744,40,,
14398.256975740194,39,,
14418.282505601645,32,,
14438.308035463095,50,,
14458.333565324545,55,,
14478.359095185995,48,,
14498.384625047445,56,,
14518.410154908895,59,,
14538.435684770346,41,,
14558.461214631796,61,,
14578.486744493246,67,,
14598.512274354696,64,,
14618.537804216146,59,,
14638.563334077597,49,,
14658.588863939047,55,,
14678.614393800497,67,,
14698.639923661947,57,,
14718.665453523397,53,,
14738.690983384848,45,,
14758.716513246298,48,,
14778.742043107748,47,,
14798.767572969198,55,,
14818.793102830648,52,,
14838.818632692099,51,,
14858.844162553549,53,,
14878.869692414999,47,,
14898.89522227645,53,,
14918.9207521379,66,,
14938.94628199935,49,,
14958.9718118608,58,,
14978.99734172225,43,,
14999.0228715837,52,,
15019.04840144515,39,,
15039.0739313066,53,,
15059.09946116805,53,,
15079.124991029501,47,,
15099.150520890951,65,,
15119.176050752401,62,,
15139.201580613852,55,,
15159.227110475302,67,,
15179.252640336752,64,,
15199.278170198202,44,,
15219.303700059652,54,,
15239.329229921103,55,,
15259.354759782553,61,,
15279.380289644003,60,,
15299.405819505453,57,,
15319.431349366903,52,,
15339.456879228354,45,,
15359.482409089804,60,,
15379.507938951254,59,,
15399.533468812704,52,,
15419.558998674154,56,,
15439.584528535604,70,,
15459.610058397055,59,,
15479.635588258505,63,,
15499.661118119955,75,,
15519.686647981405,67,,
15539.712177842855,67,,
15559.737707704306,56,,
15579.763237565756,65,,
15599.788767427206,68,,
15619.814297288656,59,,
15639.839827150106,61,,
15659.865357011557,73,,
15679.890886873007,66,,
15699.916416734457,74,,
15719.941946595907,72,,
15739.967476457357,65,,
15759.993006318808,69,,
15780.018536180258,53,,
15800.044066041708,75,,
15820.069595903158,77,,
15840.095125764608,69,,
15860.120655626059,70,,
15880.146185487509,67,,
15900.171715348959,56,,
15920.19724521041,60,,
15940.22277507186,57,,
15960.24830493331,64,,
15980.27383479476,59,,
16000.29936465621,54,,
16020.32489451766,57,,
16040.35042437911,57,,
16060.37595424056,58,,
16080.40148410201,73,,
16100.427013963461,68,,
16120.452543824911,72,,
16140.478073686361,64,,
16160.503603547812,59,,
16180.529133409262,68,,
16200.554663270712,85,,
16220.580193132162,101,,
16240.605722993612,78,,
16260.631252855062,68,,
16280.656782716513,88,,
16300.682312577963,76,,
16320.707842439413,82,,
16340.733372300863,84,,
16360.758902162313,74,,
16380.784432023764,88,,
16400.809961885214,97,,
16420.835491746664,113,,
16440.861021608114,88,,
16460.886551469564,70,,
16480.912081331015,103,,
16500.937611192465,89,,
16520.963141053915,109,,
16540.988670915365,96,,
16561.014200776815,101,,
16581.039730638266,128,,
16601.065260499716,121,,
16621.090790361166,108,,
16641.116320222616,117,,
16661.141850084066,99,,
16681.167379945517,96,,
16701.192909806967,94,,
16721.218439668417,94,,
16741.243969529867,93,,
16761.269499391317,94,,
16781.295029252768,93,,
16801.320559114218,91,,
16821.346088975668,100,,
16841.371618837118,107,,
16861.39714869857,96,,
16881.42267856002,101,,
16901.44820842147,101,,
16921.47373828292,89,,
16941.49926814437,104,,
16961.52479800582,89,,
16981.55032786727,112,,
17001.57585772872,100,,
17021.60138759017,103,,
17041.62691745162,121,,
17061.65244731307,136,,
17081.67797717452,138,,
17101.70350703597,167,,
17121.72903689742,206,,
17141.75456675887,331,,
17161.78009662032,418,,
17181.80562648177,609,,
17201.83115634322,941,,
17221.856686204672,1367,,
17241.882216066122,1814,,
17261.907745927572,2563,,
17281.933275789022,3399,,
17301.958805650473,4482,,
17321.984335511923,5508,,
17342.009865373373,6776,,
17362.035395234823,7902,,
17382.060925096273,8825,,
17402.086454957724,9757,,
17422.111984819174,10410,,
17442.137514680624,10507,,
17462.163044542074,10298,,
17482.188574403524,10130,,
17502.214104264975,9078,,
17522.239634126425,8250,,
17542.265163987875,6981,,
17562.290693849325,5665,,
17582.316223710775,4383,,
17602.341753572226,3244,,
17622.367283433676,2452,,
17642.392813295126,1608,,
17662.418343156576,1117,,
17682.443873018026,708,,
17702.469402879477,475,,
17722.494932740927,329,,
17742.520462602377,232,,
17762.545992463827,166,,
17782.571522325277,128,,
17802.597052186728,111,,
17822.622582048178,117,,
17842.648111909628,117,,
17862.673641771078,84,,
17882.69917163253,89,,
17902.72470149398,82,,
17922.75023135543,89,,
17942.77576121688,86,,
17962.80129107833,93,,
17982.82682093978,80,,
18002.85235080123,86,,
18022.87788066268,83,,
18042.90341052413,87,,
18062.92894038558,70,,
18082.95447024703,91,,
18102.98000010848,94,,
18123.00552996993,83,,
18143.03105983138,80,,
18163.05658969283,89,,
18183.08211955428,97,,
18203.10764941573,94,,
18223.13317927718,97,,
18243.158709138632,101,,
18263.184239000082,102,,
18283.209768861532,89,,
18303.235298722982,77,,
18323.260828584433,96,,
18343.286358445883,92,,
18363.311888307333,99,,
18383.337418168783,103,,
18403.362948030233,80,,
18423.388477891684,104,,
18443.414007753134,87,,
18463.439537614584,101,,
18483.465067476034,102,,
18503.490597337484,85,,
18523.516127198935,107,,
18543.541657060385,88,,
18563.567186921835,118,,
18583.592716783285,126,,
18603.618246644735,119,,
18623.643776506186,122,,
18643.669306367636,110,,
18663.694836229086,133,,
18683.720366090536,113,,
18703.745895951986,115,,
18723.771425813437,127,,
18743.796955674887,137,,
18763.822485536337,128,,
18783.848015397787,121,,
18803.873545259237,129,,
18823.899075120687,135,,
18843.924604982138,134,,
18863.950134843588,132,,
18883.975664705038,140,,
18904.00119456649,165,,
18924.02672442794,142,,
18944.05225428939,146,,
18964.07778415084,140,,
18984.10331401229,160,,
19004.12884387374,152,,
19024.15437373519,153,,
19044.17990359664,182,,
19064.20543345809,160,,
19084.23096331954,151,,
19104.25649318099,166,,
19124.28202304244,157,,
19144.30755290389,162,,
19164.33308276534,140,,
19184.35861262679,153,,
19204.38414248824,159,,
19224.40967234969,181,,
19244.43520221114,191,,
19264.46073207259,184,,
19284.486261934042,178,,
19304.511791795492,183,,
19324.537321656942,201,,
19344.562851518393,211,,
19364.588381379843,259,,
19384.613911241293,303,,
19404.639441102743,408,,
19424.664970964193,515,,
19444.690500825644,652,,
19464.716030687094,913,,
19484.741560548544,1062,,
19504.767090409994,1303,,
19524.792620271444,1478,,
19544.818150132895,1690,,
19564.843679994345,1926,,
19584.869209855795,1911,,
19604.894739717245,1959,,
19624.920269578695,1936,,
19644.945799440145,1869,,
19664.971329301596,1603,,
19684.996859163046,1353,,
19705.022389024496,1101,,
19725.047918885946,898,,
19745.073448747396,781,,
19765.098978608847,604,,
19785.124508470297,442,,
19805.150038331747,399,,
19825.175568193197,398,,
19845.201098054647,385,,
19865.226627916098,415,,
19885.252157777548,402,,
19905.277687638998,443,,
19925.30321750045,518,,
19945.3287473619,533,,
19965.35427722335,521,,
19985.3798070848,544,,
20005.40533694625,587,,
20025.4308668077,572,,
20045.45639666915,610,,
20065.4819265306,550,,
20085.50745639205,592,,
20105.5329862535,571,,
20125.55851611495,562,,
20145.5840459764,592,,
20165.60957583785,542,,
20185.6351056993,571,,
20205.66063556075,480,,
20225.6861654222,507,,
20245.71169528365,454,,
20265.7372251451,407,,
20285.76275500655,371,,
20305.788284868002,347,,
20325.813814729452,250,,
20345.839344590902,231,,
20365.864874452353,206,,
20385.890404313803,146,,
20405.915934175253,111,,
20425.941464036703,106,,
20445.966993898153,90,,
20465.992523759604,64,,
20486.018053621054,79,,
20506.043583482504,70,,
20526.069113343954,68,,
20546.094643205404,78,,
20566.120173066854,77,,
20586.145702928305,68,,
20606.171232789755,67,,
20626.196762651205,65,,
20646.222292512655,70,,
20666.247822374105,71,,
20686.273352235556,72,,
20706.298882097006,70,,
20726.324411958456,72,,
20746.349941819906,79,,
20766.375471681356,79,,
20786.401001542807,70,,
20806.426531404257,73,,
20826.452061265707,74,,
20846.477591127157,76,,
20866.503120988607,68,,
20886.528650850058,67,,
20906.554180711508,70,,
20926.579710572958,69,,
20946.60524043441,71,,
20966.63077029586,85,,
20986.65630015731,93,,
21006.68183001876,53,,
21026.70735988021,65,,
21046.73288974166,81,,
21066.75841960311,77,,
21086.78394946456,79,,
21106.80947932601,90,,
21126.83500918746,73,,
21146.86053904891,91,,
21166.88606891036,72,,
21186.91159877181,90,,
21206.93712863326,72,,
21226.96265849471,74,,
21246.98818835616,81,,
21267.01371821761,61,,
21287.03924807906,90,,
21307.06477794051,81,,
21327.090307801962,65,,
21347.115837663412,85,,
21367.141367524862,74,,
21387.166897386312,89,,
21407.192427247763,92,,
21427.217957109213,76,,
21447.243486970663,67,,
21467.269016832113,79,,
21487.294546693563,87,,
21507.320076555014,97,,
21527.345606416464,93,,
21547.371136277914,85,,
21567.396666139364,85,,
21587.422196000814,89,,
21607.447725862265,74,,
21627.473255723715,62,,
21647.498785585165,97,,
21667.524315446615,90,,
21687.549845308065,65,,
21707.575375169516,89,,
21727.600905030966,76,,
21747.626434892416,74,,
21767.651964753866,78,,
21787.677494615316,91,,
21807.703024476767,75,,
21827.728554338217,73,,
21847.754084199667,83,,
21867.779614061117,81,,
21887.805143922567,77,,
21907.830673784018,75,,
21927.856203645468,82,,
21947.881733506918,63,,
21967.907263368368,63,,
21987.93279322982,67,,
22007.95832309127,76,,
22027.98385295272,72,,
22048.00938281417,66,,
22068.03491267562,82,,
22088.06044253707,80,,
22108.08597239852,81,,
22128.11150225997,87,,
22148.13703212142,70,,
22168.16256198287,87,,
22188.18809184432,91,,
22208.21362170577,80,,
22228.23915156722,77,,
22248.26468142867,66,,
22268.29021129012,81,,
22288.31574115157,80,,
22308.34127101302,78,,
22328.36680087447,84,,
22348.392330735922,73,,
22368.417860597372,84,,
22388.443390458822,66,,
22408.468920320272,67,,
22428.494450181723,89,,
22448.519980043173,86,,
22468.545509904623,93,,
22488.571039766073,98,,
22508.596569627523,110,,
22528.622099488974,94,,
22548.647629350424,86,,
22568.673159211874,107,,
22588.698689073324,119,,
22608.724218934774,140,,
22628.749748796225,147,,
22648.775278657675,158,,
22668.800808519125,154,,
22688.826338380575,182,,
22708.851868242025,190,,
22728.877398103476,220,,
22748.902927964926,175,,
22768.928457826376,161,,
22788.953987687826,179,,
22808.979517549276,160,,
22829.005047410727,141,,
22849.030577272177,150,,
22869.056107133627,135,,
22889.081636995077,124,,
22909.107166856527,91,,
22929.132696717978,112,,
22949.158226579428,105,,
22969.183756440878,93,,
22989.209286302328,87,,
23009.23481616378,91,,
23029.26034602523,81,,
23049.28587588668,79,,
23069.31140574813,85,,
23089.33693560958,80,,
23109.36246547103,67,,
23129.38799533248,79,,
23149.41352519393,80,,
23169.43905505538,80,,
23189.46458491683,77,,
23209.49011477828,67,,
23229.51564463973,83,,
23249.54117450118,77,,
23269.56670436263,72,,
23289.59223422408,98,,
23309.61776408553,82,,
23329.64329394698,72,,
23349.66882380843,75,,
23369.694353669882,67,,
23389.719883531332,60,,
23409.745413392782,60,,
23429.770943254232,84,,
23449.796473115683,57,,
23469.822002977133,50,,
23489.847532838583,81,,
23509.873062700033,62,,
23529.898592561483,61,,
23549.924122422934,67,,
23569.949652284384,69,,
23589.975182145834,73,,
23610.000712007284,69,,
23630.026241868734,97,,
23650.051771730185,81,,
23670.077301591635,90,,
23690.102831453085,83,,
23710.128361314535,97,,
23730.153891175985,105,,
23750.179421037436,117,,
23770.204950898886,135,,
23790.230480760336,144,,
23810.256010621786,133,,
23830.281540483236,125,,
23850.307070344687,170,,
23870.332600206137,167,,
23890.358130067587,187,,
23910.383659929037,156,,
23930.409189790487,146,,
23950.434719651937,177,,
23970.460249513388,165,,
23990.485779374838,158,,
24010.511309236288,143,,
24030.53683909774,115,,
24050.56236895919,132,,
24070.58789882064,139,,
24090.61342868209,136,,
24110.63895854354,135,,
24130.66448840499,123,,
24150.69001826644,114,,
24170.71554812789,111,,
24190.74107798934,119,,
24210.76660785079,138,,
24230.79213771224,124,,
24250.81766757369,130,,
24270.84319743514,107,,
24290.86872729659,91,,
24310.89425715804,91,,
24330.91978701949,90,,
24350.94531688094,88,,
24370.97084674239,89,,
24390.99637660384,86,,
24411.021906465292,65,,
24431.047436326742,65,,
24451.072966188192,72,,
24471.098496049643,64,,
24491.124025911093,61,,
24511.149555772543,75,,
24531.175085633993,67,,
24551.200615495443,73,,
24571.226145356894,66,,
24591.251675218344,73,,
24611.277205079794,66,,
24631.302734941244,56,,
24651.328264802694,69,,
24671.353794664145,77,,
24691.379324525595,65,,
24711.404854387045,67,,
24731.430384248495,52,,
24751.455914109945,63,,
24771.481443971395,73,,
24791.506973832846,59,,
24811.532503694296,52,,
24831.558033555746,71,,
24851.583563417196,68,,
24871.609093278646,63,,
24891.634623140097,68,,
24911.660153001547,74,,
24931.685682862997,67,,
24951.711212724447,71,,
24971.736742585897,94,,
24991.762272447348,77,,
25011.787802308798,81,,
25031.813332170248,74,,
25051.8388620317,88,,
25071.86439189315,71,,
25091.8899217546,74,,
25111.91545161605,80,,
25131.9409814775,69,,
25151.96651133895,64,,
25171.9920412004,78,,
25192.01757106185,67,,
25212.0431009233,91,,
25232.06863078475,72,,
25252.0941606462,64,,
25272.11969050765,65,,
25292.1452203691,58,,
25312.17075023055,68,,
25332.196280092,76,,
25352.22180995345,58,,
25372.2473398149,52,,
25392.27286967635,57,,
25412.2983995378,73,,
25432.323929399252,68,,
25452.349459260702,67,,
25472.374989122152,73,,
25492.400518983603,55,,
25512.426048845053,63,,
25532.451578706503,61,,
25552.477108567953,59,,
25572.502638429403,64,,
25592.528168290854,51,,
25612.553698152304,75,,
25632.579228013754,55,,
25652.604757875204,54,,
25672.630287736654,58,,
25692.655817598104,68,,
25712.681347459555,43,,
25732.706877321005,65,,
25752.732407182455,56,,
25772.757937043905,57,,
25792.783466905355,70,,
25812.808996766806,67,,
25832.834526628256,76,,
25852.860056489706,56,,
25872.885586351156,54,,
25892.911116212606,58,,
25912.936646074057,69,,
25932.962175935507,66,,
25952.987705796957,66,,
25973.013235658407,67,,
25993.038765519857,76,,
26013.064295381308,86,,
26033.089825242758,79,,
26053.115355104208,80,,
26073.14088496566,54,,
26093.16641482711,69,,
26113.19194468856,65,,
26133.21747455001,70,,
26153.24300441146,79,,
26173.26853427291,57,,
26193.29406413436,60,,
26213.31959399581,51,,
26233.34512385726,42,,
26253.37065371871,56,,
26273.39618358016,70,,
26293.42171344161,60,,
26313.44724330306,61,,
26333.47277316451,43,,
26353.49830302596,49,,
26373.52383288741,53,,
26393.54936274886,55,,
26413.57489261031,67,,
26433.60042247176,59,,
26453.625952333212,58,,
26473.651482194662,55,,
26493.677012056112,53,,
26513.702541917562,61,,
26533.728071779013,55,,
26553.753601640463,56,,
26573.779131501913,58,,
26593.804661363363,53,,
26613.830191224813,71,,
26633.855721086264,51,,
26653.881250947714,63,,
26673.906780809164,54,,
26693.932310670614,62,,
26713.957840532064,54,,
26733.983370393515,40,,
26754.008900254965,57,,
26774.034430116415,69,,
26794.059959977865,47,,
26814.085489839315,47,,
26834.111019700766,51,,
26854.136549562216,51,,
26874.162079423666,54,,
26894.187609285116,55,,
26914.213139146566,54,,
26934.238669008017,46,,
26954.264198869467,58,,
26974.289728730917,60,,
26994.315258592367,57,,
27014.340788453817,57,,
27034.366318315268,41,,
27054.391848176718,53,,
27074.417378038168,56,,
27094.442907899618,58,,
27114.46843776107,67,,
27134.49396762252,66,,
27154.51949748397,43,,
27174.54502734542,47,,
27194.57055720687,61,,
27214.59608706832,65,,
27234.62161692977,55,,
27254.64714679122,70,,
27274.67267665267,55,,
27294.69820651412,62,,
27314.72373637557,62,,
27334.74926623702,58,,
27354.77479609847,63,,
27374.80032595992,69,,
27394.82585582137,91,,
27414.85138568282,62,,
27434.87691554427,59,,
27454.90244540572,56,,
27474.927975267172,51,,
27494.953505128622,51,,
27514.979034990072,49,,
27535.004564851522,50,,
27555.030094712973,43,,
27575.055624574423,56,,
27595.081154435873,40,,
27615.106684297323,52,,
27635.132214158773,59,,
27655.157744020224,47,,
27675.183273881674,42,,
27695.208803743124,47,,
27715.234333604574,33,,
27735.259863466024,54,,
27755.285393327475,63,,
27775.310923188925,67,,
27795.336453050375,42,,
27815.361982911825,45,,
27835.387512773275,55,,
27855.413042634726,54,,
27875.438572496176,62,,
27895.464102357626,53,,
27915.489632219076,42,,
27935.515162080526,45,,
27955.540691941977,54,,
27975.566221803427,39,,
27995.591751664877,51,,
28015.617281526327,47,,
28035.642811387777,37,,
28055.668341249228,45,,
28075.693871110678,42,,
28095.719400972128,40,,
28115.744930833578,45,,
28135.77046069503,37,,
28155.79599055648,38,,
28175.82152041793,54,,
28195.84705027938,35,,
28215.87258014083,34,,
28235.89811000228,40,,
28255.92363986373,41,,
28275.94916972518,35,,
28295.97469958663,47,,
28316.00022944808,44,,
28336.02575930953,41,,
28356.05128917098,46,,
28376.07681903243,49,,
28396.10234889388,50,,
28416.12787875533,49,,
28436.15340861678,45,,
28456.17893847823,49,,
28476.20446833968,36,,
28496.229998201132,46,,
28516.255528062582,50,,
28536.281057924032,36,,
28556.306587785482,43,,
28576.332117646933,48,,
28596.357647508383,44,,
28616.383177369833,40,,
28636.408707231283,52,,
28656.434237092733,44,,
28676.459766954184,34,,
28696.485296815634,36,,
28716.510826677084,40,,
28736.536356538534,37,,
28756.561886399984,42,,
28776.587416261435,38,,
28796.612946122885,41,,
28816.638475984335,36,,
28836.664005845785,39,,
28856.689535707235,38,,
28876.715065568686,41,,
28896.740595430136,48,,
28916.766125291586,46,,
28936.791655153036,44,,
28956.817185014486,49,,
28976.842714875937,45,,
28996.868244737387,39,,
29016.893774598837,42,,
29036.919304460287,61,,
29056.944834321737,50,,
29076.970364183187,50,,
29096.995894044638,51,,
29117.021423906088,48,,
29137.046953767538,39,,
29157.07248362899,46,,
29177.09801349044,36,,
29197.12354335189,44,,
29217.14907321334,40,,
29237.17460307479,34,,
29257.20013293624,32,,
29277.22566279769,52,,
29297.25119265914,35,,
29317.27672252059,41,,
29337.30225238204,41,,
29357.32778224349,34,,
29377.35331210494,35,,
29397.37884196639,47,,
29417.40437182784,45,,
29437.42990168929,36,,
29457.45543155074,45,,
29477.48096141219,38,,
29497.50649127364,35,,
29517.53202113509,44,,
29537.557550996542,29,,
29557.583080857992,32,,
29577.608610719442,47,,
29597.634140580893,31,,
29617.659670442343,40,,
29637.685200303793,37,,
29657.710730165243,41,,
29677.736260026693,32,,
29697.761789888144,41,,
29717.787319749594,32,,
29737.812849611044,35,,
29757.838379472494,28,,
29777.863909333944,36,,
29797.889439195395,31,,
29817.914969056845,43,,
29837.940498918295,37,,
29857.966028779745,33,,
29877.991558641195,30,,
29898.017088502645,47,,
29918.042618364096,34,,
29938.068148225546,27,,
29958.093678086996,42,,
29978.119207948446,22,,
29998.144737809896,27,,
30018.170267671347,36,,
30038.195797532797,44,,
30058.221327394247,41,,
30078.246857255697,33,,
30098.272387117147,50,,
30118.297916978598,46,,
30138.323446840048,32,,
30158.348976701498,41,,
30178.37450656295,33,,
30198.4000364244,30,,
30218.42556628585,22,,
30238.4510961473,35,,
30258.47662600875,37,,
30278.5021558702,42,,
30298.52768573165,42,,
30318.5532155931,33,,
30338.57874545455,39,,
30358.604275316,38,,
30378.62980517745,34,,
30398.6553350389,42,,
30418.68086490035,31,,
30438.7063947618,39,,
30458.73192462325,40,,
30478.7574544847,39,,
30498.78298434615,42,,
30518.8085142076,41,,
30538.83404406905,31,,
30558.859573930502,38,,
30578.885103791952,38,,
30598.910633653402,30,,
30618.936163514853,39,,
30638.961693376303,35,,
30658.987223237753,47,,
30679.012753099203,31,,
30699.038282960653,35,,
30719.063812822104,18,,
30739.089342683554,35,,
30759.114872545004,24,,
30779.140402406454,36,,
30799.165932267904,37,,
30819.191462129354,28,,
30839.216991990805,30,,
30859.242521852255,43,,
30879.268051713705,23,,
30899.293581575155,41,,
30919.319111436605,39,,
30939.344641298056,35,,
30959.370171159506,28,,
30979.395701020956,32,,
30999.421230882406,39,,
31019.446760743856,42,,
31039.472290605307,34,,
31059.497820466757,40,,
31079.523350328207,32,,
31099.548880189657,33,,
31119.574410051107,34,,
31139.599939912558,31,,
31159.625469774008,32,,
31179.650999635458,35,,
31199.67652949691,27,,
31219.70205935836,26,,
31239.72758921981,33,,
31259.75311908126,35,,
31279.77864894271,28,,
31299.80417880416,25,,
31319.82970866561,42,,
31339.85523852706,31,,
31359.88076838851,40,,
31379.90629824996,27,,
31399.93182811141,34,,
31419.95735797286,23,,
31439.98288783431,35,,
31460.00841769576,30,,
31480.03394755721,40,,
31500.05947741866,29,,
31520.08500728011,29,,
31540.11053714156,36,,
31560.13606700301,26,,
31580.161596864462,32,,
31600.187126725912,29,,
31620.212656587362,36,,
31640.238186448812,24,,
31660.263716310263,32,,
31680.289246171713,26,,
31700.314776033163,35,,
31720.340305894613,28,,
31740.365835756063,20,,
31760.391365617514,34,,
31780.416895478964,36,,
31800.442425340414,31,,
31820.467955201864,35,,
31840.493485063314,21,,
31860.519014924765,28,,
31880.544544786215,26,,
31900.570074647665,34,,
31920.595604509115,36,,
31940.621134370565,41,,
31960.646664232016,34,,
31980.672194093466,32,,
32000.697723954916,34,,
32020.723253816366,23,,
32040.748783677816,29,,
32060.774313539267,28,,
32080.799843400717,31,,
32100.825373262167,32,,
32120.850903123617,23,,
32140.876432985067,35,,
32160.901962846518,37,,
32180.927492707968,25,,
32200.953022569418,19,,
32220.978552430868,27,,
32241.00408229232,25,,
32261.02961215377,30,,
32281.05514201522,27,,
32301.08067187667,24,,
32321.10620173812,28,,
32341.13173159957,22,,
32361.15726146102,30,,
32381.18279132247,32,,
32401.20832118392,30,,
32421.23385104537,29,,
32441.25938090682,20,,
32461.28491076827,43,,
32481.31044062972,17,,
32501.33597049117,33,,
32521.36150035262,21,,
32541.38703021407,32,,
32561.41256007552,27,,
32581.43808993697,30,,
32601.463619798422,28,,
32621.489149659872,19,,
32641.514679521322,29,,
32661.540209382772,28,,
32681.565739244223,38,,
32701.591269105673,24,,
32721.616798967123,19,,
32741.642328828573,39,,
32761.667858690023,36,,
32781.69338855147,21,,
32801.718918412924,32,,
32821.744448274374,28,,
32841.769978135824,27,,
32861.795507997274,24,,
32881.821037858725,31,,
32901.846567720175,26,,
32921.872097581625,28,,
32941.897627443075,21,,
32961.923157304525,29,,
32981.948687165976,29,,
33001.974217027426,30,,
33021.999746888876,33,,
33042.025276750326,30,,
33062.050806611776,28,,
33082.07633647323,25,,
33102.10186633468,25,,
33122.12739619613,28,,
33142.15292605758,27,,
33162.17845591903,27,,
33182.20398578048,27,,
33202.22951564193,31,,
33222.25504550338,28,,
33242.28057536483,20,,
33262.30610522628,20,,
33282.33163508773,21,,
33302.35716494918,32,,
33322.38269481063,26,,
33342.40822467208,21,,
33362.43375453353,18,,
33382.45928439498,16,,
33402.48481425643,22,,
33422.51034411788,26,,
33442.53587397933,36,,
33462.56140384078,27,,
33482.58693370223,22,,
33502.61246356368,21,,
33522.63799342513,21,,
33542.66352328658,27,,
33562.68905314803,22,,
33582.71458300948,16,,
33602.74011287093,21,,
33622.76564273238,29,,
33642.79117259383,27,,
33662.81670245528,23,,
33682.84223231673,23,,
33702.86776217818,18,,
33722.89329203963,18,,
33742.91882190108,20,,
33762.94435176253,24,,
33782.96988162398,25,,
33802.99541148543,14,,
33823.020941346884,20,,
33843.046471208334,16,,
33863.072001069784,16,,
33883.097530931234,21,,
33903.123060792685,20,,
33923.148590654135,13,,
33943.174120515585,25,,
33963.199650377035,22,,
33983.225180238485,22,,
34003.250710099936,20,,
34023.276239961386,20,,
34043.301769822836,25,,
34063.327299684286,24,,
34083.352829545736,21,,
34103.37835940719,16,,
34123.40388926864,19,,
34143.42941913009,30,,
34163.45494899154,28,,
34183.48047885299,15,,
34203.50600871444,24,,
34223.53153857589,18,,
34243.55706843734,20,,
34263.58259829879,17,,
34283.60812816024,27,,
34303.63365802169,23,,
34323.65918788314,17,,
34343.68471774459,18,,
34363.71024760604,26,,
34383.73577746749,15,,
34403.76130732894,16,,
34423.78683719039,22,,
34443.81236705184,12,,
34463.83789691329,20,,
34483.86342677474,21,,
34503.88895663619,15,,
34523.91448649764,19,,
34543.94001635909,18,,
34563.96554622054,16,,
34583.99107608199,16,,
34604.01660594344,17,,
34624.04213580489,18,,
34644.06766566634,24,,
34664.09319552779,19,,
34684.11872538924,22,,
34704.14425525069,25,,
34724.16978511214,20,,
34744.19531497359,27,,
34764.22084483504,23,,
34784.24637469649,25,,
34804.27190455794,18,,
34824.29743441939,23,,
34844.322964280844,33,,
34864.348494142294,24,,
34884.374024003744,36,,
34904.399553865194,26,,
34924.425083726645,17,,
34944.450613588095,21,,
34964.476143449545,23,,
34984.501673310995,26,,
35004.527203172445,17,,
35024.552733033895,17,,
35044.578262895346,16,,
35064.603792756796,20,,
35084.629322618246,25,,
35104.654852479696,20,,
35124.68038234115,24,,
35144.7059122026,14,,
35164.73144206405,10,,
35184.7569719255,21,,
35204.78250178695,14,,
35224.8080316484,16,,
35244.83356150985,13,,
35264.8590913713,17,,
35284.88462123275,12,,
35304.9101510942,10,,
35324.93568095565,11,,
35344.9612108171,20,,
35364.98674067855,12,,
35385.01227054,11,,
35405.03780040145,12,,
35425.0633302629,17,,
35445.08886012435,13,,
35465.1143899858,13,,
35485.13991984725,13,,
35505.1654497087,17,,
35525.19097957015,11,,
35545.2165094316,14,,
35565.24203929305,12,,
35585.2675691545,8,,
35605.29309901595,7,,
35625.3186288774,7,,
35645.34415873885,15,,
35665.3696886003,13,,
35685.39521846175,10,,
35705.4207483232,12,,
35725.44627818465,11,,
35745.4718080461,11,,
35765.49733790755,10,,
35785.522867769,8,,
35805.54839763045,16,,
35825.5739274919,9,,
35845.59945735335,16,,
35865.624987214804,10,,
35885.650517076254,20,,
35905.676046937704,12,,
35925.701576799154,8,,
35945.727106660604,16,,
35965.752636522055,10,,
35985.778166383505,14,,
36005.803696244955,8,,
36025.829226106405,10,,
36045.854755967855,12,,
36065.880285829306,16,,
36085.905815690756,12,,
36105.931345552206,9,,
36125.956875413656,10,,
36145.98240527511,12,,
36166.00793513656,10,,
36186.03346499801,8,,
36206.05899485946,13,,
36226.08452472091,6,,
36246.11005458236,13,,
36266.13558444381,11,,
36286.16111430526,10,,
36306.18664416671,14,,
36326.21217402816,6,,
36346.23770388961,9,,
36366.26323375106,7,,
36386.28876361251,10,,
36406.31429347396,11,,
36426.33982333541,5,,
36446.36535319686,8,,
36466.39088305831,8,,
36486.41641291976,7,,
36506.44194278121,5,,
36526.46747264266,7,,
36546.49300250411,8,,
36566.51853236556,7,,
36586.54406222701,7,,
36606.56959208846,14,,
36626.59512194991,10,,
36646.62065181136,6,,
36666.64618167281,12,,
36686.67171153426,6,,
36706.69724139571,5,,
36726.72277125716,11,,
36746.74830111861,9,,
36766.77383098006,6,,
36786.79936084151,12,,
36806.82489070296,10,,
36826.85042056441,9,,
36846.87595042586,10,,
36866.90148028731,5,,
36886.927010148764,12,,
36906.952540010214,7,,
36926.978069871664,5,,
36947.003599733114,9,,
36967.029129594564,13,,
36987.054659456015,6,,
37007.080189317465,3,,
37027.105719178915,10,,
37047.131249040365,14,,
37067.156778901815,14,,
37087.182308763266,4,,
37107.207838624716,7,,
37127.233368486166,9,,
37147.258898347616,7,,
37167.28442820907,10,,
37187.30995807052,10,,
37207.33548793197,7,,
37227.36101779342,6,,
37247.38654765487,7,,
37267.41207751632,3,,
37287.43760737777,6,,
37307.46313723922,13,,
37327.48866710067,6,,
37347.51419696212,9,,
37367.53972682357,5,,
37387.56525668502,11,,
37407.59078654647,4,,
37427.61631640792,3,,
37447.64184626937,3,,
37467.66737613082,9,,
37487.69290599227,8,,
37507.71843585372,7,,
37527.74396571517,7,,
37547.76949557662,9,,
37567.79502543807,8,,
37587.82055529952,4,,
37607.84608516097,4,,
37627.87161502242,8,,
37647.89714488387,7,,
37667.92267474532,4,,
37687.94820460677,9,,
37707.97373446822,5,,
37727.99926432967,3,,
37748.02479419112,6,,
37768.05032405257,5,,
37788.07585391402,4,,
37808.10138377547,3,,
37828.12691363692,7,,
37848.15244349837,8,,
37868.17797335982,4,,
37888.20350322127,5,,
37908.22903308272,1,,
37928.254562944174,4,,
37948.280092805624,5,,
37968.305622667074,4,,
37988.331152528524,5,,
38008.356682389975,6,,
38028.382212251425,1,,
38048.407742112875,4,,
38068.433271974325,3,,
38088.458801835775,3,,
38108.484331697226,3,,
38128.509861558676,1,,
38148.535391420126,3,,
38168.560921281576,1,,
38188.586451143026,6,,
38208.61198100448,1,,
38228.63751086593,6,,
38248.66304072738,2,,
38268.68857058883,1,,
38288.71410045028,3,,
38308.73963031173,3,,
38328.76516017318,2,,
38348.79069003463,3,,
38368.81621989608,1,,
38388.84174975753,3,,
38408.86727961898,4,,
38428.89280948043,3,,
38448.91833934188,3,,
38468.94386920333,1,,
38488.96939906478,3,,
38508.99492892623,6,,
38529.02045878768,1,,
38549.04598864913,3,,
38569.07151851058,1,,
38589.09704837203,1,,
38609.12257823348,3,,
38629.14810809493,5,,
38649.17363795638,1,,
38669.19916781783,3,,
38689.22469767928,2,,
38709.25022754073,0,,
38729.27575740218,0,,
38749.30128726363,2,,
38769.32681712508,0,,
38789.35234698653,2,,
38809.37787684798,1,,
38829.40340670943,1,,
38849.42893657088,0,,
38869.45446643233,3,,
38889.47999629378,4,,
38909.50552615523,4,,
38929.53105601668,1,,
38949.556585878134,2,,
38969.582115739584,6,,
38989.607645601034,1,,
39009.633175462484,0,,
39029.658705323935,3,,
39049.684235185385,2,,
39069.709765046835,0,,
39089.735294908285,1,,
39109.760824769735,1,,
39129.786354631186,1,,
39149.811884492636,3,,
39169.837414354086,2,,
39189.862944215536,0,,
39209.888474076986,2,,
39229.91400393844,1,,
39249.93953379989,2,,
39269.96506366134,1,,
39289.99059352279,0,,
39310.01612338424,1,,
39330.04165324569,0,,
39350.06718310714,1,,
39370.09271296859,0,,
39390.11824283004,1,,
39410.14377269149,0,,
39430.16930255294,1,,
39450.19483241439,0,,
39470.22036227584,0,,
39490.24589213729,2,,
39510.27142199874,2,,
39530.29695186019,1,,
39550.32248172164,2,,
39570.34801158309,1,,
39590.37354144454,0,,
39610.39907130599,0,,
39630.42460116744,0,,
39650.45013102889,0,,
39670.47566089034,2,,
39690.50119075179,0,,
39710.52672061324,0,,
39730.55225047469,0,,
39750.57778033614,3,,
39770.60331019759,3,,
39790.62884005904,1,,
39810.65436992049,1,,
39830.67989978194,0,,
39850.70542964339,0,,
39870.73095950484,0,,
39890.75648936629,0,,
39910.78201922774,2,,
39930.80754908919,0,,
39950.83307895064,2,,
39970.858608812094,3,,
39990.884138673544,1,,
40010.909668534994,0,,
40030.935198396444,0,,
40050.960728257895,1,,
40070.986258119345,1,,
40091.011787980795,1,,
40111.037317842245,2,,
40131.062847703695,0,,
40151.088377565145,0,,
40171.113907426596,2,,
40191.139437288046,0,,
40211.164967149496,0,,
40231.190497010946,2,,
40251.2160268724,0,,
40271.24155673385,0,,
40291.2670865953,2,,
40311.29261645675,1,,
40331.3181463182,0,,
40351.34367617965,0,,
40371.3692060411,1,,
40391.39473590255,0,,
40411.420265764,1,,
40431.44579562545,0,,
40451.4713254869,0,,
40471.49685534835,0,,
40491.5223852098,0,,
40511.54791507125,0,,
40531.5734449327,0,,
40551.59897479415,0,,
40571.6245046556,0,,
40591.65003451705,1,,
40611.6755643785,1,,
40631.70109423995,2,,
40651.7266241014,1,,
40671.75215396285,2,,
40691.7776838243,0,,
40711.80321368575,1,,
40731.8287435472,0,,
40751.85427340865,0,,
40771.8798032701,0,,
40791.90533313155,0,,
40811.930862993,0,,
40831.95639285445,0,,
40851.9819227159,0,,
40872.00745257735,0,,
40892.0329824388,1,,
40912.05851230025,0,,
40932.0840421617,1,,
40952.10957202315,0,,
40972.1351018846,0,,
40992.160631746054,0,,
