Instrument,800N11403
Date,2023/05/08
Time,10:27:10
Assay #,0010
Application,Li Index
Method,Li Index
Assay Duration (set),90s
Assay Duration (total actual),100.51s
Temperature (Detector),-27.0 C
Temperature (Ambient),40.72 C
Phase Count,3
Phases,"Phase 1(30s): 15.0kV, 39.6uA (No Filter)","Phase 2(30s): 50.0kV, 30.95uA (Cu:75um/Ti:25um/Al:200um)","Phase 3(30s): 30.0kV, 43.55uA (Ti:25um/Al:300um)"
 
 
RESULTS:
Z,Compound,Concentration(%),Error(1SD)
12,Mg,0.3134,0.0455
13,Al,4.4903,0.0306
14,Si,33.0968,0.0607
15,P,0.1284,0.0045
16,S,0.0561,0.0019
19,K,1.3392,0.0038
20,Ca,0.756,0.0027
22,Ti,0.323,0.0042
24,Cr,0.0076,0.0007
25,Mn,0.0403,0.0009
26,Fe,2.8044,0.0044
28,Ni,0.0,0.0002
29,Cu,0.0083,0.0001
30,Zn,0.0146,0.0006
31,Ga,0.0023,0.0004
37,Rb,0.1288,0.0005
38,Sr,0.0203,0.0002
40,Zr,0.0124,0.0003
41,Nb,0.1628,0.0005
50,Sn,0.0721,0.0005
55,Cs,0.0277,0.0014
56,Ba,0.1043,0.0028
73,Ta,0.0009,0.0003
74,W,0.0005,0.0007
81,Tl,0.0011,0.0002
82,Pb,0.01,0.0004
100,Li_IDX,0.563,0.0
 
 
SPECTRA:
eV Channel Start,0.15335218608379364,0.18951956927776337,0.06590734422206879
eV per Channel,20.055511474609375,20.055511474609375,20.055511474609375
 
Energy (eV),Counts (Phase 1),Counts (Phase 2),Counts (Phase 3)
0.15335218608379364,0,0,0
20.20886366069317,0,0,0
40.264375135302544,0,0,0
60.31988660991192,0,0,0
80.3753980845213,0,0,0
100.43090955913067,0,0,0
120.48642103374004,0,0,0
140.54193250834942,0,0,0
160.5974439829588,0,0,0
180.65295545756817,0,0,0
200.70846693217754,0,0,0
220.76397840678692,0,0,0
240.8194898813963,0,0,0
260.87500135600567,0,0,0
280.93051283061504,0,0,0
300.9860243052244,2,1,4
321.0415357798338,58,59,54
341.09704725444317,606,687,625
361.15255872905254,3072,3474,3259
381.2080702036619,6801,7793,7296
401.2635816782713,6983,7941,7283
421.31909315288067,2928,3336,3188
441.37460462749004,589,636,652
461.4301161020994,70,73,59
481.4856275767088,3,11,1
501.54113905131817,2,3,2
521.5966505259275,0,3,6
541.6521620005369,0,2,5
561.7076734751463,0,4,1
581.7631849497557,75,594,406
601.818696424365,71,589,387
621.8742078989744,66,608,365
641.9297193735838,90,573,350
661.9852308481932,61,574,375
682.0407423228025,70,556,339
702.0962537974119,72,606,368
722.1517652720213,57,593,372
742.2072767466307,81,594,368
762.26278822124,70,560,362
782.3182996958494,65,564,373
802.3738111704588,68,519,350
822.4293226450682,72,551,362
842.4848341196775,75,538,334
862.5403455942869,98,528,331
882.5958570688963,134,519,346
902.6513685435057,193,488,356
922.706880018115,266,596,336
942.7623914927244,333,535,358
962.8179029673338,254,536,328
982.8734144419432,216,511,323
1002.9289259165525,106,513,340
1022.9844373911619,132,526,291
1043.0399488657713,145,516,325
1063.0954603403807,172,477,341
1083.15097181499,187,567,316
1103.2064832895994,176,468,318
1123.2619947642088,159,503,306
1143.3175062388182,135,503,339
1163.3730177134275,144,482,306
1183.428529188037,193,489,340
1203.4840406626463,252,437,307
1223.5395521372557,260,509,345
1243.595063611865,279,446,282
1263.6505750864744,204,463,271
1283.7060865610838,141,439,292
1303.7615980356932,162,451,238
1323.8171095103025,129,441,247
1343.872620984912,148,444,281
1363.9281324595213,151,487,268
1383.9836439341307,272,433,262
1404.03915540874,619,449,299
1424.0946668833494,1818,411,262
1444.1501783579588,3822,449,297
1464.2056898325682,5975,428,332
1484.2612013071775,6768,458,334
1504.316712781787,5510,422,338
1524.3722242563963,3550,466,305
1544.4277357310057,2004,432,228
1564.483247205615,1348,443,269
1584.5387586802244,972,447,228
1604.5942701548338,845,413,223
1624.6497816294432,1405,419,224
1644.7052931040525,4844,422,242
1664.760804578662,15962,454,345
1684.8163160532713,41451,473,573
1704.8718275278807,79025,549,930
1724.92733900249,109356,575,1265
1744.9828504770994,109540,575,1175
1765.0383619517088,80596,507,901
1785.0938734263182,45244,443,587
1805.1493849009275,21078,508,396
1825.204896375537,10246,453,286
1845.2604078501463,5870,436,252
1865.3159193247557,3315,425,198
1885.371430799365,1797,437,202
1905.4269422739744,1028,466,209
1925.4824537485838,731,481,198
1945.5379652231932,669,409,197
1965.5934766978025,835,433,201
1985.648988172412,972,431,203
2005.7044996470213,1104,408,175
2025.7600111216307,1001,492,193
2045.81552259624,752,432,179
2065.8710340708494,505,451,166
2085.926545545459,433,423,178
2105.982057020068,450,414,172
2126.0375684946775,628,431,161
2146.093079969287,792,423,161
2166.1485914438963,873,426,161
2186.2041029185057,830,444,172
2206.259614393115,711,399,155
2226.3151258677244,748,421,158
2246.370637342334,814,417,150
2266.426148816943,877,441,160
2286.4816602915525,956,387,155
2306.537171766162,982,410,144
2326.5926832407713,957,412,116
2346.6481947153807,945,393,135
2366.70370618999,999,419,116
2386.7592176645994,914,396,131
2406.814729139209,842,386,128
2426.870240613818,756,377,133
2446.9257520884275,628,360,117
2466.981263563037,620,388,119
2487.0367750376463,668,388,111
2507.0922865122557,692,380,100
2527.147797986865,731,368,116
2547.2033094614744,782,394,90
2567.258820936084,936,368,106
2587.314332410693,1439,425,136
2607.3698438853025,2486,412,108
2627.425355359912,4316,377,101
2647.4808668345213,7525,384,131
2667.5363783091307,10900,326,102
2687.59188978374,13319,360,106
2707.6474012583494,13022,353,106
2727.702912732959,10351,392,98
2747.758424207568,7421,362,87
2767.8139356821775,5404,370,96
2787.869447156787,5145,353,92
2807.9249586313963,5890,369,113
2827.9804701060057,6732,342,104
2848.035981580615,6559,370,105
2868.0914930552244,6125,359,116
2888.147004529834,5840,356,122
2908.202516004443,6572,364,166
2928.2580274790525,7639,335,232
2948.313538953662,8474,397,285
2968.3690504282713,8078,325,268
2988.4245619028807,6605,346,206
3008.48007337749,4749,337,169
3028.5355848520994,2974,299,119
3048.591096326709,1878,341,104
3068.646607801318,1186,319,108
3088.7021192759275,1045,332,72
3108.757630750537,1127,329,81
3128.8131422251463,1180,305,89
3148.8686536997557,1397,332,89
3168.924165174365,1613,324,101
3188.9796766489744,1998,320,143
3209.035188123584,2831,379,180
3229.090699598193,4826,439,362
3249.1462110728025,8961,526,543
3269.201722547412,14340,630,925
3289.2572340220213,20778,714,1267
3309.3127454966307,24337,706,1457
3329.36825697124,23096,649,1338
3349.4237684458494,17863,545,1075
3369.479279920459,11525,456,587
3389.534791395068,6654,368,420
3409.5903028696775,3484,395,237
3429.645814344287,2291,353,222
3449.7013258188963,1804,385,189
3469.7568372935057,1821,426,170
3489.812348768115,1825,464,184
3509.8678602427244,2030,419,249
3529.923371717334,2426,446,260
3549.978883191943,3223,396,285
3570.0343946665525,4305,360,311
3590.089906141162,5524,382,367
3610.1454176157713,7487,371,498
3630.2009290903807,10296,369,742
3650.25644056499,14487,393,941
3670.3119520395994,17867,435,1196
3690.367463514209,19568,455,1344
3710.422974988818,17569,425,1151
3730.4784864634275,13830,379,909
3750.533997938037,8950,337,593
3770.5895094126463,5108,308,323
3790.6450208872557,2536,259,211
3810.700532361865,1455,269,124
3830.7560438364744,1016,250,62
3850.811555311084,891,271,62
3870.867066785693,921,258,57
3890.9225782603025,1011,254,69
3910.978089734912,1236,246,75
3931.0336012095213,1465,224,100
3951.0891126841307,1910,225,124
3971.14462415874,2511,239,196
3991.2001356333494,3127,265,227
4011.255647107959,3357,248,241
4031.311158582568,3206,252,214
4051.3666700571775,2717,234,169
4071.422181531787,2117,215,149
4091.4776930063963,1729,209,99
4111.533204481006,1188,205,90
4131.588715955615,1087,213,65
4151.644227430224,1023,209,57
4171.699738904834,934,202,35
4191.755250379443,950,216,51
4211.8107618540525,1009,225,56
4231.866273328662,1092,179,65
4251.921784803271,1163,181,69
4271.977296277881,1256,225,74
4292.03280775249,1307,214,95
4312.088319227099,1266,202,77
4332.143830701709,1272,170,80
4352.199342176318,1281,197,80
4372.2548536509275,1476,175,103
4392.310365125537,2028,198,142
4412.365876600146,3188,208,318
4432.421388074756,5070,254,468
4452.476899549365,7773,296,776
4472.532411023974,10667,353,1072
4492.587922498584,12506,376,1315
4512.643433973193,12976,356,1373
4532.6989454478025,11782,327,1255
4552.754456922412,9352,298,930
4572.809968397021,6645,278,732
4592.865479871631,4842,251,525
4612.92099134624,3549,203,406
4632.976502820849,2922,221,444
4653.032014295459,2706,230,403
4673.087525770068,2446,218,357
4693.1430372446775,2167,195,281
4713.198548719287,1968,206,251
4733.254060193896,1816,167,167
4753.309571668506,1907,169,168
4773.365083143115,2124,170,170
4793.420594617724,2549,202,265
4813.476106092334,2796,187,323
4833.531617566943,3226,212,333
4853.5871290415525,3477,202,359
4873.642640516162,3659,224,402
4893.698151990771,3598,206,348
4913.753663465381,3726,197,370
4933.80917493999,3747,193,369
4953.864686414599,3608,161,352
4973.920197889209,3254,196,265
4993.975709363818,2868,176,237
5014.0312208384275,2457,161,196
5034.086732313037,2496,164,152
5054.142243787646,2199,145,141
5074.197755262256,2073,142,152
5094.253266736865,1966,131,143
5114.308778211474,2102,138,124
5134.364289686084,2032,129,143
5154.419801160693,2138,150,154
5174.4753126353025,2204,149,181
5194.530824109912,2418,156,173
5214.586335584521,2516,142,221
5234.641847059131,2614,149,260
5254.69735853374,2730,179,289
5274.752870008349,2740,171,265
5294.808381482959,2645,163,258
5314.863892957568,2725,148,236
5334.9194044321775,2755,177,234
5354.974915906787,2908,184,220
5375.030427381396,3069,185,246
5395.085938856006,3396,183,242
5415.141450330615,3276,212,244
5435.196961805224,3088,173,236
5455.252473279834,2865,201,202
5475.307984754443,2632,153,171
5495.3634962290525,2334,138,126
5515.419007703662,2100,105,155
5535.474519178271,2129,101,133
5555.530030652881,2043,118,112
5575.58554212749,1899,103,103
5595.641053602099,2036,100,121
5615.696565076709,2163,95,145
5635.752076551318,2093,93,130
5655.8075880259275,2027,112,122
5675.863099500537,2071,82,128
5695.918610975146,2067,83,136
5715.974122449756,2042,71,119
5736.029633924365,2113,105,139
5756.085145398974,2027,97,148
5776.140656873584,2112,103,179
5796.196168348193,2282,117,217
5816.2516798228025,2550,111,256
5836.307191297412,2826,114,350
5856.362702772021,3217,148,448
5876.418214246631,3489,148,532
5896.47372572124,3675,139,518
5916.529237195849,3548,136,516
5936.584748670459,3364,135,444
5956.640260145068,2916,123,335
5976.6957716196775,2607,127,272
5996.751283094287,2417,107,186
6016.806794568896,2262,91,161
6036.862306043506,2153,92,159
6056.917817518115,2120,90,149
6076.973328992724,2124,85,142
6097.028840467334,2127,96,180
6117.084351941943,2110,78,187
6137.1398634165525,2091,99,165
6157.195374891162,2241,81,202
6177.250886365771,2315,94,211
6197.306397840381,2657,113,333
6217.36190931499,3187,135,547
6237.417420789599,4564,232,1107
6257.472932264209,8169,451,2363
6277.528443738818,15103,901,5081
6297.5839552134275,27538,1625,9861
6317.639466688037,47024,2765,17516
6337.694978162646,72799,4368,27574
6357.750489637256,100492,6058,38182
6377.806001111865,123602,7396,47520
6397.861512586474,135126,8260,51981
6417.917024061084,130030,7773,49612
6437.972535535693,111484,6742,43350
6458.0280470103025,84578,5224,32609
6478.083558484912,57055,3391,21831
6498.139069959521,34797,2083,13272
6518.194581434131,19578,1101,7139
6538.25009290874,10311,560,3394
6558.305604383349,5491,280,1632
6578.361115857959,3298,160,735
6598.416627332568,2421,106,386
6618.4721388071775,2077,83,242
6638.527650281787,2017,67,214
6658.583161756396,1843,59,186
6678.638673231006,1902,54,176
6698.694184705615,1746,72,170
6718.749696180224,1770,84,146
6738.805207654834,1801,66,146
6758.860719129443,1770,61,152
6778.9162306040525,1763,72,149
6798.971742078662,1951,67,178
6819.027253553271,1888,77,215
6839.082765027881,2082,81,207
6859.13827650249,2153,84,272
6879.193787977099,2440,98,373
6899.249299451709,2842,140,532
6919.304810926318,3685,184,874
6939.3603224009275,4978,253,1418
6959.415833875537,7216,395,2409
6979.471345350146,10441,640,3737
6999.526856824756,14384,899,5269
7019.582368299365,17786,1106,6981
7039.637879773974,20447,1307,7965
7059.693391248584,21418,1401,8499
7079.748902723193,19824,1382,7991
7099.8044141978025,17004,1128,6574
7119.859925672412,13202,889,5066
7139.915437147021,9465,543,3506
7159.970948621631,6135,388,2242
7180.02646009624,4042,244,1231
7200.081971570849,2608,134,609
7220.137483045459,2017,69,339
7240.192994520068,1682,53,168
7260.2485059946775,1454,51,97
7280.304017469287,1468,34,58
7300.359528943896,1412,38,58
7320.415040418506,1428,33,53
7340.470551893115,1469,33,52
7360.526063367724,1480,45,49
7380.581574842334,1535,52,71
7400.637086316943,1608,56,79
7420.6925977915525,1688,65,112
7440.748109266162,1717,79,128
7460.803620740771,1724,86,122
7480.859132215381,1755,77,129
7500.91464368999,1696,70,127
7520.970155164599,1677,84,107
7541.025666639209,1517,42,90
7561.081178113818,1456,67,78
7581.1366895884275,1371,52,65
7601.192201063037,1359,44,45
7621.247712537646,1309,36,45
7641.303224012256,1332,39,36
7661.358735486865,1326,36,29
7681.414246961474,1346,29,33
7701.469758436084,1288,28,38
7721.525269910693,1377,40,39
7741.5807813853025,1290,30,34
7761.636292859912,1349,39,41
7781.691804334521,1333,28,39
7801.747315809131,1311,26,38
7821.80282728374,1375,27,47
7841.858338758349,1387,32,60
7861.913850232959,1410,35,67
7881.969361707568,1475,47,87
7902.0248731821775,1492,49,160
7922.080384656787,1606,60,227
7942.135896131396,1743,92,413
7962.191407606006,1967,138,626
7982.246919080615,2286,199,909
8002.302430555224,2513,213,1083
8022.357942029834,2709,255,1278
8042.413453504443,2859,248,1416
8062.4689649790525,2981,270,1368
8082.524476453662,2977,222,1216
8102.579987928271,2952,188,899
8122.635499402881,2636,153,717
8142.69101087749,2584,103,479
8162.746522352099,2437,88,360
8182.802033826709,2256,64,197
8202.857545301318,2036,52,142
8222.913056775928,1898,41,96
8242.968568250537,1695,36,81
8263.024079725146,1652,42,78
8283.079591199756,1536,46,78
8303.135102674365,1410,48,55
8323.190614148974,1279,43,57
8343.246125623584,1362,27,48
8363.301637098193,1316,29,59
8383.357148572803,1327,47,67
8403.412660047412,1309,41,69
8423.468171522021,1368,33,85
8443.52368299663,1307,34,60
8463.57919447124,1348,39,70
8483.63470594585,1296,34,123
8503.690217420459,1416,61,172
8523.745728895068,1444,54,226
8543.801240369678,1508,77,373
8563.856751844287,1633,108,505
8583.912263318896,1800,123,633
8603.967774793506,1883,136,734
8624.023286268115,1908,192,831
8644.078797742724,1893,161,839
8664.134309217334,1857,174,742
8684.189820691943,1812,135,683
8704.245332166553,1734,116,515
8724.300843641162,1610,91,399
8744.356355115771,1527,88,283
8764.41186659038,1481,56,221
8784.46737806499,1558,60,166
8804.5228895396,1605,50,155
8824.578401014209,1561,44,173
8844.633912488818,1575,55,207
8864.689423963428,1593,63,254
8884.744935438037,1605,72,275
8904.800446912646,1626,78,310
8924.855958387256,1516,57,293
8944.911469861865,1476,73,227
8964.966981336474,1531,61,258
8985.022492811084,1416,47,178
9005.078004285693,1456,32,149
9025.133515760303,1472,33,128
9045.189027234912,1413,13,106
9065.244538709521,1408,25,104
9085.30005018413,1435,33,83
9105.35556165874,1457,25,107
9125.41107313335,1519,45,138
9145.466584607959,1444,40,138
9165.522096082568,1452,42,173
9185.577607557178,1475,54,198
9205.633119031787,1525,59,233
9225.688630506396,1551,54,279
9245.744141981006,1522,65,259
9265.799653455615,1583,62,260
9285.855164930224,1423,45,267
9305.910676404834,1476,46,228
9325.966187879443,1506,39,223
9346.021699354053,1441,37,199
9366.077210828662,1468,41,175
9386.132722303271,1433,35,143
9406.18823377788,1489,33,175
9426.24374525249,1377,45,148
9446.2992567271,1427,40,164
9466.354768201709,1427,46,169
9486.410279676318,1404,45,198
9506.465791150928,1405,43,205
9526.521302625537,1403,54,231
9546.576814100146,1452,50,231
9566.632325574756,1500,55,273
9586.687837049365,1455,53,271
9606.743348523974,1540,69,269
9626.798859998584,1475,57,233
9646.854371473193,1556,61,236
9666.909882947803,1469,56,224
9686.965394422412,1564,57,224
9707.020905897021,1534,68,234
9727.07641737163,1534,54,187
9747.13192884624,1550,55,167
9767.18744032085,1502,56,193
9787.242951795459,1494,60,153
9807.298463270068,1505,42,177
9827.353974744678,1378,42,181
9847.409486219287,1428,34,190
9867.464997693896,1423,43,193
9887.520509168506,1399,32,200
9907.576020643115,1333,41,198
9927.631532117724,1354,35,201
9947.687043592334,1359,36,195
9967.742555066943,1398,28,175
9987.798066541553,1413,28,187
10007.853578016162,1369,22,195
10027.909089490771,1455,35,169
10047.96460096538,1424,24,181
10068.02011243999,1481,21,203
10088.0756239146,1387,31,198
10108.131135389209,1445,18,182
10128.186646863818,1473,26,204
10148.242158338428,1376,34,215
10168.297669813037,1445,30,225
10188.353181287646,1412,28,237
10208.408692762256,1340,38,251
10228.464204236865,1348,41,294
10248.519715711474,1289,44,268
10268.575227186084,1332,48,271
10288.630738660693,1270,40,273
10308.686250135303,1270,41,272
10328.741761609912,1312,44,312
10348.797273084521,1248,47,295
10368.85278455913,1306,31,303
10388.90829603374,1307,52,290
10408.96380750835,1333,68,347
10429.019318982959,1361,68,438
10449.074830457568,1381,84,481
10469.130341932178,1335,112,639
10489.185853406787,1359,117,684
10509.241364881396,1359,135,754
10529.296876356006,1291,143,815
10549.352387830615,1322,135,883
10569.407899305224,1303,133,788
10589.463410779834,1265,108,712
10609.518922254443,1344,101,645
10629.574433729053,1284,83,560
10649.629945203662,1303,63,432
10669.685456678271,1189,56,424
10689.74096815288,1233,46,382
10709.79647962749,1245,39,358
10729.8519911021,1204,36,370
10749.907502576709,1239,42,357
10769.963014051318,1189,38,315
10790.018525525928,1194,47,387
10810.074037000537,1204,45,365
10830.129548475146,1235,58,449
10850.185059949756,1256,50,399
10870.240571424365,1254,52,392
10890.296082898974,1293,42,403
10910.351594373584,1226,34,354
10930.407105848193,1191,49,405
10950.462617322803,1260,37,374
10970.518128797412,1195,33,362
10990.573640272021,1183,34,388
11010.62915174663,1128,27,385
11030.68466322124,1145,35,359
11050.74017469585,1102,34,346
11070.795686170459,1108,31,364
11090.851197645068,1103,34,377
11110.906709119678,1084,26,339
11130.962220594287,1112,28,378
11151.017732068896,1044,26,386
11171.073243543506,1081,28,373
11191.128755018115,1069,32,389
11211.184266492724,1032,35,383
11231.239777967334,1069,38,389
11251.295289441943,1050,34,421
11271.350800916553,1071,30,434
11291.406312391162,1059,34,438
11311.461823865771,1054,30,440
11331.51733534038,1055,31,399
11351.57284681499,1086,29,392
11371.6283582896,1096,34,442
11391.683869764209,1004,40,455
11411.739381238818,1025,50,454
11431.794892713428,1032,41,441
11451.850404188037,1001,43,448
11471.905915662646,1011,36,471
11491.961427137256,1020,49,428
11512.016938611865,1052,45,429
11532.072450086474,1030,58,498
11552.127961561084,994,43,446
11572.183473035693,976,43,523
11592.238984510303,1003,49,521
11612.294495984912,1027,48,528
11632.350007459521,948,44,508
11652.40551893413,981,54,554
11672.46103040874,1015,53,584
11692.51654188335,953,55,585
11712.572053357959,977,64,585
11732.627564832568,974,42,563
11752.683076307178,936,51,580
11772.738587781787,965,38,599
11792.794099256396,936,31,578
11812.849610731006,957,37,587
11832.905122205615,984,28,537
11852.960633680224,928,25,543
11873.016145154834,936,24,515
11893.071656629443,865,30,572
11913.127168104053,932,22,579
11933.182679578662,851,29,521
11953.238191053271,911,25,553
11973.29370252788,909,26,543
11993.34921400249,869,24,547
12013.4047254771,880,27,543
12033.460236951709,910,34,583
12053.515748426318,856,24,583
12073.571259900928,888,37,590
12093.626771375537,872,24,597
12113.682282850146,808,33,575
12133.737794324756,860,39,545
12153.793305799365,826,40,593
12173.848817273974,839,38,617
12193.904328748584,819,52,660
12213.959840223193,871,49,644
12234.015351697803,791,41,652
12254.070863172412,772,37,690
12274.126374647021,796,36,652
12294.18188612163,872,30,649
12314.23739759624,761,43,622
12334.29290907085,761,32,644
12354.348420545459,809,34,695
12374.403932020068,798,37,672
12394.459443494678,753,33,653
12414.514954969287,799,25,655
12434.570466443896,786,30,681
12454.625977918506,744,41,687
12474.681489393115,718,38,711
12494.737000867724,721,40,752
12514.792512342334,753,39,718
12534.848023816943,737,61,779
12554.903535291553,716,59,713
12574.959046766162,730,62,759
12595.014558240771,687,56,834
12615.07006971538,752,67,799
12635.12558118999,763,61,805
12655.1810926646,704,66,844
12675.236604139209,841,66,854
12695.292115613818,810,74,831
12715.347627088428,908,69,864
12735.403138563037,998,59,865
12755.458650037646,999,63,837
12775.514161512256,1095,62,841
12795.569672986865,1160,61,937
12815.625184461474,1183,60,916
12835.680695936084,1140,70,915
12855.736207410693,1058,89,956
12875.791718885303,1005,82,1023
12895.847230359912,942,108,1024
12915.902741834521,836,106,1038
12935.95825330913,712,127,1144
12956.01376478374,739,138,1142
12976.06927625835,644,157,1108
12996.124787732959,596,139,1150
13016.180299207568,613,136,1127
13036.235810682178,595,137,1089
13056.291322156787,586,138,1088
13076.346833631396,538,132,1079
13096.402345106006,556,117,1078
13116.457856580615,556,116,1149
13136.513368055224,549,163,1273
13156.568879529834,531,213,1509
13176.624391004443,592,343,1799
13196.679902479053,554,533,2477
13216.735413953662,546,809,3417
13236.790925428271,561,1225,4813
13256.84643690288,528,1668,6439
13276.90194837749,536,2276,8525
13296.9574598521,528,2871,10652
13317.012971326709,498,3612,12852
13337.068482801318,558,4122,14890
13357.123994275928,552,4645,16228
13377.179505750537,531,4757,17018
13397.235017225146,591,4758,16527
13417.290528699756,561,4333,15505
13437.346040174365,590,3886,13777
13457.401551648974,607,3235,11415
13477.457063123584,581,2529,8953
13497.512574598193,619,1935,7063
13517.568086072803,548,1284,5079
13537.623597547412,506,828,3799
13557.679109022021,531,577,2789
13577.73462049663,480,342,2036
13597.79013197124,435,242,1661
13617.84564344585,455,151,1320
13637.901154920459,372,98,1150
13657.956666395068,392,77,1088
13678.012177869678,382,64,1081
13698.067689344287,378,70,1027
13718.123200818896,352,52,1032
13738.178712293506,336,57,1024
13758.234223768115,320,44,1005
13778.289735242724,344,40,1003
13798.345246717334,364,43,1015
13818.400758191943,304,59,1035
13838.456269666553,318,47,1038
13858.511781141162,346,46,1007
13878.567292615771,305,49,1038
13898.62280409038,312,63,1092
13918.67831556499,299,63,1144
13938.7338270396,286,106,1196
13958.789338514209,281,118,1314
13978.844849988818,287,182,1397
13998.900361463428,245,249,1648
14018.955872938037,283,277,1949
14039.011384412646,264,457,2246
14059.066895887256,252,549,2455
14079.122407361865,216,643,2864
14099.177918836474,240,738,3244
14119.233430311084,217,787,3323
14139.288941785693,254,877,3464
14159.344453260303,227,903,3538
14179.399964734912,210,822,3434
14199.455476209521,183,729,3125
14219.51098768413,210,630,2919
14239.56649915874,246,526,2589
14259.62201063335,196,433,2207
14279.677522107959,181,302,2021
14299.733033582568,167,245,1662
14319.788545057178,171,170,1509
14339.844056531787,177,106,1355
14359.899568006396,158,82,1266
14379.955079481006,153,57,1221
14400.010590955615,148,64,1234
14420.066102430224,128,47,1212
14440.121613904834,141,54,1139
14460.177125379443,140,52,1170
14480.232636854053,140,44,1156
14500.288148328662,139,51,1190
14520.343659803271,118,54,1186
14540.39917127788,141,54,1192
14560.45468275249,107,32,1204
14580.5101942271,95,60,1208
14600.565705701709,111,48,1173
14620.621217176318,76,53,1179
14640.676728650928,98,62,1197
14660.732240125537,85,87,1229
14680.787751600146,83,49,1272
14700.843263074756,95,68,1335
14720.898774549365,69,84,1303
14740.954286023974,66,100,1385
14761.009797498584,69,127,1464
14781.065308973193,69,170,1513
14801.120820447803,54,214,1841
14821.176331922412,61,284,2030
14841.231843397021,62,383,2336
14861.28735487163,53,530,2668
14881.34286634624,48,594,3053
14901.39837782085,53,755,3367
14921.453889295459,43,811,3806
14941.509400770068,42,898,4003
14961.564912244678,50,949,4141
14981.620423719287,48,891,4121
15001.675935193896,46,866,3790
15021.731446668506,44,717,3360
15041.786958143115,35,625,3129
15061.842469617724,33,508,2772
15081.897981092334,33,437,2497
15101.953492566943,34,327,2184
15122.009004041553,43,270,2109
15142.064515516162,35,240,1918
15162.120026990771,26,225,1754
15182.17553846538,23,189,1710
15202.23104993999,36,194,1681
15222.2865614146,44,167,1630
15242.342072889209,34,140,1624
15262.397584363818,28,134,1543
15282.453095838428,33,125,1466
15302.508607313037,24,108,1497
15322.564118787646,28,97,1386
15342.619630262256,31,84,1421
15362.675141736865,30,70,1389
15382.730653211474,27,78,1383
15402.786164686084,25,62,1379
15422.841676160693,27,83,1393
15442.897187635303,24,69,1355
15462.952699109912,32,90,1393
15483.008210584521,29,100,1477
15503.06372205913,25,133,1441
15523.11923353374,28,136,1599
15543.17474500835,36,165,1508
15563.230256482959,33,225,1702
15583.285767957568,34,258,1870
15603.341279432178,22,348,1975
15623.396790906787,37,448,2121
15643.452302381396,31,496,2336
15663.507813856006,32,622,2667
15683.563325330615,35,713,2917
15703.618836805224,26,794,3171
15723.674348279834,29,853,3190
15743.729859754443,27,853,3342
15763.785371229053,23,979,3332
15783.840882703662,27,936,3317
15803.896394178271,33,832,3348
15823.95190565288,28,790,3213
15844.00741712749,23,749,2903
15864.0629286021,23,622,2768
15884.118440076709,34,530,2527
15904.173951551318,32,428,2186
15924.229463025928,22,342,1960
15944.284974500537,25,285,1864
15964.340485975146,29,223,1741
15984.395997449756,22,183,1633
16004.451508924365,32,185,1560
16024.507020398974,28,152,1544
16044.562531873584,20,151,1529
16064.618043348193,24,152,1612
16084.673554822803,34,143,1586
16104.729066297412,18,150,1561
16124.784577772021,28,168,1585
16144.84008924663,15,188,1655
16164.89560072124,26,178,1581
16184.95111219585,18,189,1626
16205.006623670459,27,198,1580
16225.062135145068,27,194,1637
16245.117646619678,29,219,1687
16265.173158094287,28,201,1633
16285.228669568896,18,235,1713
16305.284181043506,23,371,1832
16325.339692518115,25,363,2085
16345.395203992724,25,546,2441
16365.450715467334,21,774,2824
16385.506226941943,25,1185,3530
16405.561738416553,28,1537,4410
16425.617249891162,26,2173,5703
16445.67276136577,29,2867,7037
16465.72827284038,29,3699,8646
16485.78378431499,25,4572,10378
16505.8392957896,19,5356,12106
16525.89480726421,29,6426,13742
16545.950318738818,33,7046,15591
16566.005830213428,25,7687,16294
16586.061341688037,22,7766,17011
16606.116853162646,28,7750,16536
16626.172364637256,23,7372,16193
16646.227876111865,19,6683,14975
16666.283387586474,30,5803,13174
16686.338899061084,26,4898,11162
16706.394410535693,25,4044,9318
16726.449922010303,20,3097,7424
16746.505433484912,24,2374,5804
16766.56094495952,17,1717,4528
16786.61645643413,23,1118,3613
16806.67196790874,20,806,2832
16826.72747938335,18,518,2279
16846.78299085796,17,315,1943
16866.838502332568,19,241,1708
16886.894013807178,14,177,1647
16906.949525281787,15,165,1658
16927.005036756396,25,144,1559
16947.060548231006,18,115,1484
16967.116059705615,26,99,1492
16987.171571180224,13,118,1510
17007.227082654834,21,129,1515
17027.282594129443,21,111,1504
17047.338105604053,20,131,1464
17067.393617078662,18,108,1520
17087.44912855327,26,112,1553
17107.50464002788,15,115,1546
17127.56015150249,13,119,1479
17147.6156629771,23,128,1463
17167.67117445171,17,138,1499
17187.726685926318,29,164,1490
17207.782197400928,17,166,1491
17227.837708875537,21,201,1473
17247.893220350146,26,251,1585
17267.948731824756,12,305,1555
17288.004243299365,22,343,1635
17308.059754773974,22,411,1596
17328.115266248584,19,516,1534
17348.170777723193,14,594,1731
17368.226289197803,23,602,1681
17388.281800672412,21,735,1721
17408.33731214702,24,851,1820
17428.39282362163,20,809,1815
17448.44833509624,26,885,1799
17468.50384657085,17,872,1831
17488.55935804546,26,834,1877
17508.614869520068,12,840,1725
17528.670380994678,21,739,1765
17548.725892469287,17,677,1854
17568.781403943896,18,567,1850
17588.836915418506,18,562,1747
17608.892426893115,24,468,1794
17628.947938367724,16,423,1858
17649.003449842334,25,382,1913
17669.058961316943,24,362,1795
17689.114472791553,22,319,1857
17709.169984266162,23,298,1860
17729.22549574077,21,280,1822
17749.28100721538,15,247,1756
17769.33651868999,16,236,1729
17789.3920301646,12,203,1675
17809.44754163921,16,186,1677
17829.503053113818,17,209,1707
17849.558564588428,16,203,1669
17869.614076063037,15,197,1618
17889.669587537646,20,186,1653
17909.725099012256,15,177,1670
17929.780610486865,13,204,1647
17949.836121961474,15,188,1665
17969.891633436084,11,184,1615
17989.947144910693,15,185,1651
18010.002656385303,14,203,1693
18030.058167859912,10,190,1696
18050.11367933452,18,201,1672
18070.16919080913,21,203,1661
18090.22470228374,17,199,1663
18110.28021375835,19,197,1743
18130.33572523296,14,188,1610
18150.391236707568,17,194,1689
18170.446748182178,18,192,1750
18190.502259656787,17,223,1778
18210.557771131396,16,204,1757
18230.613282606006,19,223,1782
18250.668794080615,12,215,1799
18270.724305555224,12,239,1771
18290.779817029834,19,259,1791
18310.835328504443,15,241,1851
18330.890839979053,14,260,1890
18350.946351453662,14,279,1873
18371.00186292827,14,311,1904
18391.05737440288,14,310,1997
18411.11288587749,13,386,2054
18431.1683973521,16,442,2155
18451.22390882671,13,506,2244
18471.279420301318,12,588,2576
18491.334931775928,13,773,2894
18511.390443250537,14,990,3271
18531.445954725146,13,1097,3497
18551.501466199756,11,1297,3960
18571.556977674365,9,1514,4194
18591.612489148974,13,1568,4547
18611.668000623584,15,1630,4912
18631.723512098193,17,1720,4774
18651.779023572803,16,1624,4834
18671.834535047412,22,1523,4568
18691.89004652202,7,1478,4414
18711.94555799663,14,1323,4010
18732.00106947124,14,1182,3823
18752.05658094585,14,986,3604
18772.11209242046,12,887,3492
18792.167603895068,14,829,3321
18812.223115369678,9,819,3342
18832.278626844287,12,776,3227
18852.334138318896,9,790,3263
18872.389649793506,7,830,3320
18892.445161268115,6,868,3487
18912.500672742724,5,853,3500
18932.556184217334,12,885,3610
18952.611695691943,18,888,3673
18972.667207166553,15,908,3777
18992.722718641162,16,860,3635
19012.77823011577,9,901,3577
19032.83374159038,14,844,3700
19052.88925306499,9,825,3569
19072.9447645396,11,798,3512
19093.00027601421,16,809,3495
19113.055787488818,11,712,3383
19133.111298963428,10,777,3317
19153.166810438037,14,689,3344
19173.222321912646,12,715,3256
19193.277833387256,7,690,3202
19213.333344861865,9,652,3222
19233.388856336474,15,638,3008
19253.444367811084,12,635,3023
19273.499879285693,11,600,3086
19293.555390760303,10,617,2885
19313.610902234912,13,610,2809
19333.66641370952,12,593,2799
19353.72192518413,8,543,2716
19373.77743665874,9,531,2633
19393.83294813335,15,544,2478
19413.88845960796,10,517,2454
19433.943971082568,11,523,2401
19453.999482557178,9,541,2421
19474.054994031787,11,504,2392
19494.110505506396,11,494,2293
19514.166016981006,6,507,2276
19534.221528455615,15,502,2066
19554.277039930224,13,484,2070
19574.332551404834,12,560,2081
19594.388062879443,10,506,2146
19614.443574354053,6,515,2134
19634.499085828662,9,519,2047
19654.55459730327,6,465,1941
19674.61010877788,10,469,2056
19694.66562025249,4,439,1933
19714.7211317271,12,430,1909
19734.77664320171,10,351,1940
19754.832154676318,10,371,1890
19774.887666150928,3,345,1948
19794.943177625537,3,378,1844
19814.998689100146,9,358,1844
19835.054200574756,6,362,1841
19855.109712049365,8,344,1890
19875.165223523974,6,380,1805
19895.220734998584,6,369,1829
19915.276246473193,9,407,1971
19935.331757947803,11,411,2001
19955.387269422412,5,402,2157
19975.44278089702,4,424,2168
19995.49829237163,7,521,2443
20015.55380384624,8,530,2455
20035.60931532085,3,591,2586
20055.66482679546,9,597,2818
20075.720338270068,8,645,2871
20095.775849744678,8,691,3116
20115.831361219287,7,736,3049
20135.886872693896,10,808,3279
20155.942384168506,10,797,3372
20175.997895643115,8,822,3432
20196.053407117724,5,765,3352
20216.108918592334,8,832,3245
20236.164430066943,2,756,3269
20256.219941541553,4,750,3098
20276.275453016162,6,696,2841
20296.33096449077,9,567,2702
20316.38647596538,3,564,2511
20336.44198743999,4,438,2228
20356.4974989146,6,502,2057
20376.55301038921,3,371,1886
20396.608521863818,6,348,1792
20416.664033338428,5,361,1677
20436.719544813037,5,317,1597
20456.775056287646,5,318,1540
20476.830567762256,2,283,1522
20496.886079236865,6,281,1456
20516.941590711474,2,287,1518
20536.997102186084,2,295,1495
20557.052613660693,1,290,1532
20577.108125135303,7,298,1444
20597.163636609912,4,316,1493
20617.21914808452,4,294,1483
20637.27465955913,2,294,1520
20657.33017103374,3,323,1438
20677.38568250835,5,292,1472
20697.44119398296,4,327,1506
20717.496705457568,2,333,1404
20737.552216932178,3,339,1467
20757.607728406787,3,335,1406
20777.663239881396,4,352,1454
20797.718751356006,4,336,1485
20817.774262830615,1,327,1499
20837.829774305224,5,397,1541
20857.885285779834,4,332,1471
20877.940797254443,4,361,1478
20897.996308729053,3,384,1592
20918.051820203662,0,395,1557
20938.10733167827,1,399,1578
20958.16284315288,3,389,1528
20978.21835462749,0,419,1558
20998.2738661021,0,425,1611
21018.32937757671,2,387,1604
21038.384889051318,1,420,1624
21058.440400525928,4,419,1570
21078.495912000537,1,405,1605
21098.551423475146,1,478,1574
21118.606934949756,2,476,1625
21138.662446424365,4,476,1671
21158.717957898974,5,472,1719
21178.773469373584,3,503,1709
21198.828980848193,2,495,1714
21218.884492322803,1,499,1739
21238.940003797412,2,506,1716
21258.99551527202,4,447,1647
21279.05102674663,3,515,1753
21299.10653822124,2,527,1660
21319.16204969585,6,499,1651
21339.21756117046,4,512,1682
21359.273072645068,2,502,1648
21379.328584119678,1,518,1661
21399.384095594287,3,507,1739
21419.439607068896,1,496,1645
21439.495118543506,0,474,1681
21459.550630018115,3,478,1660
21479.606141492724,2,564,1728
21499.661652967334,1,453,1669
21519.717164441943,0,488,1618
21539.772675916553,1,475,1567
21559.828187391162,3,440,1673
21579.88369886577,0,472,1587
21599.93921034038,1,454,1559
21619.99472181499,2,453,1660
21640.0502332896,3,410,1561
21660.10574476421,0,458,1561
21680.161256238818,4,445,1521
21700.216767713428,6,408,1560
21720.272279188037,0,468,1507
21740.327790662646,2,440,1548
21760.383302137256,1,462,1469
21780.438813611865,2,416,1434
21800.494325086474,0,459,1475
21820.549836561084,3,396,1406
21840.605348035693,4,425,1467
21860.660859510303,1,424,1404
21880.716370984912,6,405,1456
21900.77188245952,3,427,1420
21920.82739393413,2,417,1380
21940.88290540874,1,413,1385
21960.93841688335,1,417,1397
21980.99392835796,1,408,1359
22001.049439832568,1,370,1372
22021.104951307178,1,401,1398
22041.160462781787,1,418,1348
22061.215974256396,1,400,1377
22081.271485731006,2,389,1342
22101.326997205615,2,424,1347
22121.382508680224,1,424,1303
22141.438020154834,0,392,1295
22161.493531629443,0,384,1266
22181.549043104053,2,399,1288
22201.604554578662,1,384,1252
22221.66006605327,2,412,1313
22241.71557752788,1,398,1272
22261.77108900249,1,381,1267
22281.8266004771,2,412,1292
22301.88211195171,2,412,1217
22321.937623426318,1,389,1281
22341.993134900928,1,395,1279
22362.048646375537,2,416,1215
22382.104157850146,2,397,1297
22402.159669324756,0,369,1264
22422.215180799365,1,419,1322
22442.270692273974,0,383,1202
22462.326203748584,0,389,1263
22482.381715223193,0,424,1246
22502.437226697803,2,392,1263
22522.492738172412,1,431,1309
22542.54824964702,0,437,1268
22562.60376112163,0,451,1348
22582.65927259624,0,539,1375
22602.71478407085,0,494,1382
22622.77029554546,0,535,1425
22642.825807020068,0,511,1469
22662.881318494678,2,577,1571
22682.936829969287,2,614,1503
22702.992341443896,1,634,1561
22723.047852918506,0,630,1524
22743.103364393115,2,584,1541
22763.158875867724,2,581,1532
22783.214387342334,3,553,1497
22803.269898816943,1,583,1390
22823.325410291553,3,504,1469
22843.380921766162,0,522,1337
22863.43643324077,3,499,1365
22883.49194471538,1,474,1345
22903.54745618999,0,451,1250
22923.6029676646,0,434,1208
22943.65847913921,0,454,1204
22963.713990613818,1,451,1183
22983.769502088428,3,426,1179
23003.825013563037,1,476,1185
23023.880525037646,0,425,1193
23043.936036512256,0,427,1170
23063.991547986865,1,423,1217
23084.047059461474,2,464,1183
23104.102570936084,1,450,1216
23124.158082410693,1,468,1119
23144.213593885303,1,440,1228
23164.269105359912,1,453,1149
23184.32461683452,0,459,1172
23204.38012830913,2,464,1175
23224.43563978374,1,436,1119
23244.49115125835,3,482,1154
23264.54666273296,1,434,1095
23284.602174207568,3,436,1177
23304.657685682178,1,423,1106
23324.713197156787,2,462,1084
23344.768708631396,2,433,1133
23364.824220106006,1,461,1099
23384.879731580615,1,417,1067
23404.935243055224,2,471,1084
23424.990754529834,0,426,1049
23445.046266004443,1,404,1045
23465.101777479053,0,401,1083
23485.157288953662,0,436,1023
23505.21280042827,1,469,1050
23525.26831190288,1,425,1103
23545.32382337749,1,444,1036
23565.3793348521,3,465,1079
23585.43484632671,0,422,1108
23605.490357801318,1,437,1022
23625.545869275928,3,457,1041
23645.601380750537,0,448,1031
23665.656892225146,2,439,952
23685.712403699756,0,460,1053
23705.767915174365,2,497,988
23725.823426648974,1,527,1038
23745.878938123584,0,468,1042
23765.934449598193,1,521,1008
23785.989961072803,1,521,1028
23806.045472547412,0,544,1011
23826.10098402202,0,579,983
23846.15649549663,0,658,1023
23866.21200697124,2,743,1026
23886.26751844585,3,789,1019
23906.32302992046,3,839,1004
23926.378541395068,0,996,999
23946.434052869678,1,1060,1051
23966.489564344287,1,1166,1041
23986.545075818896,0,1201,1021
24006.600587293506,0,1285,946
24026.656098768115,1,1401,1008
24046.711610242724,0,1507,1006
24066.767121717334,0,1458,983
24086.822633191943,1,1555,932
24106.878144666553,0,1579,983
24126.933656141162,0,1682,964
24146.98916761577,2,1669,990
24167.04467909038,0,1781,991
24187.10019056499,1,1735,924
24207.1557020396,2,1777,957
24227.21121351421,0,1801,908
24247.266724988818,1,1669,963
24267.322236463428,2,1606,917
24287.377747938037,1,1467,964
24307.433259412646,1,1331,917
24327.488770887256,0,1191,901
24347.544282361865,0,1006,974
24367.599793836474,0,962,886
24387.655305311084,1,818,906
24407.710816785693,1,708,879
24427.766328260303,0,629,891
24447.821839734912,0,577,869
24467.87735120952,0,568,892
24487.93286268413,0,523,841
24507.98837415874,1,530,843
24528.04388563335,0,534,851
24548.09939710796,1,504,837
24568.154908582568,0,482,880
24588.210420057178,0,499,862
24608.265931531787,2,508,891
24628.321443006396,0,474,891
24648.376954481006,0,483,881
24668.432465955615,1,503,817
24688.487977430224,0,501,825
24708.543488904834,0,494,876
24728.599000379443,1,524,851
24748.654511854053,1,504,878
24768.710023328662,0,545,781
24788.76553480327,0,578,795
24808.82104627788,0,641,844
24828.87655775249,1,639,802
24848.9320692271,1,673,808
24868.98758070171,0,802,811
24889.043092176318,0,920,809
24909.098603650928,0,983,807
24929.154115125537,0,1142,831
24949.209626600146,1,1278,772
24969.265138074756,1,1397,811
24989.320649549365,0,1568,858
25009.376161023974,0,1629,803
25029.431672498584,0,1785,789
25049.487183973193,0,1852,801
25069.542695447803,1,1978,737
25089.598206922412,0,1989,775
25109.65371839702,1,2050,798
25129.70922987163,1,2158,772
25149.76474134624,0,2202,794
25169.82025282085,0,2419,783
25189.87576429546,0,2494,714
25209.931275770068,0,2646,765
25229.986787244678,0,2668,791
25250.042298719287,0,2745,770
25270.097810193896,0,2785,771
25290.153321668506,0,2720,790
25310.208833143115,0,2534,764
25330.264344617724,2,2489,768
25350.319856092334,0,2212,729
25370.375367566943,1,2045,755
25390.430879041553,2,1768,677
25410.486390516162,1,1595,778
25430.54190199077,0,1401,675
25450.59741346538,0,1135,678
25470.65292493999,0,901,668
25490.7084364146,0,766,674
25510.76394788921,0,742,700
25530.819459363818,0,699,617
25550.874970838428,1,601,689
25570.930482313037,0,606,637
25590.985993787646,0,584,666
25611.041505262256,0,523,629
25631.097016736865,0,516,607
25651.152528211474,0,540,590
25671.208039686084,0,504,582
25691.263551160693,1,519,589
25711.319062635303,1,464,598
25731.374574109912,1,542,636
25751.43008558452,1,535,615
25771.48559705913,0,500,561
25791.54110853374,0,527,587
25811.59662000835,0,508,568
25831.65213148296,0,519,558
25851.707642957568,0,587,578
25871.763154432178,0,542,546
25891.818665906787,0,547,578
25911.874177381396,0,524,576
25931.929688856006,1,496,554
25951.985200330615,0,555,578
25972.040711805224,0,541,552
25992.096223279834,0,500,522
26012.151734754443,0,578,525
26032.207246229053,0,591,526
26052.262757703662,0,585,499
26072.31826917827,0,548,505
26092.37378065288,0,565,493
26112.42929212749,2,565,505
26132.4848036021,0,525,482
26152.54031507671,0,551,520
26172.595826551318,0,573,459
26192.651338025928,0,535,522
26212.706849500537,0,573,473
26232.762360975146,0,567,459
26252.817872449756,0,572,475
26272.873383924365,0,587,459
26292.928895398974,0,585,463
26312.984406873584,0,568,434
26333.039918348193,0,585,481
26353.095429822803,0,548,434
26373.150941297412,0,568,445
26393.20645277202,1,621,400
26413.26196424663,0,568,414
26433.31747572124,0,566,403
26453.37298719585,0,530,443
26473.42849867046,0,570,433
26493.484010145068,1,583,378
26513.539521619678,0,595,394
26533.595033094287,0,537,409
26553.650544568896,0,568,382
26573.706056043506,0,542,389
26593.761567518115,0,510,387
26613.817078992724,0,518,386
26633.872590467334,0,548,381
26653.928101941943,0,504,366
26673.983613416553,1,565,387
26694.039124891162,1,528,333
26714.09463636577,0,548,345
26734.15014784038,0,517,347
26754.20565931499,1,550,364
26774.2611707896,0,564,339
26794.31668226421,0,593,329
26814.372193738818,0,554,307
26834.427705213428,0,563,331
26854.483216688037,0,546,321
26874.538728162646,0,565,342
26894.594239637256,0,554,325
26914.649751111865,0,583,298
26934.705262586474,0,549,285
26954.760774061084,0,580,286
26974.816285535693,0,548,282
26994.871797010303,0,588,268
27014.927308484912,0,537,283
27034.98281995952,0,573,266
27055.03833143413,0,610,250
27075.09384290874,0,614,276
27095.14935438335,0,702,257
27115.20486585796,0,648,247
27135.260377332568,0,721,259
27155.315888807178,0,741,264
27175.371400281787,0,784,240
27195.426911756396,0,790,228
27215.482423231006,0,745,237
27235.537934705615,0,839,229
27255.593446180224,0,821,231
27275.648957654834,0,892,240
27295.704469129443,0,835,257
27315.759980604053,0,818,211
27335.815492078662,0,823,197
27355.87100355327,0,754,200
27375.92651502788,0,742,197
27395.98202650249,0,716,205
27416.0375379771,0,732,198
27436.09304945171,0,660,182
27456.148560926318,0,694,202
27476.204072400928,0,643,176
27496.259583875537,0,628,191
27516.315095350146,0,658,174
27536.370606824756,0,589,179
27556.426118299365,1,626,179
27576.481629773974,0,621,177
27596.537141248584,0,628,141
27616.592652723193,0,593,156
27636.648164197803,0,639,165
27656.703675672412,0,616,152
27676.75918714702,0,603,142
27696.81469862163,0,595,144
27716.87021009624,0,571,156
27736.92572157085,2,609,133
27756.98123304546,0,599,142
27777.036744520068,0,578,149
27797.092255994678,0,626,131
27817.147767469287,0,543,148
27837.203278943896,0,611,129
27857.258790418506,0,599,127
27877.314301893115,0,601,119
27897.369813367724,0,576,113
27917.425324842334,0,564,124
27937.480836316943,0,597,113
27957.536347791553,0,521,126
27977.591859266162,0,599,128
27997.64737074077,0,536,137
28017.70288221538,0,515,106
28037.75839368999,0,515,99
28057.8139051646,0,465,102
28077.86941663921,0,525,109
28097.924928113818,0,501,95
28117.980439588428,0,506,117
28138.035951063037,0,505,103
28158.091462537646,0,550,99
28178.146974012256,0,512,81
28198.202485486865,0,503,64
28218.257996961474,0,556,99
28238.313508436084,0,512,92
28258.369019910693,0,575,88
28278.424531385303,0,566,111
28298.480042859912,0,654,97
28318.53555433452,0,604,99
28338.59106580913,0,735,97
28358.64657728374,0,778,98
28378.70208875835,0,806,83
28398.75760023296,0,841,98
28418.813111707568,0,850,85
28438.868623182178,0,881,83
28458.924134656787,0,906,76
28478.979646131396,0,937,101
28499.035157606006,0,999,81
28519.090669080615,0,934,85
28539.146180555224,0,960,83
28559.201692029834,0,846,89
28579.257203504443,0,780,67
28599.312714979053,0,754,81
28619.368226453662,0,718,82
28639.42373792827,1,653,73
28659.47924940288,0,613,74
28679.53476087749,0,585,68
28699.5902723521,0,584,66
28719.64578382671,0,533,66
28739.701295301318,0,572,65
28759.756806775928,1,520,57
28779.812318250537,0,523,69
28799.867829725146,0,555,57
28819.923341199756,0,503,56
28839.978852674365,0,517,54
28860.034364148974,0,525,47
28880.089875623584,0,522,65
28900.145387098193,0,541,62
28920.200898572803,0,525,47
28940.256410047412,0,528,54
28960.31192152202,0,548,58
28980.36743299663,0,545,56
29000.42294447124,0,540,52
29020.47845594585,0,545,55
29040.53396742046,0,542,43
29060.589478895068,0,589,52
29080.644990369678,0,612,48
29100.700501844287,0,591,46
29120.756013318896,1,612,46
29140.811524793506,0,566,53
29160.867036268115,1,626,64
29180.922547742724,0,537,46
29200.978059217334,0,607,45
29221.033570691943,0,580,45
29241.089082166553,0,552,48
29261.144593641162,0,499,41
29281.20010511577,0,518,32
29301.25561659038,0,521,43
29321.31112806499,0,504,44
29341.3666395396,0,526,36
29361.42215101421,0,483,41
29381.477662488818,0,517,41
29401.533173963428,0,503,29
29421.588685438037,0,536,34
29441.644196912646,0,522,35
29461.699708387256,0,498,29
29481.755219861865,0,497,38
29501.810731336474,0,519,31
29521.866242811084,0,475,34
29541.921754285693,0,482,26
29561.977265760303,0,482,22
29582.032777234912,0,477,28
29602.08828870952,0,515,33
29622.14380018413,0,494,25
29642.19931165874,0,478,32
29662.25482313335,0,459,25
29682.31033460796,0,558,19
29702.365846082568,0,544,22
29722.421357557178,0,517,32
29742.476869031787,0,516,33
29762.532380506396,0,528,41
29782.587891981006,0,525,28
29802.643403455615,0,523,28
29822.698914930224,0,543,31
29842.754426404834,0,501,30
29862.809937879443,0,514,25
29882.865449354053,0,558,26
29902.920960828662,0,486,40
29922.97647230327,0,522,38
29943.03198377788,0,502,38
29963.08749525249,0,510,39
29983.1430067271,0,502,36
30003.19851820171,0,528,33
30023.254029676318,0,521,31
30043.309541150928,0,465,38
30063.365052625537,0,491,38
30083.420564100146,0,524,26
30103.476075574756,0,527,31
30123.531587049365,0,512,33
30143.587098523974,0,514,22
30163.642609998584,0,523,34
30183.698121473193,0,557,29
30203.753632947803,0,480,27
30223.809144422412,0,510,32
30243.86465589702,0,493,22
30263.92016737163,0,535,11
30283.97567884624,0,519,23
30304.03119032085,0,511,23
30324.08670179546,0,474,18
30344.142213270068,0,502,21
30364.197724744678,0,492,27
30384.253236219287,0,518,12
30404.308747693896,0,517,22
30424.364259168506,0,541,26
30444.419770643115,0,565,25
30464.475282117724,0,543,18
30484.530793592334,0,611,22
30504.586305066943,0,556,22
30524.641816541553,0,619,26
30544.697328016162,0,571,21
30564.75283949077,0,598,29
30584.80835096538,0,633,21
30604.86386243999,0,650,22
30624.9193739146,0,601,27
30644.97488538921,0,579,23
30665.030396863818,0,591,25
30685.085908338428,0,575,27
30705.141419813037,0,573,29
30725.196931287646,0,620,22
30745.252442762256,0,592,30
30765.307954236865,1,583,18
30785.363465711474,0,631,22
30805.418977186084,0,588,29
30825.474488660693,0,619,26
30845.530000135303,0,668,21
30865.585511609912,0,647,23
30885.64102308452,0,701,26
30905.69653455913,0,688,22
30925.75204603374,0,697,18
30945.80755750835,0,706,28
30965.86306898296,0,664,26
30985.918580457568,0,721,29
31005.974091932178,0,699,29
31026.029603406787,0,690,19
31046.085114881396,0,662,25
31066.140626356006,0,654,17
31086.196137830615,0,629,23
31106.251649305224,0,588,22
31126.307160779834,0,658,19
31146.362672254443,0,551,26
31166.418183729053,0,542,17
31186.473695203662,0,556,18
31206.52920667827,0,545,22
31226.58471815288,0,545,21
31246.64022962749,0,559,20
31266.6957411021,0,527,25
31286.75125257671,0,500,26
31306.806764051318,0,523,26
31326.862275525928,0,493,18
31346.917787000537,0,488,13
31366.973298475146,0,483,11
31387.028809949756,0,541,26
31407.084321424365,0,477,14
31427.139832898974,0,516,13
31447.195344373584,0,507,28
31467.250855848193,0,509,18
31487.306367322803,0,511,25
31507.361878797412,0,486,23
31527.41739027202,0,521,14
31547.47290174663,0,514,25
31567.52841322124,0,549,33
31587.58392469585,0,548,32
31607.63943617046,0,610,29
31627.694947645068,0,589,27
31647.750459119678,0,590,19
31667.805970594287,0,645,18
31687.861482068896,0,592,30
31707.916993543506,0,600,26
31727.972505018115,0,693,26
31748.028016492724,0,644,22
31768.083527967334,0,718,24
31788.139039441943,0,744,23
31808.194550916553,0,811,35
31828.250062391162,0,750,31
31848.30557386577,0,718,29
31868.36108534038,0,721,28
31888.41659681499,0,743,23
31908.4721082896,0,756,22
31928.52761976421,0,683,31
31948.583131238818,0,694,34
31968.638642713428,0,729,20
31988.694154188037,0,654,21
32008.749665662646,0,698,20
32028.805177137256,0,733,26
32048.860688611865,0,688,31
32068.916200086474,0,778,31
32088.971711561084,0,798,29
32109.027223035693,0,859,27
32129.082734510303,0,883,25
32149.138245984912,0,926,29
32169.19375745952,0,969,29
32189.24926893413,0,959,34
32209.30478040874,0,974,29
32229.36029188335,0,961,32
32249.41580335796,0,917,29
32269.471314832568,0,881,16
32289.526826307178,0,867,31
32309.582337781787,0,777,33
32329.637849256396,0,769,22
32349.693360731006,0,691,27
32369.748872205615,0,692,24
32389.804383680224,0,655,31
32409.859895154834,0,568,30
32429.915406629443,0,594,18
32449.970918104053,0,544,20
32470.026429578662,0,574,27
32490.08194105327,0,543,27
32510.13745252788,0,508,19
32530.19296400249,0,482,25
32550.2484754771,0,521,24
32570.30398695171,0,472,32
32590.359498426318,0,537,34
32610.415009900928,0,489,24
32630.470521375537,0,503,20
32650.526032850146,0,464,30
32670.581544324756,0,427,26
32690.637055799365,0,475,23
32710.692567273974,0,446,28
32730.748078748584,0,477,24
32750.803590223193,0,486,14
32770.8591016978,0,458,19
32790.91461317241,0,511,25
32810.97012464702,0,532,21
32831.02563612163,0,495,22
32851.08114759624,0,496,28
32871.13665907085,0,534,19
32891.19217054546,0,495,14
32911.24768202007,0,521,17
32931.30319349468,0,521,23
32951.35870496929,0,542,18
32971.414216443896,0,568,27
32991.469727918506,0,575,22
33011.525239393115,0,578,23
33031.580750867724,0,564,24
33051.636262342334,0,584,24
33071.69177381694,0,549,33
33091.74728529155,0,560,29
33111.80279676616,0,513,32
33131.85830824077,0,542,27
33151.91381971538,0,548,30
33171.96933118999,0,550,31
33192.0248426646,0,547,44
33212.08035413921,0,544,29
33232.13586561382,0,545,25
33252.19137708843,0,524,25
33272.24688856304,0,527,40
33292.302400037646,0,534,27
33312.357911512256,0,597,26
33332.413422986865,0,599,23
33352.468934461474,0,598,25
33372.524445936084,0,593,32
33392.57995741069,0,622,34
33412.6354688853,0,601,29
33432.69098035991,0,642,18
33452.74649183452,0,662,20
33472.80200330913,0,635,26
33492.85751478374,0,612,23
33512.91302625835,0,585,23
33532.96853773296,0,593,27
33553.02404920757,0,599,19
33573.07956068218,0,564,17
33593.13507215679,0,548,16
33613.190583631396,0,483,19
33633.246095106006,0,527,22
33653.301606580615,0,495,23
33673.357118055224,0,469,28
33693.412629529834,0,473,19
33713.46814100444,0,468,13
33733.52365247905,0,464,16
33753.57916395366,0,483,22
33773.63467542827,0,465,23
33793.69018690288,0,439,19
33813.74569837749,0,447,22
33833.8012098521,0,462,16
33853.85672132671,0,468,19
33873.91223280132,0,469,29
33893.96774427593,0,470,20
33914.02325575054,0,454,16
33934.078767225146,0,452,19
33954.134278699756,0,480,19
33974.189790174365,0,463,13
33994.245301648974,0,446,14
34014.300813123584,0,475,32
34034.35632459819,0,476,15
34054.4118360728,0,507,23
34074.46734754741,0,458,18
34094.52285902202,0,490,22
34114.57837049663,0,488,22
34134.63388197124,0,551,26
34154.68939344585,0,488,19
34174.74490492046,0,522,21
34194.80041639507,0,529,20
34214.85592786968,0,533,17
34234.91143934429,0,612,22
34254.966950818896,0,594,23
34275.022462293506,0,584,25
34295.077973768115,0,558,25
34315.133485242724,0,508,18
34335.188996717334,0,549,23
34355.24450819194,0,521,19
34375.30001966655,0,523,20
34395.35553114116,0,521,19
34415.41104261577,0,529,23
34435.46655409038,0,519,18
34455.52206556499,0,515,18
34475.5775770396,0,487,21
34495.63308851421,0,484,22
34515.68859998882,0,516,17
34535.74411146343,0,523,24
34555.79962293804,0,529,23
34575.855134412646,0,510,25
34595.910645887256,0,626,18
34615.966157361865,0,580,26
34636.021668836474,0,592,16
34656.077180311084,0,586,19
34676.13269178569,0,650,21
34696.1882032603,0,622,23
34716.24371473491,0,681,20
34736.29922620952,0,626,27
34756.35473768413,0,674,17
34776.41024915874,0,629,22
34796.46576063335,0,675,17
34816.52127210796,0,589,27
34836.57678358257,0,610,21
34856.63229505718,0,614,21
34876.68780653179,0,544,21
34896.743318006396,0,555,16
34916.798829481006,0,551,20
34936.854340955615,0,491,23
34956.909852430224,0,505,21
34976.965363904834,0,493,24
34997.02087537944,0,472,22
35017.07638685405,0,489,19
35037.13189832866,0,445,20
35057.18740980327,0,433,22
35077.24292127788,0,443,22
35097.29843275249,0,468,23
35117.3539442271,0,462,25
35137.40945570171,0,427,23
35157.46496717632,0,468,24
35177.52047865093,0,470,19
35197.57599012554,0,405,24
35217.631501600146,0,424,20
35237.687013074756,0,433,18
35257.742524549365,0,426,17
35277.798036023974,0,456,21
35297.853547498584,0,441,22
35317.90905897319,0,408,27
35337.9645704478,0,438,15
35358.02008192241,0,416,21
35378.07559339702,0,451,17
35398.13110487163,0,398,24
35418.18661634624,0,400,27
35438.24212782085,0,405,23
35458.29763929546,0,410,20
35478.35315077007,0,431,16
35498.40866224468,0,445,21
35518.46417371929,0,429,25
35538.519685193896,0,403,12
35558.575196668506,0,376,22
35578.630708143115,0,430,17
35598.686219617724,0,395,22
35618.741731092334,0,397,19
35638.79724256694,0,426,22
35658.85275404155,0,419,22
35678.90826551616,0,384,20
35698.96377699077,0,411,13
35719.01928846538,0,451,27
35739.07479993999,0,418,21
35759.1303114146,0,420,14
35779.18582288921,0,392,20
35799.24133436382,0,402,23
35819.29684583843,0,403,18
35839.35235731304,0,411,21
35859.407868787646,0,440,22
35879.463380262256,0,402,20
35899.518891736865,0,418,31
35919.574403211474,0,406,21
35939.629914686084,0,395,27
35959.68542616069,0,375,16
35979.7409376353,0,421,22
35999.79644910991,0,436,16
36019.85196058452,0,433,17
36039.90747205913,0,411,11
36059.96298353374,0,423,11
36080.01849500835,0,454,19
36100.07400648296,0,396,19
36120.12951795757,0,396,14
36140.18502943218,0,429,10
36160.24054090679,0,445,26
36180.296052381396,0,452,16
36200.351563856006,0,467,16
36220.407075330615,0,430,13
36240.462586805224,0,479,17
36260.518098279834,0,448,20
36280.57360975444,0,451,14
36300.62912122905,0,497,14
36320.68463270366,0,454,15
36340.74014417827,0,459,15
36360.79565565288,0,484,18
36380.85116712749,0,472,16
36400.9066786021,0,459,21
36420.96219007671,0,521,15
36441.01770155132,0,474,23
36461.07321302593,0,479,6
36481.12872450054,0,456,18
36501.184235975146,0,486,18
36521.239747449756,0,422,16
36541.295258924365,0,402,19
36561.350770398974,0,386,18
36581.406281873584,0,403,17
36601.46179334819,0,404,23
36621.5173048228,0,440,4
36641.57281629741,0,412,25
36661.62832777202,0,424,17
36681.68383924663,0,366,15
36701.73935072124,0,383,12
36721.79486219585,0,347,15
36741.85037367046,0,377,21
36761.90588514507,0,372,23
36781.96139661968,0,409,18
36802.01690809429,0,358,21
36822.072419568896,0,381,19
36842.127931043506,0,382,10
36862.183442518115,0,373,16
36882.238953992724,0,392,23
36902.294465467334,0,417,18
36922.34997694194,0,380,26
36942.40548841655,0,400,21
36962.46099989116,0,373,19
36982.51651136577,0,366,17
37002.57202284038,0,387,21
37022.62753431499,0,387,14
37042.6830457896,0,369,22
37062.73855726421,0,384,16
37082.79406873882,0,370,21
37102.84958021343,0,377,10
37122.90509168804,0,423,16
37142.960603162646,0,365,14
37163.016114637256,0,406,13
37183.071626111865,0,422,14
37203.127137586474,0,398,10
37223.182649061084,0,410,17
37243.23816053569,0,416,16
37263.2936720103,0,407,17
37283.34918348491,0,399,14
37303.40469495952,0,407,12
37323.46020643413,0,389,15
37343.51571790874,0,428,14
37363.57122938335,0,393,15
37383.62674085796,0,409,12
37403.68225233257,0,378,16
37423.73776380718,0,362,19
37443.79327528179,0,379,10
37463.848786756396,0,365,13
37483.904298231006,0,384,13
37503.959809705615,0,369,16
37524.015321180224,0,374,15
37544.070832654834,0,364,13
37564.12634412944,0,391,14
37584.18185560405,0,400,12
37604.23736707866,0,392,8
37624.29287855327,0,343,15
37644.34839002788,0,341,15
37664.40390150249,0,394,27
37684.4594129771,0,400,20
37704.51492445171,0,375,13
37724.57043592632,0,365,21
37744.62594740093,0,363,19
37764.68145887554,0,414,11
37784.736970350146,0,358,16
37804.792481824756,0,388,18
37824.847993299365,0,376,17
37844.903504773974,0,347,18
37864.959016248584,0,351,17
37885.01452772319,0,353,15
37905.0700391978,0,350,16
37925.12555067241,0,357,24
37945.18106214702,0,367,12
37965.23657362163,0,358,13
37985.29208509624,0,328,20
38005.34759657085,0,345,19
38025.40310804546,0,356,16
38045.45861952007,0,339,16
38065.51413099468,0,323,14
38085.56964246929,0,319,12
38105.625153943896,0,307,12
38125.680665418506,0,305,16
38145.736176893115,0,345,10
38165.791688367724,0,317,18
38185.847199842334,0,322,13
38205.90271131694,0,330,7
38225.95822279155,0,335,12
38246.01373426616,0,265,11
38266.06924574077,0,287,18
38286.12475721538,0,301,10
38306.18026868999,0,267,15
38326.2357801646,0,336,22
38346.29129163921,0,287,17
38366.34680311382,0,318,11
38386.40231458843,0,319,14
38406.45782606304,0,303,20
38426.513337537646,0,290,16
38446.568849012256,0,299,20
38466.624360486865,0,345,14
38486.679871961474,0,322,14
38506.735383436084,0,330,6
38526.79089491069,0,276,15
38546.8464063853,0,324,20
38566.90191785991,0,326,15
38586.95742933452,0,288,20
38607.01294080913,0,283,20
38627.06845228374,0,308,22
38647.12396375835,0,263,11
38667.17947523296,0,325,12
38687.23498670757,0,299,12
38707.29049818218,0,343,20
38727.34600965679,0,317,11
38747.401521131396,0,319,22
38767.457032606006,0,295,16
38787.512544080615,0,306,18
38807.568055555224,0,297,12
38827.623567029834,0,315,21
38847.67907850444,0,295,17
38867.73458997905,0,259,19
38887.79010145366,0,301,8
38907.84561292827,0,300,13
38927.90112440288,0,314,14
38947.95663587749,0,301,7
38968.0121473521,0,291,12
38988.06765882671,0,288,7
39008.12317030132,0,269,12
39028.17868177593,0,287,16
39048.23419325054,0,309,10
39068.289704725146,0,313,12
39088.345216199756,0,305,17
39108.400727674365,0,294,13
39128.456239148974,0,294,14
39148.511750623584,0,283,14
39168.56726209819,0,296,18
39188.6227735728,0,308,10
39208.67828504741,0,337,16
39228.73379652202,0,323,13
39248.78930799663,0,321,18
39268.84481947124,0,285,10
39288.90033094585,0,308,12
39308.95584242046,0,304,17
39329.01135389507,0,288,11
39349.06686536968,0,281,20
39369.12237684429,0,291,13
39389.177888318896,0,298,15
39409.233399793506,0,281,14
39429.288911268115,0,287,18
39449.344422742724,0,282,10
39469.399934217334,0,263,13
39489.45544569194,0,278,12
39509.51095716655,0,257,20
39529.56646864116,0,246,8
39549.62198011577,0,275,16
39569.67749159038,0,289,12
39589.73300306499,0,276,16
39609.7885145396,0,265,11
39629.84402601421,0,255,15
39649.89953748882,0,273,17
39669.95504896343,0,270,8
39690.01056043804,0,259,15
39710.066071912646,0,249,11
39730.121583387256,0,251,8
39750.177094861865,0,254,8
39770.232606336474,0,246,21
39790.288117811084,0,240,16
39810.34362928569,0,245,8
39830.3991407603,0,241,10
39850.45465223491,0,247,12
39870.51016370952,0,233,11
39890.56567518413,0,209,8
39910.62118665874,0,235,13
39930.67669813335,0,255,12
39950.73220960796,0,206,19
39970.78772108257,0,253,12
39990.84323255718,0,254,8
40010.89874403179,0,252,12
40030.954255506396,0,256,9
40051.009766981006,0,260,7
40071.065278455615,0,237,10
40091.120789930224,0,256,10
40111.176301404834,0,262,8
40131.23181287944,0,214,17
40151.28732435405,0,268,9
40171.34283582866,0,255,9
40191.39834730327,0,273,6
40211.45385877788,0,222,5
40231.50937025249,0,237,6
40251.5648817271,0,246,6
40271.62039320171,0,237,12
40291.67590467632,0,250,7
40311.73141615093,0,233,8
40331.78692762554,0,254,6
40351.842439100146,0,230,11
40371.897950574756,0,204,15
40391.953462049365,0,220,9
40412.008973523974,0,245,12
40432.064484998584,0,213,14
40452.11999647319,0,239,11
40472.1755079478,0,225,16
40492.23101942241,0,208,12
40512.28653089702,0,219,18
40532.34204237163,0,220,11
40552.39755384624,0,199,12
40572.45306532085,0,219,10
40592.50857679546,0,231,18
40612.56408827007,0,202,6
40632.61959974468,0,220,10
40652.67511121929,0,203,10
40672.730622693896,0,219,8
40692.786134168506,0,196,10
40712.841645643115,0,202,9
40732.897157117724,0,201,11
40752.952668592334,0,231,8
40773.00818006694,0,209,10
40793.06369154155,0,184,10
40813.11920301616,0,228,7
40833.17471449077,0,194,12
40853.23022596538,0,188,10
40873.28573743999,0,213,11
40893.3412489146,0,205,6
40913.39676038921,0,189,11
40933.45227186382,0,197,4
40953.50778333843,0,198,9
40973.56329481304,0,189,7
40993.618806287646,0,180,6
41013.674317762256,0,190,7
41033.729829236865,0,162,11
41053.785340711474,0,167,11
