Instrument,800C10455
Date,2023/05/05
Time,12:23:58
Assay #,0023
Application,GeoExploration
Method,Oxide3phase
Assay Duration (set),60s
Assay Duration (total actual),72.39s
Temperature (Detector),-27.0 C
Temperature (Ambient),40.72 C
Phase Count,3
Phases,"Phase 1(20s): 30.0kV, 11.45uA (Ti:25um/Al:300um)","Phase 2(20s): 50.0kV, 4.5uA (Cu:75um/Ti:25um/Al:200um)","Phase 3(20s): 15.0kV, 8.7uA (No Filter)"
 
 
RESULTS:
Z,Compound,Concentration(%),Error(1SD)
12,MgO,0.5677,0.2206
13,Al2O3,0.8368,0.0739
14,SiO2,0.5513,0.0388
15,P,0.0416,0.0082
16,S,0.0,0.0234
17,Cl,0.0,0.003
19,K2O,0.1043,0.0049
20,Ca,0.0,0.0061
22,Ti,0.0,0.0065
23,V,0.0463,0.0073
24,Cr,19.5484,0.0489
25,Mn,0.25,0.0251
26,Fe,33.4176,0.0442
27,Co,0.3666,0.005
28,Ni,4.849,0.0314
29,Cu,0.631,0.0038
30,Zn,0.0173,0.0007
31,Ga,0.0016,0.0009
33,As,0.0859,0.0344
34,Se,0.0,0.0012
37,Rb,0.0067,0.0029
38,Sr,0.0022,0.0007
39,Y,0.0005,0.0006
40,Zr,0.0,0.0013
41,Nb,0.009,0.0035
42,Mo,7.5772,0.0428
45,Rh,0.0,0.0007
47,Ag,0.0,0.0016
48,Cd,0.0,0.0003
50,Sn,0.0,0.0032
51,Sb,0.0025,0.0034
56,Ba,0.0006,0.0045
57,La,0.0349,0.0155
58,Ce,0.0,0.0174
72,Hf,0.0,0.0021
73,Ta,0.0,0.0076
74,W,0.2194,0.0032
78,Pt,0.0,0.0024
79,Au,0.0,0.0004
80,Hg,0.0,0.0011
81,Tl,0.0065,0.013
82,Pb,0.0,0.0182
83,Bi,0.0156,0.0113
90,Th,0.0,0.0132
92,U,0.0014,0.0012
 
 
SPECTRA:
eV Channel Start,-0.009882459416985512,0.11188806593418121,0.6978992223739624
eV per Channel,20.02122688293457,20.02122688293457,20.02122688293457
 
Energy (eV),Counts (Phase 1),Counts (Phase 2),Counts (Phase 3)
-0.009882459416985512,0,0,0
20.011344423517585,0,0,0
40.032571306452155,0,0,0
60.053798189386725,0,0,0
80.0750250723213,0,0,0
100.09625195525587,0,0,0
120.11747883819044,0,0,0
140.138705721125,0,0,0
160.15993260405958,0,0,0
180.18115948699415,0,0,0
200.20238636992872,0,0,0
220.2236132528633,0,0,0
240.24484013579786,0,0,0
260.26606701873243,0,0,0
280.287293901667,1,0,2
300.30852078460157,11,7,11
320.32974766753614,135,138,121
340.3509745504707,748,768,703
360.3722014334053,2368,2787,2320
380.39342831633985,4341,4947,4090
400.4146551992744,4355,4956,3836
420.435882082209,2313,2682,2161
440.45710896514356,798,815,695
460.47833584807813,147,152,134
480.4995627310127,20,26,15
500.5207896139473,4,2,3
520.5420164968818,1,0,1
540.5632433798164,1,0,1
560.584470262751,0,0,2
580.6056971456856,39,32,36
600.6269240286201,53,32,30
620.6481509115547,41,34,42
640.6693777944893,50,30,40
660.6906046774238,39,33,33
680.7118315603584,40,30,38
700.733058443293,36,39,23
720.7542853262275,53,33,18
740.7755122091621,46,45,19
760.7967390920967,45,29,28
780.8179659750313,63,36,15
800.8391928579658,54,32,14
820.8604197409004,54,26,26
840.881646623835,57,25,23
860.9028735067695,47,34,21
880.9241003897041,53,35,22
900.9453272726387,52,33,38
920.9665541555732,51,31,37
940.9877810385078,47,29,51
961.0090079214424,47,37,41
981.030234804377,50,23,31
1001.0514616873115,46,33,26
1021.0726885702461,52,41,25
1041.0939154531807,44,27,15
1061.1151423361152,36,28,23
1081.1363692190498,41,29,33
1101.1575961019844,43,31,25
1121.178822984919,33,33,40
1141.2000498678535,42,35,27
1161.221276750788,35,21,29
1181.2425036337227,38,32,36
1201.2637305166572,54,29,41
1221.2849573995918,24,23,35
1241.3061842825264,32,31,28
1261.327411165461,37,22,22
1281.3486380483955,33,28,33
1301.36986493133,36,28,27
1321.3910918142647,30,27,22
1341.4123186971992,35,21,21
1361.4335455801338,32,21,19
1381.4547724630684,27,29,20
1401.475999346003,31,27,31
1421.4972262289375,44,28,40
1441.518453111872,51,24,80
1461.5396799948066,69,24,88
1481.5609068777412,53,22,105
1501.5821337606758,63,22,101
1521.6033606436104,41,26,59
1541.624587526545,36,25,50
1561.6458144094795,21,23,28
1581.667041292414,25,23,32
1601.6882681753486,28,26,27
1621.7094950582832,27,29,40
1641.7307219412178,21,23,36
1661.7519488241524,28,21,55
1681.773175707087,24,27,107
1701.7944025900215,25,19,157
1721.815629472956,25,28,196
1741.8368563558906,29,13,216
1761.8580832388252,31,31,183
1781.8793101217598,27,12,143
1801.9005370046943,23,24,78
1821.921763887629,37,28,72
1841.9429907705635,25,28,51
1861.964217653498,36,17,89
1881.9854445364326,26,13,58
1902.0066714193672,34,18,65
1922.0278983023018,30,28,68
1942.0491251852363,34,34,75
1962.070352068171,25,18,98
1982.0915789511055,42,26,104
2002.11280583404,32,21,115
2022.1340327169746,30,12,161
2042.1552595999092,26,21,141
2062.1764864828438,29,28,121
2082.1977133657783,35,25,113
2102.218940248713,23,18,96
2122.2401671316475,28,29,107
2142.261394014582,34,25,107
2162.2826208975166,23,21,90
2182.303847780451,31,22,156
2202.3250746633857,35,16,283
2222.3463015463203,45,40,611
2242.367528429255,70,40,1185
2262.3887553121895,93,38,1774
2282.409982195124,107,25,2119
2302.4312090780586,111,47,2258
2322.452435960993,101,47,1895
2342.4736628439277,94,38,1543
2362.4948897268623,78,38,1385
2382.516116609797,81,25,1362
2402.5373434927315,81,31,1272
2422.558570375666,81,30,1036
2442.5797972586006,50,27,711
2462.601024141535,54,22,553
2482.6222510244697,42,21,346
2502.6434779074043,51,34,295
2522.664704790339,43,17,285
2542.6859316732734,33,28,270
2562.707158556208,23,31,249
2582.7283854391426,54,21,301
2602.749612322077,32,22,410
2622.7708392050117,42,20,547
2642.7920660879463,41,19,841
2662.813292970881,40,16,1157
2682.8345198538154,50,23,1411
2702.85574673675,31,21,1400
2722.8769736196846,25,21,1230
2742.898200502619,29,20,936
2762.9194273855537,35,20,642
2782.9406542684883,28,16,601
2802.961881151423,20,23,593
2822.9831080343574,33,21,708
2843.004334917292,29,17,725
2863.0255618002266,42,24,719
2883.046788683161,40,31,742
2903.0680155660957,56,27,840
2923.0892424490303,52,36,938
2943.110469331965,93,23,1108
2963.1316962148994,70,30,1139
2983.152923097834,45,26,1032
3003.1741499807686,61,18,743
3023.195376863703,46,20,492
3043.2166037466377,33,21,277
3063.2378306295723,33,19,196
3083.259057512507,27,19,165
3103.2802843954414,21,22,145
3123.301511278376,29,18,184
3143.3227381613106,28,15,201
3163.343965044245,36,25,250
3183.3651919271797,58,21,271
3203.3864188101143,72,26,310
3223.407645693049,94,32,333
3243.4288725759834,142,34,426
3263.450099458918,162,45,477
3283.4713263418525,182,59,529
3303.492553224787,165,51,568
3323.5137801077217,141,32,551
3343.5350069906563,105,34,510
3363.556233873591,75,38,504
3383.5774607565254,48,22,480
3403.59868763946,43,17,462
3423.6199145223945,62,21,479
3443.641141405329,80,31,541
3463.6623682882637,92,33,586
3483.6835951711982,122,43,657
3503.704822054133,122,43,625
3523.7260489370674,115,38,644
3543.747275820002,103,41,731
3563.7685027029365,111,18,746
3583.789729585871,97,30,747
3603.8109564688057,131,39,858
3623.8321833517402,202,44,1049
3643.853410234675,244,32,1166
3663.8746371176094,259,55,1264
3683.895864000544,234,52,1229
3703.9170908834785,186,41,1070
3723.938317766413,126,40,958
3743.9595446493477,80,31,873
3763.9807715322822,79,26,749
3784.001998415217,48,33,673
3804.0232252981514,49,24,648
3824.044452181086,37,25,580
3844.0656790640205,32,18,635
3864.086905946955,39,25,576
3884.1081328298897,28,21,603
3904.129359712824,29,13,590
3924.150586595759,37,14,598
3944.1718134786934,43,19,559
3964.193040361628,36,15,607
3984.2142672445625,29,19,534
4004.235494127497,27,13,469
4024.2567210104316,29,13,483
4044.277947893366,38,11,451
4064.299174776301,39,19,459
4084.3204016592354,43,13,427
4104.34162854217,42,21,471
4124.3628554251045,60,20,421
4144.384082308039,49,23,443
4164.405309190974,61,18,421
4184.426536073908,67,22,399
4204.447762956843,69,13,412
4224.468989839777,54,12,361
4244.490216722712,62,16,330
4264.5114436056465,55,15,339
4284.532670488581,40,20,272
4304.553897371516,37,18,265
4324.57512425445,36,24,239
4344.596351137385,42,20,265
4364.617578020319,42,16,286
4384.638804903254,37,10,229
4404.6600317861885,41,21,244
4424.681258669123,41,18,270
4444.702485552058,47,13,236
4464.723712434992,48,16,247
4484.744939317927,45,17,245
4504.766166200861,56,24,281
4524.787393083796,65,27,274
4544.8086199667305,102,24,329
4564.829846849665,154,35,364
4584.8510737326,168,46,487
4604.872300615534,273,44,595
4624.893527498469,294,47,684
4644.914754381403,370,52,721
4664.935981264338,352,63,835
4684.9572081472725,319,48,633
4704.978435030207,261,48,601
4724.999661913142,170,35,458
4745.020888796076,120,26,373
4765.042115679011,82,21,344
4785.063342561945,81,18,289
4805.08456944488,60,26,298
4825.1057963278145,70,18,270
4845.127023210749,69,14,262
4865.148250093684,66,38,366
4885.169476976618,99,22,420
4905.190703859553,128,25,480
4925.211930742487,106,33,548
4945.233157625422,136,31,683
4965.254384508356,133,19,613
4985.275611391291,150,43,608
5005.296838274226,127,26,499
5025.31806515716,98,27,463
5045.339292040095,92,26,401
5065.360518923029,77,20,438
5085.381745805964,81,16,390
5105.402972688898,102,24,434
5125.424199571833,101,23,445
5145.445426454768,112,30,480
5165.466653337702,115,23,536
5185.487880220637,150,38,595
5205.509107103571,194,35,663
5225.530333986506,301,37,961
5245.55156086944,581,83,1673
5265.572787752375,1264,167,3374
5285.59401463531,2670,306,7382
5305.615241518244,5502,709,15069
5325.636468401179,10102,1392,28278
5345.657695284113,16839,2201,46994
5365.678922167048,24980,3311,68618
5385.700149049982,32537,4284,88206
5405.721375932917,36129,4756,99239
5425.742602815852,35521,4875,98285
5445.763829698786,30659,4329,85761
5465.785056581721,23591,3202,64996
5485.806283464655,15623,2056,43483
5505.82751034759,9086,1173,25666
5525.848737230524,4777,668,13589
5545.869964113459,2228,314,6533
5565.891190996394,1023,163,3106
5585.912417879328,505,83,1633
5605.933644762263,273,45,1000
5625.954871645197,174,34,727
5645.976098528132,155,33,649
5665.997325411066,183,20,574
5686.018552294001,154,28,585
5706.039779176936,191,26,643
5726.06100605987,196,29,752
5746.082232942805,261,36,826
5766.103459825739,357,43,1052
5786.124686708674,560,74,1486
5806.145913591608,867,126,2263
5826.167140474543,1393,194,3548
5846.188367357478,2206,326,5501
5866.209594240412,3383,488,8105
5886.230821123347,4432,599,11147
5906.252048006281,5601,859,13864
5926.273274889216,6344,886,15783
5946.29450177215,6514,901,15943
5966.315728655085,5710,793,14673
5986.3369555380195,4801,700,12114
6006.358182420954,3516,508,9021
6026.379409303889,2293,368,6142
6046.400636186823,1348,207,3594
6066.421863069758,787,105,2108
6086.443089952692,497,80,1231
6106.464316835627,293,41,803
6126.4855437185615,223,29,598
6146.506770601496,232,33,577
6166.527997484431,268,36,652
6186.549224367365,329,55,845
6206.5704512503,615,74,1272
6226.591678133234,1211,147,2398
6246.612905016169,2627,333,4904
6266.6341318991035,5782,695,10474
6286.655358782038,11800,1386,20408
6306.676585664973,21321,2622,36924
6326.697812547907,34444,4277,59754
6346.719039430842,50510,6358,86692
6366.740266313776,64795,8059,113151
6386.761493196711,75675,9370,130031
6406.7827200796455,78146,9717,135086
6426.80394696258,71492,8978,123923
6446.825173845515,58548,7394,101704
6466.846400728449,42716,5272,74664
6486.867627611384,27758,3572,49266
6506.888854494318,16332,2100,28793
6526.910081377253,8452,1102,15390
6546.9313082601875,4213,514,7940
6566.952535143122,1932,249,3799
6586.973762026057,854,110,1919
6606.994988908991,470,58,972
6627.016215791926,290,34,735
6647.03744267486,213,41,540
6667.058669557795,180,32,468
6687.0798964407295,168,27,478
6707.101123323664,148,32,456
6727.122350206599,165,28,482
6747.143577089533,172,23,474
6767.164803972468,178,33,496
6787.186030855402,213,29,558
6807.207257738337,230,33,585
6827.2284846212715,286,52,626
6847.249711504206,367,32,725
6867.270938387141,475,68,907
6887.292165270075,674,100,1238
6907.31339215301,1037,113,1787
6927.334619035944,1736,217,2860
6947.355845918879,2860,381,4636
6967.3770728018135,4436,573,7229
6987.398299684748,6626,839,10315
7007.419526567683,8611,1116,13783
7027.440753450617,10897,1364,16612
7047.461980333552,11526,1575,18826
7067.483207216486,11878,1591,18989
7087.504434099421,10608,1357,16885
7107.5256609823555,8623,1206,13774
7127.54688786529,6133,771,10166
7147.568114748225,4216,523,6781
7167.589341631159,2555,356,4165
7187.610568514094,1371,197,2319
7207.631795397028,736,93,1264
7227.653022279963,342,51,655
7247.6742491628975,166,25,358
7267.695476045832,115,16,241
7287.716702928767,118,14,203
7307.737929811701,186,25,308
7327.759156694636,368,41,525
7347.78038357757,675,68,818
7367.801610460505,1119,131,1418
7387.8228373434395,1888,218,2289
7407.844064226374,2664,321,3483
7427.865291109309,3572,401,4563
7447.886517992243,4278,458,5488
7467.907744875178,4848,585,6123
7487.928971758112,4770,533,6040
7507.950198641047,4154,472,5287
7527.971425523981,3385,440,4342
7547.992652406916,2295,340,3030
7568.013879289851,1575,202,2072
7588.035106172785,973,129,1333
7608.05633305572,539,72,772
7628.077559938654,297,41,431
7648.098786821589,136,23,240
7668.120013704523,56,15,175
7688.141240587458,43,11,125
7708.162467470393,22,6,134
7728.183694353327,24,4,102
7748.204921236262,29,6,129
7768.226148119196,16,4,102
7788.247375002131,14,4,109
7808.268601885065,24,4,106
7828.289828768,13,6,109
7848.311055650935,8,9,87
7868.332282533869,21,5,96
7888.353509416804,26,6,84
7908.374736299738,37,5,104
7928.395963182673,43,10,121
7948.417190065607,62,8,144
7968.438416948542,110,16,156
7988.459643831477,132,18,195
8008.480870714411,150,26,203
8028.502097597346,186,19,211
8048.52332448028,201,19,280
8068.544551363215,168,27,234
8088.565778246149,149,23,261
8108.587005129084,179,25,229
8128.608232012019,173,28,279
8148.629458894953,209,29,334
8168.650685777888,324,41,381
8188.671912660822,404,49,550
8208.693139543757,571,65,721
8228.714366426691,677,80,861
8248.735593309626,699,85,938
8268.75682019256,825,95,1018
8288.778047075495,695,80,961
8308.79927395843,665,69,851
8328.820500841364,527,76,640
8348.841727724299,350,52,543
8368.862954607233,263,35,378
8388.884181490168,167,22,226
8408.905408373103,89,17,192
8428.926635256037,62,7,125
8448.947862138972,29,14,91
8468.969089021906,21,4,88
8488.99031590484,16,5,94
8509.011542787775,12,5,84
8529.03276967071,14,9,67
8549.053996553645,3,5,75
8569.07522343658,10,6,76
8589.096450319514,9,5,92
8609.117677202448,7,2,89
8629.138904085383,3,8,81
8649.160130968317,12,4,96
8669.181357851252,14,3,84
8689.202584734187,14,4,106
8709.223811617121,8,4,114
8729.245038500056,9,4,120
8749.26626538299,9,5,124
8769.287492265925,16,2,103
8789.30871914886,10,7,123
8809.329946031794,16,4,105
8829.351172914729,26,1,102
8849.372399797663,21,4,118
8869.393626680598,32,5,113
8889.414853563532,36,14,132
8909.436080446467,26,7,110
8929.457307329401,25,12,117
8949.478534212336,23,5,124
8969.49976109527,24,3,92
8989.520987978205,14,3,99
9009.54221486114,10,4,103
9029.563441744074,15,5,105
9049.584668627009,11,7,91
9069.605895509943,7,6,99
9089.627122392878,4,4,95
9109.648349275813,7,2,108
9129.669576158747,10,2,109
9149.690803041682,7,4,101
9169.712029924616,6,3,94
9189.73325680755,16,5,108
9209.754483690485,15,3,93
9229.77571057342,11,3,107
9249.796937456354,17,3,103
9269.818164339289,11,7,99
9289.839391222224,15,6,92
9309.860618105158,10,5,105
9329.881844988093,10,2,97
9349.903071871027,7,4,93
9369.924298753962,7,2,98
9389.945525636896,14,4,93
9409.966752519831,14,8,104
9429.987979402766,5,2,85
9450.0092062857,5,4,80
9470.030433168635,6,3,66
9490.05166005157,11,5,75
9510.072886934504,10,5,96
9530.094113817438,18,8,79
9550.115340700373,9,5,95
9570.136567583308,12,6,89
9590.157794466242,13,5,75
9610.179021349177,17,12,69
9630.200248232111,19,7,89
9650.221475115046,13,7,85
9670.24270199798,21,7,85
9690.263928880915,18,9,91
9710.28515576385,17,7,87
9730.306382646784,18,4,102
9750.327609529719,27,9,95
9770.348836412653,13,6,96
9790.370063295588,21,4,78
9810.391290178522,13,10,83
9830.412517061457,12,4,71
9850.433743944392,11,5,104
9870.454970827326,19,3,92
9890.47619771026,15,5,84
9910.497424593195,10,2,89
9930.51865147613,16,6,108
9950.539878359064,12,4,71
9970.561105241999,7,2,94
9990.582332124934,8,4,89
10010.603559007868,14,7,105
10030.624785890803,14,2,81
10050.646012773737,12,2,110
10070.667239656672,18,3,94
10090.688466539606,13,0,83
10110.709693422541,10,2,73
10130.730920305476,14,3,94
10150.75214718841,14,7,91
10170.773374071345,7,3,91
10190.79460095428,8,4,77
10210.815827837214,11,4,82
10230.837054720148,12,4,79
10250.858281603083,9,2,68
10270.879508486018,16,6,74
10290.900735368952,12,6,78
10310.921962251887,24,6,65
10330.943189134821,6,2,85
10350.964416017756,18,4,75
10370.98564290069,12,1,82
10391.006869783625,16,5,84
10411.02809666656,17,5,73
10431.049323549494,12,2,71
10451.070550432429,12,3,86
10471.091777315363,25,6,69
10491.113004198298,24,2,82
10511.134231081232,28,5,72
10531.155457964167,21,9,63
10551.176684847102,17,5,82
10571.197911730036,14,7,89
10591.21913861297,22,6,96
10611.240365495905,19,6,77
10631.26159237884,26,7,91
10651.282819261774,23,0,99
10671.304046144709,22,6,124
10691.325273027644,30,7,135
10711.346499910578,28,8,165
10731.367726793513,30,10,250
10751.388953676447,53,7,289
10771.410180559382,52,5,369
10791.431407442316,56,3,403
10811.452634325251,69,3,489
10831.473861208186,61,1,521
10851.49508809112,63,3,508
10871.516314974055,57,3,527
10891.53754185699,57,6,415
10911.558768739924,60,6,334
10931.579995622858,33,3,314
10951.601222505793,32,6,197
10971.622449388728,26,6,145
10991.643676271662,23,5,125
11011.664903154597,19,6,92
11031.686130037531,21,2,83
11051.707356920466,18,0,94
11071.7285838034,24,6,73
11091.749810686335,27,9,63
11111.77103756927,24,1,75
11131.792264452204,22,2,78
11151.813491335139,26,6,84
11171.834718218073,22,3,86
11191.855945101008,26,0,85
11211.877171983942,19,9,102
11231.898398866877,25,2,103
11251.919625749812,33,6,118
11271.940852632746,36,6,140
11291.96207951568,42,7,176
11311.983306398615,40,4,170
11332.00453328155,53,3,202
11352.025760164484,47,2,193
11372.046987047419,49,9,212
11392.068213930354,57,5,218
11412.089440813288,40,9,175
11432.110667696223,51,6,177
11452.131894579157,43,7,140
11472.153121462092,19,5,121
11492.174348345026,33,10,91
11512.195575227961,25,7,91
11532.216802110896,29,8,82
11552.23802899383,26,3,88
11572.259255876765,30,7,80
11592.2804827597,24,5,64
11612.301709642634,39,3,105
11632.322936525568,31,5,121
11652.344163408503,48,7,155
11672.365390291438,62,4,228
11692.386617174372,91,5,313
11712.407844057307,114,5,456
11732.429070940241,157,6,613
11752.450297823176,177,4,867
11772.47152470611,232,5,1023
11792.492751589045,250,12,1175
11812.51397847198,279,7,1345
11832.535205354914,287,10,1271
11852.556432237849,265,9,1291
11872.577659120783,228,3,1111
11892.598886003718,212,4,922
11912.620112886652,149,5,756
11932.641339769587,132,7,572
11952.662566652521,103,7,414
11972.683793535456,71,6,311
11992.70502041839,61,6,197
12012.726247301325,34,3,147
12032.74747418426,44,3,91
12052.768701067194,32,6,79
12072.789927950129,37,4,68
12092.811154833063,38,6,70
12112.832381715998,33,6,60
12132.853608598933,33,5,68
12152.874835481867,28,5,74
12172.896062364802,33,3,74
12192.917289247736,38,5,80
12212.93851613067,43,4,103
12232.959743013605,46,3,152
12252.98096989654,51,4,152
12273.002196779475,64,6,199
12293.02342366241,73,6,244
12313.044650545344,89,2,256
12333.065877428278,89,3,268
12353.087104311213,75,1,300
12373.108331194147,84,5,345
12393.129558077082,96,6,319
12413.150784960017,72,6,287
12433.172011842951,86,2,310
12453.193238725886,87,8,300
12473.21446560882,108,4,313
12493.235692491755,89,6,255
12513.25691937469,90,7,259
12533.278146257624,82,3,210
12553.299373140559,69,4,190
12573.320600023493,65,4,125
12593.341826906428,76,5,134
12613.363053789362,55,3,153
12633.384280672297,71,6,148
12653.405507555231,74,6,156
12673.426734438166,86,5,199
12693.4479613211,110,8,305
12713.469188204035,155,9,411
12733.49041508697,180,4,547
12753.511641969904,222,8,704
12773.532868852839,273,7,787
12793.554095735773,320,9,860
12813.575322618708,287,5,950
12833.596549501643,311,7,938
12853.617776384577,294,10,878
12873.639003267512,218,6,752
12893.660230150446,199,9,638
12913.68145703338,174,9,549
12933.702683916315,146,3,396
12953.72391079925,123,5,292
12973.745137682185,91,4,219
12993.76636456512,77,2,157
13013.787591448054,74,7,150
13033.808818330988,64,3,117
13053.830045213923,43,2,88
13073.851272096857,51,5,72
13093.872498979792,56,4,59
13113.893725862727,39,3,65
13133.914952745661,56,4,53
13153.936179628596,40,3,41
13173.95740651153,52,2,51
13193.978633394465,51,2,42
13213.9998602774,47,5,43
13234.021087160334,49,5,58
13254.042314043269,60,1,47
13274.063540926203,49,5,60
13294.084767809138,55,3,73
13314.105994692072,56,7,69
13334.127221575007,69,8,99
13354.148448457941,82,5,121
13374.169675340876,111,7,178
13394.19090222381,92,4,201
13414.212129106745,118,8,238
13434.23335598968,142,10,263
13454.254582872614,156,4,247
13474.275809755549,151,7,289
13494.297036638483,129,5,282
13514.318263521418,131,6,251
13534.339490404353,104,2,207
13554.360717287287,96,4,174
13574.381944170222,92,7,125
13594.403171053156,85,3,113
13614.42439793609,54,6,93
13634.445624819025,63,7,62
13654.46685170196,61,4,52
13674.488078584895,54,4,39
13694.50930546783,52,3,42
13714.530532350764,58,6,48
13734.551759233698,46,5,44
13754.572986116633,65,6,41
13774.594212999567,73,4,56
13794.615439882502,61,2,59
13814.636666765437,79,6,76
13834.657893648371,76,2,82
13854.679120531306,87,5,85
13874.70034741424,101,4,102
13894.721574297175,92,5,88
13914.74280118011,70,6,80
13934.764028063044,86,4,97
13954.785254945979,87,10,77
13974.806481828913,67,5,72
13994.827708711848,69,3,69
14014.848935594782,66,2,51
14034.870162477717,77,4,57
14054.891389360651,67,1,41
14074.912616243586,54,11,34
14094.93384312652,65,7,44
14114.955070009455,63,4,40
14134.97629689239,51,10,40
14154.997523775324,57,8,33
14175.018750658259,76,5,35
14195.039977541193,54,11,35
14215.061204424128,55,7,27
14235.082431307063,66,5,20
14255.103658189997,61,0,19
14275.124885072932,61,1,14
14295.146111955866,65,4,16
14315.1673388388,54,4,17
14335.188565721735,54,3,16
14355.20979260467,64,2,11
14375.231019487604,66,5,12
14395.252246370539,63,2,21
14415.273473253474,58,4,22
14435.294700136408,56,5,12
14455.315927019343,67,3,20
14475.337153902277,60,8,24
14495.358380785212,59,7,15
14515.379607668146,55,7,30
14535.400834551081,68,5,25
14555.422061434016,74,4,24
14575.44328831695,67,5,19
14595.464515199885,74,3,18
14615.48574208282,77,7,18
14635.506968965754,94,2,27
14655.528195848688,71,1,33
14675.549422731623,83,1,20
14695.570649614558,76,3,12
14715.591876497492,58,3,23
14735.613103380427,76,6,14
14755.634330263361,64,6,18
14775.655557146296,68,4,17
14795.67678402923,60,8,9
14815.698010912165,59,6,8
14835.7192377951,61,5,9
14855.740464678034,71,3,6
14875.761691560969,56,2,10
14895.782918443903,68,6,2
14915.804145326838,73,4,6
14935.825372209772,77,6,4
14955.846599092707,59,6,4
14975.867825975642,66,2,8
14995.889052858576,60,4,6
15015.91027974151,70,3,7
15035.931506624445,72,4,2
15055.95273350738,68,5,2
15075.973960390314,66,4,6
15095.995187273249,58,2,4
15116.016414156184,76,7,3
15136.037641039118,71,7,9
15156.058867922053,72,6,3
15176.080094804987,74,6,6
15196.101321687922,72,3,1
15216.122548570856,77,4,3
15236.143775453791,72,6,2
15256.165002336726,58,7,5
15276.18622921966,76,6,2
15296.207456102595,77,6,7
15316.22868298553,73,3,4
15336.249909868464,65,6,4
15356.271136751398,69,5,2
15376.292363634333,85,6,9
15396.313590517268,69,3,3
15416.334817400202,73,10,1
15436.356044283137,83,5,3
15456.377271166071,82,6,3
15476.398498049006,57,6,7
15496.41972493194,74,8,6
15516.440951814875,72,5,5
15536.46217869781,69,3,2
15556.483405580744,68,6,4
15576.504632463679,88,11,5
15596.525859346613,77,3,1
15616.547086229548,76,7,0
15636.568313112482,70,5,1
15656.589539995417,80,8,3
15676.610766878352,66,5,2
15696.631993761286,91,12,1
15716.65322064422,83,9,4
15736.674447527155,96,10,0
15756.69567441009,86,13,6
15776.716901293024,87,8,5
15796.738128175959,102,5,4
15816.759355058894,79,10,4
15836.780581941828,85,7,3
15856.801808824763,70,6,1
15876.823035707697,64,10,5
15896.844262590632,76,9,2
15916.865489473566,55,7,4
15936.886716356501,73,7,2
15956.907943239436,91,5,2
15976.92917012237,70,9,6
15996.950397005305,82,4,3
16016.97162388824,62,7,1
16036.992850771174,92,8,2
16057.014077654108,88,9,1
16077.035304537043,78,7,2
16097.056531419978,78,5,2
16117.077758302912,69,10,4
16137.098985185847,90,14,2
16157.120212068781,73,7,2
16177.141438951716,78,8,4
16197.16266583465,79,7,1
16217.183892717585,84,11,1
16237.20511960052,75,4,4
16257.226346483454,76,10,6
16277.247573366389,79,12,3
16297.268800249323,109,12,3
16317.290027132258,78,10,0
16337.311254015192,71,17,4
16357.332480898127,97,13,2
16377.353707781062,85,13,2
16397.374934663996,81,12,1
16417.39616154693,87,7,2
16437.417388429865,87,14,2
16457.4386153128,96,10,5
16477.459842195734,90,14,5
16497.48106907867,96,23,3
16517.502295961604,90,12,3
16537.523522844538,92,9,5
16557.544749727473,116,7,3
16577.565976610407,88,11,4
16597.58720349334,105,15,1
16617.608430376276,84,13,2
16637.62965725921,99,21,3
16657.650884142146,90,15,4
16677.67211102508,109,17,3
16697.693337908015,94,5,4
16717.71456479095,102,13,1
16737.735791673884,105,9,3
16757.75701855682,92,12,1
16777.778245439753,116,10,6
16797.799472322688,87,10,4
16817.820699205622,79,9,4
16837.841926088557,98,12,4
16857.86315297149,84,13,2
16877.884379854426,93,14,4
16897.90560673736,96,15,6
16917.926833620295,106,13,3
16937.94806050323,102,15,5
16957.969287386164,87,22,2
16977.9905142691,115,20,5
16998.011741152033,113,22,1
17018.032968034968,103,11,1
17038.054194917902,117,21,1
17058.075421800837,122,20,1
17078.09664868377,123,22,2
17098.117875566706,131,31,2
17118.13910244964,159,43,0
17138.160329332575,203,65,5
17158.18155621551,296,92,7
17178.202783098444,399,132,4
17198.22400998138,541,218,6
17218.245236864313,794,287,4
17238.266463747248,1129,439,5
17258.287690630183,1563,576,7
17278.308917513117,2122,824,6
17298.33014439605,2806,1087,9
17318.351371278986,3529,1377,10
17338.37259816192,4311,1686,11
17358.393825044855,4945,1939,2
17378.41505192779,5749,2233,3
17398.436278810725,6208,2491,2
17418.45750569366,7014,2757,3
17438.478732576594,7175,2749,3
17458.49995945953,7232,2974,1
17478.521186342463,7045,2838,5
17498.542413225397,6713,2742,1
17518.563640108332,6044,2491,1
17538.584866991267,5106,2119,3
17558.6060938742,4353,1728,3
17578.627320757136,3332,1466,4
17598.64854764007,2724,1035,0
17618.669774523005,1943,755,4
17638.69100140594,1383,539,3
17658.712228288874,995,372,1
17678.73345517181,671,257,2
17698.754682054743,437,169,3
17718.775908937678,324,108,1
17738.797135820612,220,60,3
17758.818362703547,155,37,2
17778.83958958648,133,22,4
17798.860816469416,129,23,1
17818.88204335235,117,22,3
17838.903270235285,112,14,5
17858.92449711822,111,8,2
17878.945724001154,106,11,5
17898.96695088409,82,9,3
17918.988177767023,93,15,3
17939.009404649958,105,15,1
17959.030631532893,98,7,5
17979.051858415827,91,16,1
17999.07308529876,81,8,2
18019.094312181696,107,16,0
18039.11553906463,89,11,3
18059.136765947565,92,19,0
18079.1579928305,89,13,5
18099.179219713435,99,19,4
18119.20044659637,109,18,6
18139.221673479304,83,12,6
18159.24290036224,98,14,6
18179.264127245173,98,15,4
18199.285354128107,94,9,11
18219.306581011042,105,8,10
18239.327807893977,108,15,6
18259.34903477691,109,10,8
18279.370261659846,88,10,6
18299.39148854278,126,17,8
18319.412715425715,102,12,8
18339.43394230865,84,13,1
18359.455169191584,79,17,10
18379.47639607452,104,6,2
18399.497622957453,106,13,3
18419.518849840388,105,15,1
18439.540076723322,116,17,2
18459.561303606257,81,13,1
18479.58253048919,100,15,2
18499.603757372126,110,19,3
18519.62498425506,117,13,1
18539.646211137995,96,10,3
18559.66743802093,113,14,6
18579.688664903864,94,19,1
18599.7098917868,119,17,4
18619.731118669733,111,14,0
18639.752345552668,127,16,3
18659.773572435603,132,16,6
18679.794799318537,124,14,1
18699.81602620147,114,8,2
18719.837253084406,119,20,2
18739.85847996734,114,16,6
18759.879706850275,120,13,7
18779.90093373321,118,27,7
18799.922160616145,114,23,4
18819.94338749908,114,19,4
18839.964614382014,111,14,8
18859.98584126495,111,18,6
18880.007068147883,127,18,2
18900.028295030817,121,20,7
18920.049521913752,114,20,1
18940.070748796687,145,13,3
18960.09197567962,113,34,7
18980.113202562556,145,18,7
19000.13442944549,134,32,2
19020.155656328425,128,28,3
19040.17688321136,146,16,2
19060.198110094294,159,21,6
19080.21933697723,149,21,1
19100.240563860163,125,36,3
19120.261790743098,158,26,4
19140.283017626032,132,18,4
19160.304244508967,148,17,4
19180.3254713919,124,26,5
19200.346698274836,134,18,6
19220.36792515777,147,24,6
19240.389152040705,124,24,5
19260.41037892364,155,28,3
19280.431605806574,161,29,2
19300.45283268951,157,22,2
19320.474059572443,153,24,4
19340.495286455378,182,21,1
19360.516513338313,193,52,3
19380.537740221247,197,64,2
19400.55896710418,256,83,3
19420.580193987116,353,104,2
19440.60142087005,403,153,1
19460.622647752985,545,184,0
19480.64387463592,692,247,0
19500.665101518854,822,300,2
19520.68632840179,936,353,1
19540.707555284724,1092,430,2
19560.72878216766,1167,518,3
19580.750009050593,1324,537,2
19600.771235933527,1344,534,3
19620.792462816462,1322,521,1
19640.813689699396,1212,529,0
19660.83491658233,1195,467,1
19680.856143465266,1035,420,0
19700.8773703482,884,355,0
19720.898597231135,733,273,1
19740.91982411407,618,233,1
19760.941050997004,502,184,2
19780.96227787994,430,147,0
19800.983504762873,334,113,4
19821.004731645808,317,101,1
19841.025958528742,255,82,3
19861.047185411677,300,75,2
19881.06841229461,291,84,0
19901.089639177546,303,91,3
19921.11086606048,340,112,3
19941.132092943415,375,125,3
19961.15331982635,377,95,1
19981.174546709284,366,136,2
20001.19577359222,426,140,1
20021.217000475153,401,117,1
20041.238227358088,427,104,1
20061.259454241022,401,92,1
20081.280681123957,409,89,0
20101.30190800689,389,94,1
20121.323134889826,387,92,2
20141.34436177276,349,88,0
20161.365588655695,356,69,1
20181.38681553863,394,68,0
20201.408042421564,354,73,2
20221.4292693045,340,66,0
20241.450496187434,334,55,1
20261.471723070368,293,55,0
20281.492949953303,290,52,1
20301.514176836237,250,56,0
20321.535403719172,223,39,0
20341.556630602106,196,36,0
20361.57785748504,160,36,1
20381.599084367976,122,26,1
20401.62031125091,124,20,0
20421.641538133845,123,16,0
20441.66276501678,103,19,1
20461.683991899714,85,17,1
20481.70521878265,97,14,0
20501.726445665583,90,10,1
20521.747672548518,87,7,0
20541.768899431452,83,14,1
20561.790126314387,85,11,0
20581.81135319732,69,9,0
20601.832580080256,82,9,1
20621.85380696319,70,10,0
20641.875033846125,77,14,0
20661.89626072906,77,17,0
20681.917487611994,77,13,0
20701.93871449493,72,9,1
20721.959941377863,73,11,0
20741.981168260798,77,6,0
20762.002395143732,74,11,0
20782.023622026667,94,16,0
20802.0448489096,82,13,0
20822.066075792536,84,7,0
20842.08730267547,81,11,0
20862.108529558405,94,10,0
20882.12975644134,79,12,0
20902.150983324274,75,10,0
20922.17221020721,89,14,0
20942.193437090144,88,17,0
20962.214663973078,95,10,0
20982.235890856013,85,19,0
21002.257117738947,78,14,0
21022.278344621882,106,10,0
21042.299571504816,101,19,1
21062.32079838775,100,14,0
21082.342025270686,81,10,0
21102.36325215362,91,12,0
21122.384479036555,90,10,0
21142.40570591949,89,11,0
21162.426932802424,83,12,0
21182.44815968536,78,15,0
21202.469386568293,97,13,0
21222.490613451228,84,16,0
21242.511840334162,87,20,0
21262.533067217097,85,9,0
21282.55429410003,91,12,0
21302.575520982966,108,12,0
21322.5967478659,90,18,0
21342.617974748835,84,17,0
21362.63920163177,85,19,0
21382.660428514704,77,20,0
21402.68165539764,75,12,0
21422.702882280573,84,12,0
21442.724109163508,88,19,0
21462.745336046442,89,13,0
21482.766562929377,70,15,0
21502.78778981231,82,20,0
21522.809016695246,76,14,1
21542.83024357818,93,15,0
21562.851470461115,102,22,0
21582.87269734405,91,21,0
21602.893924226984,93,10,0
21622.91515110992,72,15,0
21642.936377992854,86,22,0
21662.957604875788,80,8,0
21682.978831758723,77,11,0
21703.000058641657,82,16,0
21723.02128552459,84,13,0
21743.042512407526,73,17,0
21763.06373929046,96,13,0
21783.084966173396,77,17,0
21803.10619305633,79,18,0
21823.127419939265,92,22,0
21843.1486468222,67,15,0
21863.169873705134,73,17,1
21883.19110058807,91,12,0
21903.212327471003,79,19,1
21923.233554353938,83,16,0
21943.254781236872,84,19,0
21963.276008119807,77,22,0
21983.29723500274,83,16,0
22003.318461885676,78,8,0
22023.33968876861,85,22,0
22043.360915651545,88,20,0
22063.38214253448,85,16,0
22083.403369417414,78,15,0
22103.42459630035,87,20,0
22123.445823183283,72,16,0
22143.467050066218,79,16,0
22163.488276949152,78,22,0
22183.509503832087,71,20,0
22203.53073071502,71,18,0
22223.551957597956,76,14,0
22243.57318448089,84,15,0
22263.594411363825,73,23,0
22283.61563824676,88,16,0
22303.636865129694,88,11,0
22323.65809201263,93,12,0
22343.679318895563,89,17,1
22363.700545778498,87,21,0
22383.721772661433,75,20,0
22403.742999544367,79,18,0
22423.7642264273,73,13,0
22443.785453310236,74,22,0
22463.80668019317,73,19,0
22483.827907076105,72,17,0
22503.84913395904,75,17,0
22523.870360841975,83,22,0
22543.89158772491,70,21,0
22563.912814607844,101,15,0
22583.93404149078,103,30,0
22603.955268373713,100,30,0
22623.976495256647,116,37,0
22643.997722139582,122,31,0
22664.018949022517,113,39,0
22684.04017590545,125,35,0
22704.061402788386,142,31,0
22724.08262967132,155,42,0
22744.103856554255,134,27,0
22764.12508343719,129,36,0
22784.146310320124,113,29,0
22804.16753720306,114,28,1
22824.188764085993,116,30,0
22844.209990968928,122,33,0
22864.231217851862,101,28,0
22884.252444734797,134,25,0
22904.27367161773,120,24,0
22924.294898500666,97,22,0
22944.3161253836,86,20,0
22964.337352266535,91,18,0
22984.35857914947,65,13,0
23004.379806032404,90,18,0
23024.40103291534,78,16,0
23044.422259798273,84,16,0
23064.443486681208,69,25,0
23084.464713564143,85,13,0
23104.485940447077,76,15,0
23124.50716733001,80,24,0
23144.528394212946,67,25,0
23164.54962109588,69,26,0
23184.570847978815,75,17,0
23204.59207486175,84,18,0
23224.613301744685,75,13,1
23244.63452862762,84,20,0
23264.655755510554,73,13,1
23284.67698239349,66,23,0
23304.698209276423,63,16,0
23324.719436159357,68,13,0
23344.740663042292,66,9,0
23364.761889925227,70,13,0
23384.78311680816,73,26,0
23404.804343691096,58,20,0
23424.82557057403,72,18,0
23444.846797456965,68,8,0
23464.8680243399,70,18,0
23484.889251222834,79,16,0
23504.91047810577,57,26,0
23524.931704988703,79,13,0
23544.952931871638,60,26,0
23564.974158754572,65,23,0
23584.995385637507,73,14,0
23605.01661252044,64,14,0
23625.037839403376,78,12,0
23645.05906628631,83,20,0
23665.080293169245,79,24,0
23685.10152005218,74,15,0
23705.122746935114,71,21,0
23725.14397381805,77,23,0
23745.165200700983,96,19,0
23765.186427583918,102,24,0
23785.207654466853,107,20,0
23805.228881349787,106,31,0
23825.25010823272,112,22,0
23845.271335115656,122,32,0
23865.29256199859,118,37,0
23885.313788881525,116,48,0
23905.33501576446,97,49,0
23925.356242647395,100,55,0
23945.37746953033,98,49,0
23965.398696413264,97,52,0
23985.4199232962,103,69,0
24005.441150179133,83,57,0
24025.462377062067,91,72,0
24045.483603945002,72,76,0
24065.504830827937,84,81,0
24085.52605771087,73,70,0
24105.547284593806,74,90,0
24125.56851147674,57,91,0
24145.589738359675,66,91,0
24165.61096524261,60,92,0
24185.632192125544,63,99,0
24205.65341900848,57,77,0
24225.674645891413,65,77,0
24245.695872774348,60,73,0
24265.717099657282,66,84,0
24285.738326540217,62,61,0
24305.75955342315,40,83,0
24325.780780306086,58,65,0
24345.80200718902,63,58,0
24365.823234071955,62,36,0
24385.84446095489,62,46,0
24405.865687837824,53,20,0
24425.88691472076,62,32,0
24445.908141603693,66,22,0
24465.929368486628,57,31,0
24485.950595369563,65,14,0
24505.971822252497,58,20,0
24525.99304913543,53,12,0
24546.014276018366,53,16,0
24566.0355029013,58,20,0
24586.056729784235,60,20,0
24606.07795666717,59,17,0
24626.099183550104,57,18,0
24646.12041043304,66,21,0
24666.141637315974,72,23,0
24686.16286419891,80,13,0
24706.184091081843,48,26,0
24726.205317964777,48,18,0
24746.226544847712,48,20,0
24766.247771730646,48,21,0
24786.26899861358,64,16,0
24806.290225496516,62,16,0
24826.31145237945,73,18,0
24846.332679262385,56,10,0
24866.35390614532,50,18,0
24886.375133028254,62,16,0
24906.39635991119,58,16,0
24926.417586794123,59,21,0
24946.438813677058,64,21,0
24966.460040559992,60,27,0
24986.481267442927,54,18,0
25006.50249432586,56,26,0
25026.523721208796,57,38,0
25046.54494809173,71,42,0
25066.566174974665,42,29,0
25086.5874018576,43,18,0
25106.608628740534,57,24,0
25126.62985562347,58,24,0
25146.651082506403,52,18,0
25166.672309389338,52,26,0
25186.693536272272,47,31,0
25206.714763155207,54,29,0
25226.73599003814,45,29,1
25246.757216921076,56,25,0
25266.77844380401,39,28,0
25286.799670686945,50,35,0
25306.82089756988,52,33,0
25326.842124452814,56,28,0
25346.86335133575,50,25,0
25366.884578218684,46,27,0
25386.905805101618,59,22,0
25406.927031984553,54,26,0
25426.948258867487,40,25,0
25446.969485750422,48,16,0
25466.990712633356,44,25,0
25487.01193951629,51,21,0
25507.033166399226,45,24,0
25527.05439328216,47,21,0
25547.075620165095,46,22,0
25567.09684704803,46,18,0
25587.118073930964,43,19,0
25607.1393008139,54,16,0
25627.160527696833,37,18,0
25647.181754579768,39,15,0
25667.202981462702,55,21,0
25687.224208345637,48,18,0
25707.24543522857,43,18,0
25727.266662111506,50,13,0
25747.28788899444,38,18,0
25767.309115877375,43,18,0
25787.33034276031,43,18,0
25807.351569643244,46,14,0
25827.37279652618,51,16,0
25847.394023409113,34,23,0
25867.415250292048,47,17,0
25887.436477174982,38,19,0
25907.457704057917,51,21,0
25927.47893094085,40,21,0
25947.500157823786,48,20,0
25967.52138470672,62,22,0
25987.542611589655,46,15,0
26007.56383847259,53,20,0
26027.585065355524,44,19,0
26047.60629223846,44,19,0
26067.627519121394,42,16,0
26087.648746004328,46,13,0
26107.669972887263,61,23,0
26127.691199770197,40,23,0
26147.712426653132,45,12,0
26167.733653536066,46,20,0
26187.754880419,52,16,0
26207.776107301936,38,20,0
26227.79733418487,35,22,0
26247.818561067805,46,27,0
26267.83978795074,52,21,0
26287.861014833674,46,28,0
26307.88224171661,34,29,0
26327.903468599543,33,15,0
26347.924695482478,44,30,0
26367.945922365412,22,17,0
26387.967149248347,42,21,0
26407.98837613128,40,28,0
26428.009603014216,28,28,0
26448.03082989715,37,17,0
26468.052056780085,28,21,0
26488.07328366302,29,24,0
26508.094510545954,37,26,0
26528.11573742889,32,17,0
26548.136964311823,24,20,0
26568.158191194758,27,17,0
26588.179418077692,41,17,0
26608.200644960627,39,24,0
26628.22187184356,37,20,0
26648.243098726496,41,17,0
26668.26432560943,37,19,0
26688.285552492365,28,21,0
26708.3067793753,42,20,0
26728.328006258234,26,27,0
26748.34923314117,40,21,0
26768.370460024104,26,12,0
26788.391686907038,29,30,0
26808.412913789973,31,20,0
26828.434140672907,38,14,0
26848.45536755584,37,22,0
26868.476594438776,27,26,0
26888.49782132171,28,22,0
26908.519048204646,32,25,0
26928.54027508758,23,22,0
26948.561501970515,20,20,0
26968.58272885345,26,14,0
26988.603955736384,36,20,0
27008.62518261932,29,26,0
27028.646409502253,29,21,0
27048.667636385188,29,17,0
27068.688863268122,25,23,0
27088.710090151057,36,23,0
27108.73131703399,31,26,0
27128.752543916926,31,29,0
27148.77377079986,29,31,0
27168.794997682795,23,25,0
27188.81622456573,24,28,0
27208.837451448664,27,31,0
27228.8586783316,23,34,0
27248.879905214533,29,45,0
27268.901132097468,32,31,0
27288.922358980402,31,37,0
27308.943585863337,19,45,0
27328.96481274627,15,43,0
27348.986039629206,25,45,0
27369.00726651214,17,33,0
27389.028493395075,23,34,0
27409.04972027801,21,30,0
27429.070947160944,24,35,0
27449.09217404388,25,20,0
27469.113400926813,18,36,0
27489.134627809748,27,22,0
27509.155854692683,21,20,0
27529.177081575617,26,21,0
27549.19830845855,28,17,0
27569.219535341486,24,17,0
27589.24076222442,20,22,0
27609.261989107355,21,21,0
27629.28321599029,23,19,0
27649.304442873225,15,19,0
27669.32566975616,16,23,0
27689.346896639094,19,27,0
27709.36812352203,28,19,0
27729.389350404963,17,22,0
27749.410577287897,17,23,0
27769.431804170832,23,28,0
27789.453031053767,15,24,0
27809.4742579367,20,28,0
27829.495484819636,22,24,0
27849.51671170257,15,28,0
27869.537938585505,12,19,0
27889.55916546844,20,24,0
27909.580392351374,18,18,0
27929.60161923431,16,24,0
27949.622846117243,13,24,0
27969.644073000178,18,23,0
27989.665299883112,16,20,0
28009.686526766047,14,18,0
28029.70775364898,9,13,0
28049.728980531916,16,29,0
28069.75020741485,15,13,0
28089.771434297785,8,17,0
28109.79266118072,19,19,0
28129.813888063654,14,20,0
28149.83511494659,17,19,0
28169.856341829523,14,15,0
28189.877568712458,12,16,0
28209.898795595393,12,25,0
28229.920022478327,5,22,0
28249.94124936126,16,15,0
28269.962476244196,12,20,0
28289.98370312713,16,27,0
28310.004930010065,12,16,0
28330.026156893,18,20,0
28350.047383775935,11,17,0
28370.06861065887,12,23,0
28390.089837541804,14,20,0
28410.11106442474,4,17,0
28430.132291307673,15,27,0
28450.153518190607,9,28,0
28470.174745073542,13,20,0
28490.195971956477,9,12,0
28510.21719883941,7,29,0
28530.238425722346,8,22,0
28550.25965260528,10,17,0
28570.280879488215,8,20,0
28590.30210637115,10,22,0
28610.323333254084,7,13,0
28630.34456013702,5,17,0
28650.365787019953,7,16,0
28670.387013902888,7,16,0
28690.408240785822,18,16,0
28710.429467668757,7,8,0
28730.45069455169,10,24,0
28750.471921434626,13,22,0
28770.49314831756,8,21,0
28790.514375200495,7,12,0
28810.53560208343,5,23,0
28830.556828966364,6,11,0
28850.5780558493,6,22,0
28870.599282732233,4,21,0
28890.620509615168,7,16,0
28910.641736498103,7,18,0
28930.662963381037,5,17,0
28950.68419026397,8,20,0
28970.705417146906,9,18,0
28990.72664402984,5,25,0
29010.747870912775,2,23,0
29030.76909779571,5,20,0
29050.790324678645,5,12,0
29070.81155156158,3,25,0
29090.832778444514,3,20,0
29110.85400532745,4,19,0
29130.875232210383,9,19,0
29150.896459093317,10,16,0
29170.917685976252,3,13,0
29190.938912859187,2,20,0
29210.96013974212,3,19,0
29230.981366625056,6,23,0
29251.00259350799,1,14,0
29271.023820390925,4,23,0
29291.04504727386,4,21,0
29311.066274156794,4,14,0
29331.08750103973,3,20,0
29351.108727922663,2,19,0
29371.129954805598,6,24,0
29391.151181688532,2,16,0
29411.172408571467,5,29,0
29431.1936354544,3,24,0
29451.214862337336,1,14,0
29471.23608922027,2,17,0
29491.257316103205,4,20,0
29511.27854298614,2,27,0
29531.299769869074,2,12,0
29551.32099675201,5,14,0
29571.342223634943,3,16,0
29591.363450517878,9,23,0
29611.384677400813,2,9,0
29631.405904283747,3,22,0
29651.42713116668,3,30,0
29671.448358049616,3,23,0
29691.46958493255,0,22,0
29711.490811815485,1,27,0
29731.51203869842,1,18,0
29751.533265581354,0,24,0
29771.55449246429,1,14,0
29791.575719347224,1,23,0
29811.59694623016,2,10,0
29831.618173113093,1,21,0
29851.639399996027,1,14,0
29871.660626878962,1,20,0
29891.681853761896,1,22,0
29911.70308064483,0,22,0
29931.724307527766,0,22,0
29951.7455344107,2,20,0
29971.766761293635,3,21,0
29991.78798817657,1,15,0
30011.809215059504,0,26,0
30031.83044194244,1,17,0
30051.851668825373,0,31,0
30071.872895708308,3,18,0
30091.894122591242,3,11,0
30111.915349474177,2,15,0
30131.93657635711,2,22,0
30151.957803240046,1,14,0
30171.97903012298,0,21,0
30192.000257005915,2,23,0
30212.02148388885,2,24,0
30232.042710771784,0,18,0
30252.06393765472,0,14,0
30272.085164537653,0,20,0
30292.106391420588,1,17,0
30312.127618303522,3,22,0
30332.148845186457,0,14,0
30352.17007206939,2,24,0
30372.191298952326,3,23,0
30392.21252583526,1,15,0
30412.233752718195,1,20,0
30432.25497960113,0,26,0
30452.276206484064,0,23,0
30472.297433367,1,9,0
30492.318660249934,0,28,0
30512.339887132868,1,14,0
30532.361114015803,0,31,0
30552.382340898737,0,23,0
30572.403567781672,2,18,0
30592.424794664606,2,22,0
30612.44602154754,1,21,0
30632.467248430476,0,25,0
30652.48847531341,1,21,0
30672.509702196345,0,15,0
30692.53092907928,1,20,0
30712.552155962214,0,22,0
30732.57338284515,0,32,0
30752.594609728083,1,25,0
30772.615836611018,0,23,0
30792.637063493952,1,20,0
30812.658290376887,2,11,0
30832.67951725982,0,19,0
30852.700744142756,1,20,0
30872.72197102569,2,23,0
30892.743197908625,1,17,0
30912.76442479156,1,14,0
30932.785651674494,0,30,0
30952.80687855743,2,23,0
30972.828105440363,2,20,0
30992.849332323298,2,25,0
31012.870559206232,1,15,0
31032.891786089167,1,20,0
31052.9130129721,0,19,0
31072.934239855036,0,18,0
31092.95546673797,2,21,0
31112.976693620905,1,27,0
31132.99792050384,1,22,0
31153.019147386774,2,19,0
31173.04037426971,1,20,0
31193.061601152644,2,26,0
31213.082828035578,0,19,0
31233.104054918513,1,11,0
31253.125281801447,2,22,0
31273.146508684382,0,27,0
31293.167735567316,0,22,0
31313.18896245025,0,19,0
31333.210189333186,3,19,0
31353.23141621612,2,22,0
31373.252643099055,0,18,0
31393.27386998199,1,20,0
31413.295096864924,1,18,0
31433.31632374786,1,17,0
31453.337550630793,0,14,0
31473.358777513728,0,28,0
31493.380004396662,1,20,0
31513.401231279597,2,25,0
31533.42245816253,0,21,0
31553.443685045466,1,21,0
31573.4649119284,1,23,0
31593.486138811335,1,17,0
31613.50736569427,0,13,0
31633.528592577204,1,22,0
31653.54981946014,0,18,0
31673.571046343073,0,20,0
31693.592273226008,2,22,0
31713.613500108942,0,20,0
31733.634726991877,0,17,0
31753.65595387481,1,17,0
31773.677180757746,2,21,0
31793.69840764068,0,23,0
31813.719634523615,0,21,0
31833.74086140655,2,21,0
31853.762088289484,0,19,0
31873.78331517242,1,18,0
31893.804542055354,1,19,0
31913.825768938288,1,17,0
31933.846995821223,0,20,0
31953.868222704157,0,18,0
31973.88944958709,0,19,0
31993.910676470026,1,18,0
32013.93190335296,0,16,0
32033.953130235896,1,15,0
32053.97435711883,1,16,0
32073.995584001765,0,18,0
32094.0168108847,1,23,0
32114.038037767634,1,21,0
32134.05926465057,1,26,0
32154.080491533503,0,20,0
32174.101718416438,0,16,0
32194.122945299372,0,19,0
32214.144172182307,0,17,0
32234.16539906524,0,22,0
32254.186625948176,0,15,0
32274.20785283111,0,19,0
32294.229079714045,0,29,0
32314.25030659698,1,22,0
32334.271533479914,0,17,0
32354.29276036285,0,15,0
32374.313987245783,1,20,0
32394.335214128718,1,18,0
32414.356441011652,1,22,0
32434.377667894587,1,18,0
32454.39889477752,1,21,0
32474.420121660456,0,14,0
32494.44134854339,1,27,0
32514.462575426325,0,17,0
32534.48380230926,1,23,0
32554.505029192194,2,19,0
32574.52625607513,1,22,0
32594.547482958063,0,18,0
32614.568709840998,0,15,0
32634.589936723933,0,17,0
32654.611163606867,2,17,0
32674.6323904898,0,23,0
32694.653617372736,0,23,0
32714.67484425567,0,21,0
32734.696071138605,2,20,0
32754.71729802154,2,13,0
32774.738524904475,0,18,0
32794.75975178741,0,19,0
32814.780978670344,0,21,0
32834.80220555328,2,15,0
32854.82343243621,0,22,0
32874.84465931915,0,16,0
32894.86588620208,0,12,0
32914.88711308502,0,21,0
32934.90833996795,0,17,0
32954.929566850886,0,20,0
32974.95079373382,1,23,0
32994.972020616755,1,22,0
33014.99324749969,0,15,0
33035.014474382624,0,23,0
33055.03570126556,0,23,0
33075.05692814849,0,22,0
33095.07815503143,0,18,0
33115.09938191436,1,22,0
33135.1206087973,0,17,0
33155.14183568023,1,14,0
33175.163062563166,1,16,0
33195.1842894461,0,15,0
33215.205516329035,1,18,0
33235.22674321197,1,20,0
33255.247970094904,0,20,0
33275.26919697784,0,22,0
33295.29042386077,0,21,0
33315.31165074371,1,19,0
33335.33287762664,1,19,0
33355.35410450958,0,26,0
33375.37533139251,1,29,0
33395.396558275446,0,27,0
33415.41778515838,0,26,0
33435.439012041315,0,23,0
33455.46023892425,0,23,0
33475.481465807185,0,20,0
33495.50269269012,0,22,0
33515.523919573054,0,23,0
33535.54514645599,2,22,0
33555.56637333892,0,22,0
33575.58760022186,0,19,0
33595.60882710479,0,19,0
33615.63005398773,1,22,0
33635.65128087066,0,12,0
33655.672507753596,0,14,0
33675.69373463653,1,16,0
33695.714961519465,1,14,0
33715.7361884024,0,23,0
33735.757415285334,2,23,0
33755.77864216827,0,15,0
33775.7998690512,0,16,0
33795.82109593414,3,19,0
33815.84232281707,0,18,0
33835.86354970001,1,11,0
33855.88477658294,0,14,0
33875.906003465876,0,19,0
33895.92723034881,0,26,0
33915.948457231745,0,18,0
33935.96968411468,1,14,0
33955.990910997614,0,15,0
33976.01213788055,0,19,0
33996.03336476348,0,19,0
34016.05459164642,1,19,0
34036.07581852935,0,16,0
34056.09704541229,0,19,0
34076.11827229522,0,18,0
34096.139499178156,0,18,0
34116.16072606109,0,24,0
34136.181952944025,1,21,0
34156.20317982696,0,15,0
34176.224406709895,0,24,0
34196.24563359283,0,19,0
34216.266860475764,0,17,0
34236.2880873587,1,26,0
34256.30931424163,0,18,0
34276.33054112457,1,12,0
34296.3517680075,1,17,0
34316.37299489044,1,14,0
34336.39422177337,2,13,0
34356.415448656306,1,25,0
34376.43667553924,1,21,0
34396.457902422175,1,19,0
34416.47912930511,0,16,0
34436.500356188044,1,12,0
34456.52158307098,0,26,0
34476.54280995391,0,15,0
34496.56403683685,1,15,0
34516.58526371978,1,21,0
34536.60649060272,0,19,0
34556.62771748565,0,17,0
34576.648944368586,0,17,0
34596.67017125152,1,23,0
34616.691398134455,0,28,0
34636.71262501739,1,25,0
34656.733851900324,0,19,0
34676.75507878326,2,21,0
34696.77630566619,1,20,0
34716.79753254913,1,14,0
34736.81875943206,2,21,0
34756.839986315,2,13,0
34776.86121319793,1,26,0
34796.882440080866,1,27,0
34816.9036669638,0,15,0
34836.924893846735,1,18,0
34856.94612072967,3,20,0
34876.967347612604,4,20,0
34896.98857449554,6,20,0
34917.009801378474,5,20,0
34937.03102826141,4,13,0
34957.05225514434,2,15,0
34977.07348202728,5,16,0
34997.09470891021,3,21,0
35017.11593579315,2,24,0
35037.13716267608,1,22,0
35057.158389559016,1,24,0
35077.17961644195,1,14,0
35097.200843324885,0,24,0
35117.22207020782,4,27,0
35137.243297090754,0,23,0
35157.26452397369,1,12,0
35177.28575085662,2,17,0
35197.30697773956,1,22,0
35217.32820462249,0,13,0
35237.34943150543,1,16,0
35257.37065838836,2,27,0
35277.391885271296,0,12,0
35297.41311215423,0,16,0
35317.434339037165,0,29,0
35337.4555659201,1,28,0
35357.476792803034,0,18,0
35377.49801968597,0,16,0
35397.5192465689,0,23,0
35417.54047345184,0,13,0
35437.56170033477,1,16,0
35457.58292721771,0,28,0
35477.60415410064,0,16,0
35497.625380983576,0,22,0
35517.64660786651,0,18,0
35537.667834749445,0,19,0
35557.68906163238,0,21,0
35577.710288515314,0,26,0
35597.73151539825,3,18,0
35617.75274228118,1,18,0
35637.77396916412,0,16,0
35657.79519604705,0,12,0
35677.81642292999,0,16,0
35697.83764981292,1,16,0
35717.85887669586,0,16,0
35737.88010357879,0,20,0
35757.901330461726,1,22,0
35777.92255734466,0,20,0
35797.943784227595,0,16,0
35817.96501111053,0,14,0
35837.986237993464,0,24,0
35858.0074648764,0,13,0
35878.02869175933,0,22,0
35898.04991864227,0,19,0
35918.0711455252,0,16,0
35938.09237240814,0,21,0
35958.11359929107,0,26,0
35978.134826174006,0,17,0
35998.15605305694,0,13,0
36018.177279939875,0,27,0
36038.19850682281,0,13,0
36058.219733705744,0,16,0
36078.24096058868,0,19,0
36098.26218747161,0,9,0
36118.28341435455,0,17,0
36138.30464123748,2,19,0
36158.32586812042,0,20,0
36178.34709500335,0,12,0
36198.368321886286,0,19,0
36218.38954876922,0,26,0
36238.410775652155,0,16,0
36258.43200253509,0,18,0
36278.453229418024,0,20,0
36298.47445630096,0,17,0
36318.49568318389,0,16,0
36338.51691006683,0,18,0
36358.53813694976,0,20,0
36378.5593638327,1,17,0
36398.58059071563,0,14,0
36418.60181759857,0,19,0
36438.6230444815,0,17,0
36458.644271364436,0,18,0
36478.66549824737,0,30,0
36498.686725130305,0,21,0
36518.70795201324,1,19,0
36538.729178896174,0,16,0
36558.75040577911,0,14,0
36578.77163266204,0,21,0
36598.79285954498,1,18,0
36618.81408642791,0,21,0
36638.83531331085,1,22,0
36658.85654019378,0,18,0
36678.877767076716,0,16,0
36698.89899395965,1,15,0
36718.920220842585,0,20,0
36738.94144772552,0,14,0
36758.962674608454,0,18,0
36778.98390149139,0,14,0
36799.00512837432,0,13,0
36819.02635525726,1,17,0
36839.04758214019,0,16,0
36859.06880902313,2,20,0
36879.09003590606,0,14,0
36899.111262788996,2,10,0
36919.13248967193,1,19,0
36939.153716554865,3,19,0
36959.1749434378,1,15,0
36979.196170320734,4,14,0
36999.21739720367,1,24,0
37019.2386240866,1,11,0
37039.25985096954,1,12,0
37059.28107785247,0,15,0
37079.30230473541,4,19,0
37099.32353161834,2,23,0
37119.34475850128,0,20,0
37139.36598538421,0,18,0
37159.387212267146,0,16,0
37179.40843915008,1,26,0
37199.429666033015,0,14,0
37219.45089291595,0,22,0
37239.472119798884,2,9,0
37259.49334668182,1,17,0
37279.51457356475,0,15,0
37299.53580044769,0,20,0
37319.55702733062,1,21,0
37339.57825421356,0,13,0
37359.59948109649,1,16,0
37379.620707979426,0,15,0
37399.64193486236,0,13,0
37419.663161745295,0,20,0
37439.68438862823,0,19,0
37459.705615511164,2,19,0
37479.7268423941,0,15,0
37499.74806927703,0,13,0
37519.76929615997,0,22,0
37539.7905230429,0,18,0
37559.81174992584,2,17,0
37579.83297680877,1,18,0
37599.854203691706,0,18,0
37619.87543057464,1,18,0
37639.896657457575,0,15,0
37659.91788434051,0,21,0
37679.939111223444,2,18,0
37699.96033810638,0,21,0
37719.98156498931,0,22,0
37740.00279187225,0,10,0
37760.02401875518,0,12,0
37780.04524563812,0,11,0
37800.06647252105,1,19,0
37820.087699403986,0,24,0
37840.10892628692,0,12,0
37860.130153169855,0,12,0
37880.15138005279,0,15,0
37900.172606935725,1,16,0
37920.19383381866,0,16,0
37940.215060701594,0,23,0
37960.23628758453,0,11,0
37980.25751446746,0,11,0
38000.2787413504,0,22,0
38020.29996823333,1,16,0
38040.32119511627,0,17,0
38060.3424219992,0,22,0
38080.363648882136,0,15,0
38100.38487576507,0,12,0
38120.406102648005,0,12,0
38140.42732953094,0,14,0
38160.448556413874,0,19,0
38180.46978329681,0,13,0
38200.49101017974,0,12,0
38220.51223706268,0,23,0
38240.53346394561,0,25,0
38260.55469082855,0,16,0
38280.57591771148,0,14,0
38300.597144594416,1,18,0
38320.61837147735,0,19,0
38340.639598360285,0,22,0
38360.66082524322,0,17,0
38380.682052126154,0,19,0
38400.70327900909,0,14,0
38420.72450589202,1,18,0
38440.74573277496,1,15,0
38460.76695965789,0,18,0
38480.78818654083,0,16,0
38500.80941342376,1,16,0
38520.830640306696,0,14,0
38540.85186718963,0,14,0
38560.873094072565,0,12,0
38580.8943209555,0,15,0
38600.915547838435,0,7,0
38620.93677472137,0,9,0
38640.958001604304,0,15,0
38660.97922848724,0,18,0
38681.00045537017,0,19,0
38701.02168225311,0,8,0
38721.04290913604,0,17,0
38741.06413601898,0,13,0
38761.08536290191,0,18,0
38781.106589784846,0,10,0
38801.12781666778,1,16,0
38821.149043550715,0,15,0
38841.17027043365,0,8,0
38861.191497316584,0,10,0
38881.21272419952,0,17,0
38901.23395108245,0,26,0
38921.25517796539,0,9,0
38941.27640484832,0,14,0
38961.29763173126,0,29,0
38981.31885861419,1,19,0
39001.340085497126,0,16,0
39021.36131238006,0,9,0
39041.382539262995,0,19,0
39061.40376614593,1,11,0
39081.424993028864,0,9,0
39101.4462199118,1,14,0
39121.46744679473,0,20,0
39141.48867367767,1,26,0
39161.5099005606,0,17,0
39181.53112744354,0,16,0
39201.55235432647,0,12,0
39221.573581209406,1,14,0
39241.59480809234,0,19,0
39261.616034975275,0,16,0
39281.63726185821,0,15,0
39301.658488741145,1,16,0
39321.67971562408,0,19,0
39341.700942507014,0,15,0
39361.72216938995,0,15,0
39381.74339627288,0,17,0
39401.76462315582,0,18,0
39421.78585003875,0,21,0
39441.80707692169,0,13,0
39461.82830380462,0,15,0
39481.849530687556,0,15,0
39501.87075757049,0,17,0
39521.891984453425,2,8,0
39541.91321133636,0,14,0
39561.934438219294,0,17,0
39581.95566510223,0,10,0
39601.97689198516,0,9,0
39621.9981188681,0,11,0
39642.01934575103,0,9,0
39662.04057263397,0,8,0
39682.0617995169,1,19,0
39702.083026399836,1,10,0
39722.10425328277,0,19,0
39742.125480165705,0,18,0
39762.14670704864,0,9,0
39782.167933931574,0,10,0
39802.18916081451,0,12,0
39822.21038769744,0,8,0
39842.23161458038,0,15,0
39862.25284146331,0,17,0
39882.27406834625,0,16,0
39902.29529522918,0,12,0
39922.316522112116,0,10,0
39942.33774899505,0,12,0
39962.358975877985,0,14,0
39982.38020276092,0,12,0
40002.401429643854,0,13,0
40022.42265652679,0,16,0
40042.443883409724,1,14,0
40062.46511029266,0,16,0
40082.48633717559,0,13,0
40102.50756405853,0,10,0
40122.52879094146,0,8,0
40142.5500178244,1,11,0
40162.57124470733,0,15,0
40182.592471590266,0,14,0
40202.6136984732,0,7,0
40222.634925356135,0,10,0
40242.65615223907,0,14,0
40262.677379122004,0,17,0
40282.69860600494,0,13,0
40302.71983288787,0,15,0
40322.74105977081,0,10,0
40342.76228665374,0,9,0
40362.78351353668,0,13,0
40382.80474041961,0,11,0
40402.825967302546,0,13,0
40422.84719418548,0,7,0
40442.868421068415,2,11,0
40462.88964795135,0,12,0
40482.910874834284,0,7,0
40502.93210171722,0,14,0
40522.95332860015,0,17,0
40542.97455548309,0,13,0
40562.99578236602,0,11,0
40583.01700924896,0,16,0
40603.03823613189,0,11,0
40623.059463014826,0,12,0
40643.08068989776,0,12,0
40663.101916780695,0,17,0
40683.12314366363,0,13,0
40703.144370546564,0,21,0
40723.1655974295,0,20,0
40743.18682431243,0,15,0
40763.20805119537,0,20,0
40783.2292780783,0,14,0
40803.25050496124,0,17,0
40823.27173184417,0,10,0
40843.29295872711,0,13,0
40863.31418561004,0,15,0
40883.335412492976,0,12,0
40903.35663937591,1,9,0
40923.377866258845,0,15,0
40943.39909314178,0,14,0
40963.420320024714,0,14,0
40983.44154690765,0,12,0
